document_id,document_number,sentence
1745f676ca47ed15adecf84dba32d98ab5cc41c9bfef326b5010eedfe62319a2,37/2018/TT-BGTVT,việc quản lý công trình dân dụng được thực hiện theo quy định của pháp luật về công trình dân dụng
1745f676ca47ed15adecf84dba32d98ab5cc41c9bfef326b5010eedfe62319a2,37/2018/TT-BGTVT,việc quản lý công trình hạ tầng kỹ thuật đô thị được thực hiện theo quy định của pháp luật về công trình dân dụng
1745f676ca47ed15adecf84dba32d98ab5cc41c9bfef326b5010eedfe62319a2,37/2018/TT-BGTVT,việc quản lý công trình công nghiệp vật liệu xây dựng được thực hiện theo quy định của pháp luật
1745f676ca47ed15adecf84dba32d98ab5cc41c9bfef326b5010eedfe62319a2,37/2018/TT-BGTVT,việc quản lý công trình hạ tầng kỹ thuật đô thị được thực hiện theo quy định của pháp luật
793e8c0cd7a6e620e9952b844fad4c519cb3b5b312cfaf4e2c3330008cbd7f0c,37/2018/TT-BGTVT,việc quản lý các hạng mục công trình phải phù hợp với từng loại và cấp của hạng mục công trình
793e8c0cd7a6e620e9952b844fad4c519cb3b5b312cfaf4e2c3330008cbd7f0c,37/2018/TT-BGTVT,việc vận hành khai thác các hạng mục công trình phải phù hợp với từng loại và cấp của hạng mục công trình
793e8c0cd7a6e620e9952b844fad4c519cb3b5b312cfaf4e2c3330008cbd7f0c,37/2018/TT-BGTVT,việc bảo trì các hạng mục công trình phải phù hợp với từng loại và cấp của hạng mục công trình
aee5d7b5cf52423b7929d80bb72d4cdb0fd7724318fe13576b03d9dcf81085a0,37/2018/TT-BGTVT,"kiểm tra công trình đường bộ bao gồm kiểm tra theo quy chuẩn, tiêu chuẩn kỹ thuật, quy trình bảo trì được duyệt"
aee5d7b5cf52423b7929d80bb72d4cdb0fd7724318fe13576b03d9dcf81085a0,37/2018/TT-BGTVT,"kiểm tra công trình đường bộ bao gồm kiểm tra thường xuyên, định kỳ và đột xuất nhằm phát hiện các dấu hiệu xuống cấp, hư hỏng của công trình, thiết bị lắp đặt vào công trình"
aee5d7b5cf52423b7929d80bb72d4cdb0fd7724318fe13576b03d9dcf81085a0,37/2018/TT-BGTVT,kiểm tra công trình đường bộ làm cơ sở cho việc bảo trì công trình
af1dd8f9d04fbf43903435393857fb45ab614d57eee5b22d1bdccbb4e0419a17,37/2018/TT-BGTVT,quan trắc công trình đường bộ cần được thực hiện
af1dd8f9d04fbf43903435393857fb45ab614d57eee5b22d1bdccbb4e0419a17,37/2018/TT-BGTVT,các bộ phận công trình bao gồm các kết cấu chịu lực chính của công trình
af1dd8f9d04fbf43903435393857fb45ab614d57eee5b22d1bdccbb4e0419a17,37/2018/TT-BGTVT,các kết cấu chịu lực chính của công trình gồm kết cấu nhịp cầu
af1dd8f9d04fbf43903435393857fb45ab614d57eee5b22d1bdccbb4e0419a17,37/2018/TT-BGTVT,các kết cấu chịu lực chính của công trình gồm trụ tháp cầu treo
af1dd8f9d04fbf43903435393857fb45ab614d57eee5b22d1bdccbb4e0419a17,37/2018/TT-BGTVT,các kết cấu chịu lực chính của công trình gồm vỏ hầm
2f444973592db965e50fb7108a415382ddc27565a6734a4333ce5d7d42bb006d,37/2018/TT-BGTVT,nội dung này gồm các vị trí quan trắc
2f444973592db965e50fb7108a415382ddc27565a6734a4333ce5d7d42bb006d,37/2018/TT-BGTVT,nội dung này gồm các thông số quan trắc và giá trị giới hạn của các thông số này
2f444973592db965e50fb7108a415382ddc27565a6734a4333ce5d7d42bb006d,37/2018/TT-BGTVT,"các thông số gồm biến dạng nghiêng, lún, nứt, chuyển vị và võng"
2f444973592db965e50fb7108a415382ddc27565a6734a4333ce5d7d42bb006d,37/2018/TT-BGTVT,nội dung này gồm thời gian quan trắc
2f444973592db965e50fb7108a415382ddc27565a6734a4333ce5d7d42bb006d,37/2018/TT-BGTVT,nội dung này gồm số lượng chu kỳ đo
2f444973592db965e50fb7108a415382ddc27565a6734a4333ce5d7d42bb006d,37/2018/TT-BGTVT,nội dung này gồm các nội dung cần thiết khác
529d8eab8669243feef283222fb99b01c18fb3d0dc504cb3aea7275dd16c319d,37/2018/TT-BGTVT,"nhà thầu quan trắc phải lập phương án quan trắc, khối lượng và các yêu cầu cần quan trắc"
529d8eab8669243feef283222fb99b01c18fb3d0dc504cb3aea7275dd16c319d,37/2018/TT-BGTVT,"nhà thầu quan trắc phải lập phương án nhằm bảo đảm mục đích, yêu cầu của việc quan trắc"
529d8eab8669243feef283222fb99b01c18fb3d0dc504cb3aea7275dd16c319d,37/2018/TT-BGTVT,phương án quan trắc quy định về tổ chức thực hiện
529d8eab8669243feef283222fb99b01c18fb3d0dc504cb3aea7275dd16c319d,37/2018/TT-BGTVT,nhà thầu quan trắc phải thực hiện quan trắc theo phương án quan trắc được phê duyệt
529d8eab8669243feef283222fb99b01c18fb3d0dc504cb3aea7275dd16c319d,37/2018/TT-BGTVT,"nhà thầu quan trắc phải báo cáo người quản lý, sử dụng công trình đường bộ về kết quả quan trắc"
529d8eab8669243feef283222fb99b01c18fb3d0dc504cb3aea7275dd16c319d,37/2018/TT-BGTVT,"số liệu quan trắc phải được so sánh, đánh giá với giá trị giới hạn do nhà thầu thiết kế xây dựng công trình quy định"
529d8eab8669243feef283222fb99b01c18fb3d0dc504cb3aea7275dd16c319d,37/2018/TT-BGTVT,"số liệu quan trắc phải được so sánh, đánh giá với quy chuẩn kỹ thuật, tiêu chuẩn áp dụng"
529d8eab8669243feef283222fb99b01c18fb3d0dc504cb3aea7275dd16c319d,37/2018/TT-BGTVT,"người quản lý, sử dụng công trình đường bộ phải tổ chức đánh giá an toàn chịu lực công trình khi số liệu quan trắc vượt giá trị giới hạn cho phép"
529d8eab8669243feef283222fb99b01c18fb3d0dc504cb3aea7275dd16c319d,37/2018/TT-BGTVT,"người quản lý, sử dụng công trình đường bộ phải tổ chức đánh giá an toàn vận hành công trình khi số liệu quan trắc vượt giá trị giới hạn cho phép"
529d8eab8669243feef283222fb99b01c18fb3d0dc504cb3aea7275dd16c319d,37/2018/TT-BGTVT,"người quản lý, sử dụng công trình đường bộ phải tổ chức đánh giá an toàn chịu lực công trình khi số liệu quan trắc có dấu hiệu bất thường"
529d8eab8669243feef283222fb99b01c18fb3d0dc504cb3aea7275dd16c319d,37/2018/TT-BGTVT,"người quản lý, sử dụng công trình đường bộ phải tổ chức đánh giá an toàn vận hành công trình khi số liệu quan trắc có dấu hiệu bất thường"
529d8eab8669243feef283222fb99b01c18fb3d0dc504cb3aea7275dd16c319d,37/2018/TT-BGTVT,"người quản lý, sử dụng công trình đường bộ phải có biện pháp xử lý kịp thời trong quá trình khai thác, sử dụng công trình"
9e4dd5ed1c84d5db68d84a7d4eb2cfc5b5b52dbab7f896877694538c8d301bca,37/2018/TT-BGTVT,"kiểm định xây dựng công trình đường bộ là hoạt động đánh giá chất lượng sản phẩm xây dựng, bộ phận công trình đường bộ hoặc công trình đường bộ"
9e4dd5ed1c84d5db68d84a7d4eb2cfc5b5b52dbab7f896877694538c8d301bca,37/2018/TT-BGTVT,"kiểm định xây dựng công trình đường bộ là hoạt động kiểm tra nguyên nhân hư hỏng sản phẩm xây dựng, bộ phận công trình đường bộ hoặc công trình đường bộ"
9e4dd5ed1c84d5db68d84a7d4eb2cfc5b5b52dbab7f896877694538c8d301bca,37/2018/TT-BGTVT,"kiểm định xây dựng công trình đường bộ được thực hiện thông qua quan trắc, thí nghiệm kết hợp với việc tính toán, phân tích"
9e4dd5ed1c84d5db68d84a7d4eb2cfc5b5b52dbab7f896877694538c8d301bca,37/2018/TT-BGTVT,kiểm định chất lượng công trình phục vụ công tác bảo trì được thực hiện trong các trường hợp theo quy định
9e4dd5ed1c84d5db68d84a7d4eb2cfc5b5b52dbab7f896877694538c8d301bca,37/2018/TT-BGTVT,kiểm định chất lượng công trình phục vụ công tác bảo trì được thực hiện trong trường hợp kiểm định định kỳ
3747dfb7ebd92ab3558d89e957ad6c1c5adf154c15975b2c69528a7311b115fe,37/2018/TT-BGTVT,"kiểm định xây dựng công trình đường bộ là hoạt động kiểm tra, đánh giá chất lượng sản phẩm xây dựng, bộ phận công trình đường bộ hoặc công trình đường bộ"
3747dfb7ebd92ab3558d89e957ad6c1c5adf154c15975b2c69528a7311b115fe,37/2018/TT-BGTVT,"hoạt động kiểm định xây dựng công trình đường bộ bao gồm kiểm tra nguyên nhân hư hỏng sản phẩm xây dựng, bộ phận công trình đường bộ hoặc công trình đường bộ"
3747dfb7ebd92ab3558d89e957ad6c1c5adf154c15975b2c69528a7311b115fe,37/2018/TT-BGTVT,"kiểm định xây dựng công trình đường bộ còn bao gồm đánh giá giá trị sản phẩm xây dựng, bộ phận công trình đường bộ hoặc công trình đường bộ"
3747dfb7ebd92ab3558d89e957ad6c1c5adf154c15975b2c69528a7311b115fe,37/2018/TT-BGTVT,"kiểm định xây dựng công trình đường bộ còn kiểm tra các thông số kỹ thuật khác của sản phẩm xây dựng, bộ phận công trình đường bộ hoặc công trình đường bộ"
3747dfb7ebd92ab3558d89e957ad6c1c5adf154c15975b2c69528a7311b115fe,37/2018/TT-BGTVT,"hoạt động kiểm định xây dựng công trình đường bộ thực hiện thông qua quan trắc, thí nghiệm kết hợp với việc tính toán, phân tích"
3747dfb7ebd92ab3558d89e957ad6c1c5adf154c15975b2c69528a7311b115fe,37/2018/TT-BGTVT,kiểm định chất lượng công trình phục vụ công tác bảo trì được thực hiện khi phát hiện thấy chất lượng công trình có những hư hỏng của một số bộ phận công trình
3747dfb7ebd92ab3558d89e957ad6c1c5adf154c15975b2c69528a7311b115fe,37/2018/TT-BGTVT,kiểm định chất lượng công trình phục vụ công tác bảo trì được thực hiện khi công trình có dấu hiệu nguy hiểm
3747dfb7ebd92ab3558d89e957ad6c1c5adf154c15975b2c69528a7311b115fe,37/2018/TT-BGTVT,"kiểm định chất lượng công trình phục vụ công tác bảo trì được thực hiện khi công trình không đảm bảo an toàn cho việc khai thác, sử dụng theo quy định tại điểm b khoản 5 điều 40 nghị định số 46/2015/nđ-cp"
3747dfb7ebd92ab3558d89e957ad6c1c5adf154c15975b2c69528a7311b115fe,37/2018/TT-BGTVT,kiểm định chất lượng công trình phục vụ công tác bảo trì được thực hiện khi có dấu hiệu bất thường khác cần đánh giá về an toàn chịu lực công trình đường bộ
3747dfb7ebd92ab3558d89e957ad6c1c5adf154c15975b2c69528a7311b115fe,37/2018/TT-BGTVT,kiểm định chất lượng công trình phục vụ công tác bảo trì được thực hiện khi có dấu hiệu bất thường khác cần đánh giá an toàn vận hành khai thác công trình đường bộ
a6fa422cfee543ddea9c7c67cf0d75928bbb40b6393cb0d6c1d761bf8a6856ab,37/2018/TT-BGTVT,"kiểm định xây dựng công trình đường bộ là hoạt động kiểm tra, đánh giá chất lượng hoặc nguyên nhân hư hỏng của sản phẩm xây dựng, bộ phận công trình đường bộ hoặc công trình đường bộ"
a6fa422cfee543ddea9c7c67cf0d75928bbb40b6393cb0d6c1d761bf8a6856ab,37/2018/TT-BGTVT,"việc kiểm định xây dựng công trình đường bộ được thực hiện thông qua quan trắc, thí nghiệm kết hợp với việc tính toán, phân tích"
a6fa422cfee543ddea9c7c67cf0d75928bbb40b6393cb0d6c1d761bf8a6856ab,37/2018/TT-BGTVT,kiểm định chất lượng công trình phục vụ công tác bảo trì được thực hiện trong các trường hợp có yêu cầu đánh giá chất lượng hiện trạng của công trình phục vụ cho việc lập quy trình bảo trì
30cb6e7b56eff04497a54e8e6557023e2a65825c3b661c202abc2989e5390ea4,37/2018/TT-BGTVT,"hoạt động kiểm định được thực hiện thông qua quan trắc, thí nghiệm kết hợp với việc tính toán, phân tích"
30cb6e7b56eff04497a54e8e6557023e2a65825c3b661c202abc2989e5390ea4,37/2018/TT-BGTVT,kiểm định chất lượng công trình phục vụ công tác bảo trì được thực hiện trong các trường hợp sau
30cb6e7b56eff04497a54e8e6557023e2a65825c3b661c202abc2989e5390ea4,37/2018/TT-BGTVT,việc kiểm định được thực hiện khi cần có cơ sở để quyết định việc kéo dài thời hạn sử dụng của công trình đối với các công trình đã hết tuổi thọ thiết kế
30cb6e7b56eff04497a54e8e6557023e2a65825c3b661c202abc2989e5390ea4,37/2018/TT-BGTVT,"việc kiểm định được thực hiện khi cần làm cơ sở cho việc cải tạo, nâng cấp công trình theo quy định tại điểm d khoản 5 điều 40 nghị định số 46/2015/nđ-cp"
2eacac0aa65cc2857b10cc8532f4ae8b8d6e11ffef99bd8c1be9aa410da4dc4f,37/2018/TT-BGTVT,"kiểm định xây dựng công trình đường bộ là hoạt động kiểm tra, đánh giá chất lượng sản phẩm xây dựng, bộ phận công trình đường bộ hoặc công trình đường bộ"
2eacac0aa65cc2857b10cc8532f4ae8b8d6e11ffef99bd8c1be9aa410da4dc4f,37/2018/TT-BGTVT,"hoạt động kiểm định đánh giá nguyên nhân hư hỏng, giá trị, thời hạn sử dụng và các thông số kỹ thuật khác của sản phẩm xây dựng, bộ phận công trình đường bộ hoặc công trình đường bộ"
2eacac0aa65cc2857b10cc8532f4ae8b8d6e11ffef99bd8c1be9aa410da4dc4f,37/2018/TT-BGTVT,"hoạt động kiểm định được thực hiện thông qua quan trắc, thí nghiệm kết hợp với việc tính toán, phân tích"
2eacac0aa65cc2857b10cc8532f4ae8b8d6e11ffef99bd8c1be9aa410da4dc4f,37/2018/TT-BGTVT,kiểm định chất lượng công trình phục vụ công tác bảo trì được thực hiện khi có yêu cầu của cơ quan quản lý nhà nước về xây dựng
2eacac0aa65cc2857b10cc8532f4ae8b8d6e11ffef99bd8c1be9aa410da4dc4f,37/2018/TT-BGTVT,việc yêu cầu này được thực hiện theo quy định tại điểm đ khoản 5 điều 40 nghị định số 46/2015/nđ-cp
e51a885cfbf47b57c3e8b99101a6031485a758489af63df476960c96174f536e,37/2018/TT-BGTVT,sửa chữa công trình đường bộ nhằm đảm bảo sự làm việc bình thường và an toàn của công trình đường bộ
e51a885cfbf47b57c3e8b99101a6031485a758489af63df476960c96174f536e,37/2018/TT-BGTVT,sửa chữa công trình đường bộ bao gồm sửa chữa định kỳ công trình đường bộ
e51a885cfbf47b57c3e8b99101a6031485a758489af63df476960c96174f536e,37/2018/TT-BGTVT,sửa chữa định kỳ công trình đường bộ bao gồm sửa chữa hư hỏng hoặc thay thế bộ phận công trình
e51a885cfbf47b57c3e8b99101a6031485a758489af63df476960c96174f536e,37/2018/TT-BGTVT,sửa chữa định kỳ công trình đường bộ bao gồm thay thế thiết bị lắp đặt vào công trình bị hư hỏng
e51a885cfbf47b57c3e8b99101a6031485a758489af63df476960c96174f536e,37/2018/TT-BGTVT,sửa chữa định kỳ công trình đường bộ được thực hiện định kỳ theo quy định của quy trình bảo trì
6cd2bc2d5ba2114869a1418170778432879dfa5c9f66f22f747555101b002631,37/2018/TT-BGTVT,"các hoạt động sửa chữa nhằm đảm bảo sự làm việc bình thường, an toàn của công trình đường bộ"
6cd2bc2d5ba2114869a1418170778432879dfa5c9f66f22f747555101b002631,37/2018/TT-BGTVT,sửa chữa công trình đường bộ bao gồm sửa chữa đột xuất công trình đường bộ
6cd2bc2d5ba2114869a1418170778432879dfa5c9f66f22f747555101b002631,37/2018/TT-BGTVT,"sửa chữa đột xuất công trình đường bộ được thực hiện khi bộ phận công trình hoặc công trình bị hư hỏng do chịu tác động đột xuất như gió, bão, lũ lụt, động đất, va đập, cháy và những tác động đột xuất khác"
6cd2bc2d5ba2114869a1418170778432879dfa5c9f66f22f747555101b002631,37/2018/TT-BGTVT,"việc sửa chữa đột xuất do bão, lũ, lụt được thực hiện theo quy định của bộ trưởng bộ giao thông vận tải về phòng, chống, khắc phục hậu quả bão, lũ, lụt trong ngành đường bộ"
b3a98a2d22089093a654be1af49412aa37d7818299425b9dafed2e74acbd2eda,37/2018/TT-BGTVT,tổng cục đường bộ việt nam chịu trách nhiệm bảo đảm giao thông an toàn và thông suốt
b3a98a2d22089093a654be1af49412aa37d7818299425b9dafed2e74acbd2eda,37/2018/TT-BGTVT,tổng cục đường bộ việt nam chịu trách nhiệm bảo đảm quy định của quy trình bảo trì được giao
b3a98a2d22089093a654be1af49412aa37d7818299425b9dafed2e74acbd2eda,37/2018/TT-BGTVT,tổng cục đường bộ việt nam chịu trách nhiệm bảo đảm quy định của quy trình vận hành khai thác được giao
b3a98a2d22089093a654be1af49412aa37d7818299425b9dafed2e74acbd2eda,37/2018/TT-BGTVT,tổng cục đường bộ việt nam chịu trách nhiệm bảo đảm quy định của tiêu chuẩn và quy chuẩn kỹ thuật được giao
b3a98a2d22089093a654be1af49412aa37d7818299425b9dafed2e74acbd2eda,37/2018/TT-BGTVT,tổng cục đường bộ việt nam chịu trách nhiệm bảo đảm quy định của kế hoạch bảo trì được giao
16685cd305f4ed1aa788126fe975ec7a5fac4282a9117df7ea75895fdc0c02a1,37/2018/TT-BGTVT,tổng cục đường bộ việt nam thực hiện đảm bảo giao thông bước 1 theo quy định của bộ trưởng bộ giao thông vận tải về phòng chống lụt bão trong ngành đường bộ
7a96df5730ffcd31ef35775dc3c147cde57a574b6bf1177e9aa18168c585a932,37/2018/TT-BGTVT,"việc thực hiện quản lý, khai thác và bảo trì công trình đường bộ bảo đảm giao thông an toàn"
7a96df5730ffcd31ef35775dc3c147cde57a574b6bf1177e9aa18168c585a932,37/2018/TT-BGTVT,"việc thực hiện quản lý, khai thác và bảo trì công trình đường bộ bảo đảm giao thông thông suốt"
769caab081ae80c09e9ced18bc98ccfddf7407e3f58865bb11e412520d7b40da,37/2018/TT-BGTVT,"doanh nghiệp bảo đảm giao thông an toàn, thông suốt và đúng quy định của pháp luật"
11e98864d90f5fbfc4eaf14b56e0a8ead15805ca394fc347863e81254ac7c407,37/2018/TT-BGTVT,nhà thầu thiết kế kỹ thuật áp dụng đối với công trình thiết kế 3 bước
7e0733d5dfbba66526500baeefe6005dabb72b8c5492be472862110e03b930b2,37/2018/TT-BGTVT,hồ sơ thiết kế bao gồm hồ sơ thiết kế điều chỉnh nếu có
dde3ac0eecfce1dd024d484ec23f23f3801dff7279a8b40a952a424287a69097,37/2018/TT-BGTVT,căn cứ lập quy trình bảo trì công trình đường bộ bao gồm lắp đặt thiết bị vào công trình
e73053719f947d49f029f1781ae1d8c75e69a3243c8d86cccdda70526edc3897,37/2018/TT-BGTVT,"đối với các dự án đầu tư xây dựng mới, cải tạo, nâng cấp, mở rộng công trình đường bộ, việc phê duyệt quy trình bảo trì được thực hiện như sau"
b084956568b92f9a785bf1398abec60fd45df2f86221a5f138ff2cfbec302bc7,37/2018/TT-BGTVT,"đối với các công trình đã đưa vào khai thác quy định tại khoản 2 điều 6, thẩm quyền phê duyệt được xác định như sau"
254631e6c4af7f04159a7be7f47851a8e68c67bda938eab4bbe5f1c3b418efca,37/2018/TT-BGTVT,"đối với các công trình đã đưa vào khai thác quy định tại khoản 2 điều 6, thẩm quyền phê duyệt như sau"
d81b9e85d98f756eefc3910910fdb6a5873ec0ce565eb21b8a1c78666820cafc,37/2018/TT-BGTVT,"đối với các công trình đã đưa vào khai thác quy định tại khoản 2 điều 6, thẩm quyền phê duyệt được xác định"
3b7ff9a36bec8ae950185cac5efb2f7c9b4fc5c2fd59267600da2b46fcc5a6f9,37/2018/TT-BGTVT,"nhà thầu thực hiện sửa đổi, bổ sung quy trình bảo trì phải chịu trách nhiệm về chất lượng công việc do nhà thầu đó thực hiện"
7c9c85f81e7b08e480f87c92a5f831d1cabce8249990e5214e726fc022839c24,37/2018/TT-BGTVT,"các chỉ dẫn, hướng dẫn nhằm bảo đảm cho việc khai thác công trình đúng công suất, công năng"
7c9c85f81e7b08e480f87c92a5f831d1cabce8249990e5214e726fc022839c24,37/2018/TT-BGTVT,"các chỉ dẫn, hướng dẫn nhằm bảo đảm an toàn công trình"
c6ad6b1168459026180bd85f44eb4d8670230e667f486cb8c699629fe08e192a,37/2018/TT-BGTVT,"quy trình vận hành khai thác công trình đường bộ phải có các quy định về an toàn, cứu hộ, phòng chống cháy nổ và các nội dung khác có liên quan"
0d9886ff3da1aa3a1fb93ac9fd64ca50a7c7c4a75bd321bebf237faf692f3ab5,37/2018/TT-BGTVT,căn cứ lập quy trình khai thác gồm sổ tay
0d9886ff3da1aa3a1fb93ac9fd64ca50a7c7c4a75bd321bebf237faf692f3ab5,37/2018/TT-BGTVT,căn cứ lập quy trình khai thác gồm tài liệu hướng dẫn
0d9886ff3da1aa3a1fb93ac9fd64ca50a7c7c4a75bd321bebf237faf692f3ab5,37/2018/TT-BGTVT,căn cứ lập quy trình khai thác gồm đào tạo vận hành thiết bị
0d9886ff3da1aa3a1fb93ac9fd64ca50a7c7c4a75bd321bebf237faf692f3ab5,37/2018/TT-BGTVT,căn cứ lập quy trình khai thác gồm đào tạo vận hành công trình
d61c4aa11c23e75b8e8730cba111269ac63bd83827bb7784831c8ff9ded02262,37/2018/TT-BGTVT,quy trình khai thác được lập căn cứ vào các nội dung cần thiết khác
907f268443fcdb0ab8f188b9711448f4c4c210bcb4995256dfbe363dbcd0c529,37/2018/TT-BGTVT,các tài liệu phục vụ quản lý công trình đường bộ bao gồm báo cáo nghiên cứu khả thi đầu tư xây dựng hoặc báo cáo kinh tế - kỹ thuật đầu tư xây dựng
907f268443fcdb0ab8f188b9711448f4c4c210bcb4995256dfbe363dbcd0c529,37/2018/TT-BGTVT,các tài liệu phục vụ quản lý công trình đường bộ bao gồm duyệt thiết kế kỹ thuật
907f268443fcdb0ab8f188b9711448f4c4c210bcb4995256dfbe363dbcd0c529,37/2018/TT-BGTVT,các tài liệu phục vụ quản lý công trình đường bộ bao gồm thiết kế bản vẽ thi công
907f268443fcdb0ab8f188b9711448f4c4c210bcb4995256dfbe363dbcd0c529,37/2018/TT-BGTVT,các tài liệu phục vụ quản lý công trình đường bộ bao gồm các biên bản nghiệm thu có liên quan đến dự án đầu tư xây dựng
907f268443fcdb0ab8f188b9711448f4c4c210bcb4995256dfbe363dbcd0c529,37/2018/TT-BGTVT,các tài liệu phục vụ quản lý công trình đường bộ bao gồm biên bản nghiệm thu hoàn thành công trình đưa vào khai thác sử dụng
907f268443fcdb0ab8f188b9711448f4c4c210bcb4995256dfbe363dbcd0c529,37/2018/TT-BGTVT,các tài liệu phục vụ quản lý công trình đường bộ bao gồm nhiệm vụ khảo sát
907f268443fcdb0ab8f188b9711448f4c4c210bcb4995256dfbe363dbcd0c529,37/2018/TT-BGTVT,các tài liệu phục vụ quản lý công trình đường bộ bao gồm báo cáo kết quả khảo sát xây dựng công trình
907f268443fcdb0ab8f188b9711448f4c4c210bcb4995256dfbe363dbcd0c529,37/2018/TT-BGTVT,các tài liệu phục vụ quản lý công trình đường bộ bao gồm các kết quả quan trắc
907f268443fcdb0ab8f188b9711448f4c4c210bcb4995256dfbe363dbcd0c529,37/2018/TT-BGTVT,các tài liệu phục vụ quản lý công trình đường bộ bao gồm các kết quả đo đạc
907f268443fcdb0ab8f188b9711448f4c4c210bcb4995256dfbe363dbcd0c529,37/2018/TT-BGTVT,các tài liệu phục vụ quản lý công trình đường bộ bao gồm thí nghiệm khả năng chịu lực kết cấu công trình trong quá trình thi công (nếu có)
907f268443fcdb0ab8f188b9711448f4c4c210bcb4995256dfbe363dbcd0c529,37/2018/TT-BGTVT,các tài liệu phục vụ quản lý công trình đường bộ bao gồm danh mục các thiết bị
907f268443fcdb0ab8f188b9711448f4c4c210bcb4995256dfbe363dbcd0c529,37/2018/TT-BGTVT,các tài liệu phục vụ quản lý công trình đường bộ bao gồm danh mục phụ tùng
907f268443fcdb0ab8f188b9711448f4c4c210bcb4995256dfbe363dbcd0c529,37/2018/TT-BGTVT,các tài liệu phục vụ quản lý công trình đường bộ bao gồm danh mục vật tư dự trữ
68ea09adafa74554817c866e8abec62637cec037e81ea776db44a09365ea09bb,37/2018/TT-BGTVT,các tài liệu phục vụ quản lý công trình đường bộ bao gồm thiết kế bản vẽ thi công đã được chủ đầu tư xác nhận
68ea09adafa74554817c866e8abec62637cec037e81ea776db44a09365ea09bb,37/2018/TT-BGTVT,các tài liệu phục vụ vận hành khai thác công trình đường bộ bao gồm thiết kế bản vẽ thi công đã được chủ đầu tư xác nhận
68ea09adafa74554817c866e8abec62637cec037e81ea776db44a09365ea09bb,37/2018/TT-BGTVT,các tài liệu phục vụ bảo trì công trình đường bộ bao gồm thiết kế bản vẽ thi công đã được chủ đầu tư xác nhận
68ea09adafa74554817c866e8abec62637cec037e81ea776db44a09365ea09bb,37/2018/TT-BGTVT,thiết kế bản vẽ thi công đã được chủ đầu tư xác nhận có danh mục kèm theo
68ea09adafa74554817c866e8abec62637cec037e81ea776db44a09365ea09bb,37/2018/TT-BGTVT,các tài liệu phục vụ quản lý công trình đường bộ bao gồm các thay đổi thiết kế trong quá trình thi công
68ea09adafa74554817c866e8abec62637cec037e81ea776db44a09365ea09bb,37/2018/TT-BGTVT,các tài liệu phục vụ vận hành khai thác công trình đường bộ bao gồm các thay đổi thiết kế trong quá trình thi công
68ea09adafa74554817c866e8abec62637cec037e81ea776db44a09365ea09bb,37/2018/TT-BGTVT,các tài liệu phục vụ bảo trì công trình đường bộ bao gồm các thay đổi thiết kế trong quá trình thi công
3ca6be012b0532b5f6beb292a7ec3921548f25d6c795cf38fad45a8366a2fc56,37/2018/TT-BGTVT,các tài liệu phục vụ quản lý công trình đường bộ gồm bản vẽ hoàn công
3ca6be012b0532b5f6beb292a7ec3921548f25d6c795cf38fad45a8366a2fc56,37/2018/TT-BGTVT,"các tài liệu phục vụ vận hành khai thác công trình đường bộ gồm mốc cao độ, tọa độ nếu có"
b9baea26a19724a5474d7ed91768c127fd0e0e7a36907f559f329cd99f5be3f2,37/2018/TT-BGTVT,các tài liệu phục vụ quản lý công trình đường bộ bao gồm hồ sơ thiết bị
b9baea26a19724a5474d7ed91768c127fd0e0e7a36907f559f329cd99f5be3f2,37/2018/TT-BGTVT,các tài liệu phục vụ quản lý công trình đường bộ bao gồm lý lịch thiết bị
b9baea26a19724a5474d7ed91768c127fd0e0e7a36907f559f329cd99f5be3f2,37/2018/TT-BGTVT,các tài liệu phục vụ vận hành khai thác công trình đường bộ bao gồm hồ sơ thiết bị công nghệ
b9baea26a19724a5474d7ed91768c127fd0e0e7a36907f559f329cd99f5be3f2,37/2018/TT-BGTVT,các tài liệu phục vụ vận hành khai thác công trình đường bộ bao gồm các tài liệu hướng dẫn sử dụng thiết bị lắp đặt vào công trình
b9baea26a19724a5474d7ed91768c127fd0e0e7a36907f559f329cd99f5be3f2,37/2018/TT-BGTVT,các tài liệu phục vụ vận hành khai thác công trình đường bộ bao gồm các tài liệu hướng dẫn vận hành thiết bị lắp đặt vào công trình
b9baea26a19724a5474d7ed91768c127fd0e0e7a36907f559f329cd99f5be3f2,37/2018/TT-BGTVT,các tài liệu phục vụ bảo trì công trình đường bộ bao gồm các tài liệu hướng dẫn vận hành dây chuyền công nghệ lắp đặt vào công trình
af2fe6665ce10bd565da85fa2dc6ebd26930bd232d08cb75f668f0ca75004a89,37/2018/TT-BGTVT,các tài liệu phục vụ quản lý công trình đường bộ bao gồm hồ sơ cọc mốc đã đền bù giải phóng mặt bằng thực tế
af2fe6665ce10bd565da85fa2dc6ebd26930bd232d08cb75f668f0ca75004a89,37/2018/TT-BGTVT,các tài liệu phục vụ quản lý công trình đường bộ bao gồm hệ thống cọc mốc hành lang an toàn đường bộ và mốc đất của đường bộ
2bfa75879b6d761e5c5a71cba52695114cebaaa807625ad79e56b206302bee71,37/2018/TT-BGTVT,các tài liệu phục vụ vận hành khai thác công trình đường bộ bao gồm quy trình khai thác công trình đường bộ
e71fa9434e05e9855c0d11415f83b68e7a0812018382f91b88b54abd83970d08,37/2018/TT-BGTVT,các tài liệu phục vụ quản lý công trình đường bộ bao gồm hồ sơ tài liệu về tổ chức giao thông nếu có
e71fa9434e05e9855c0d11415f83b68e7a0812018382f91b88b54abd83970d08,37/2018/TT-BGTVT,các tài liệu phục vụ vận hành khai thác công trình đường bộ bao gồm hồ sơ tài liệu về tổ chức giao thông nếu có
e71fa9434e05e9855c0d11415f83b68e7a0812018382f91b88b54abd83970d08,37/2018/TT-BGTVT,các tài liệu phục vụ bảo trì công trình đường bộ bao gồm hồ sơ tài liệu về tổ chức giao thông nếu có
947e5bd0def72cd468fa863c9b477f3f4cc3ba4d1374c582f61a860748c9ec73,37/2018/TT-BGTVT,các tài liệu phục vụ quản lý công trình đường bộ bao gồm hồ sơ trạng thái ban đầu của các công trình cầu
947e5bd0def72cd468fa863c9b477f3f4cc3ba4d1374c582f61a860748c9ec73,37/2018/TT-BGTVT,các tài liệu phục vụ vận hành khai thác các công trình đường bộ bao gồm hồ sơ trạng thái ban đầu của các công trình cầu
947e5bd0def72cd468fa863c9b477f3f4cc3ba4d1374c582f61a860748c9ec73,37/2018/TT-BGTVT,các tài liệu phục vụ bảo trì công trình đường bộ bao gồm hồ sơ trạng thái ban đầu của các công trình cầu
947e5bd0def72cd468fa863c9b477f3f4cc3ba4d1374c582f61a860748c9ec73,37/2018/TT-BGTVT,các tài liệu phục vụ quản lý công trình đường bộ bao gồm hồ sơ trạng thái ban đầu của các công trình hầm nếu có
947e5bd0def72cd468fa863c9b477f3f4cc3ba4d1374c582f61a860748c9ec73,37/2018/TT-BGTVT,các tài liệu phục vụ vận hành khai thác các công trình đường bộ bao gồm hồ sơ trạng thái ban đầu của các công trình hầm nếu có
947e5bd0def72cd468fa863c9b477f3f4cc3ba4d1374c582f61a860748c9ec73,37/2018/TT-BGTVT,các tài liệu phục vụ bảo trì công trình đường bộ bao gồm hồ sơ trạng thái ban đầu của các công trình hầm nếu có
c2d5a49a833d83d4b2a702623391cdf4ad21471b2c4a6241d5eec9b9fb40c911,37/2018/TT-BGTVT,các tài liệu phục vụ bảo trì công trình đường bộ bao gồm bình đồ duỗi thẳng
c2d5a49a833d83d4b2a702623391cdf4ad21471b2c4a6241d5eec9b9fb40c911,37/2018/TT-BGTVT,các tài liệu phục vụ quản lý công trình đường bộ bao gồm các tài liệu thống kê báo cáo tình hình khai thác công trình đường bộ
c2d5a49a833d83d4b2a702623391cdf4ad21471b2c4a6241d5eec9b9fb40c911,37/2018/TT-BGTVT,các tài liệu phục vụ quản lý công trình đường bộ bao gồm các băng ghi hình về tình trạng công trình
c2d5a49a833d83d4b2a702623391cdf4ad21471b2c4a6241d5eec9b9fb40c911,37/2018/TT-BGTVT,các tài liệu phục vụ quản lý công trình đường bộ bao gồm các đĩa ghi hình về tình trạng công trình
c2d5a49a833d83d4b2a702623391cdf4ad21471b2c4a6241d5eec9b9fb40c911,37/2018/TT-BGTVT,các tài liệu phục vụ quản lý công trình đường bộ bao gồm các ảnh chụp về tình trạng công trình
8d0f96f16d94ec319de5b0655ae2d5995fb9be21e1bf1b0b0328a509f799d253,37/2018/TT-BGTVT,các tài liệu phục vụ quản lý công trình đường bộ bao gồm các biên bản
8d0f96f16d94ec319de5b0655ae2d5995fb9be21e1bf1b0b0328a509f799d253,37/2018/TT-BGTVT,các tài liệu phục vụ quản lý công trình đường bộ bao gồm các văn bản xử lý vi phạm hành lang an toàn đường bộ
8d0f96f16d94ec319de5b0655ae2d5995fb9be21e1bf1b0b0328a509f799d253,37/2018/TT-BGTVT,các tài liệu phục vụ quản lý công trình đường bộ bao gồm các văn bản xử lý vi phạm kết cấu hạ tầng giao thông đường bộ nếu có
8d0f96f16d94ec319de5b0655ae2d5995fb9be21e1bf1b0b0328a509f799d253,37/2018/TT-BGTVT,các tài liệu phục vụ vận hành khai thác công trình đường bộ bao gồm các biên bản
8d0f96f16d94ec319de5b0655ae2d5995fb9be21e1bf1b0b0328a509f799d253,37/2018/TT-BGTVT,các tài liệu phục vụ vận hành khai thác công trình đường bộ bao gồm các văn bản xử lý vi phạm hành lang an toàn đường bộ
8d0f96f16d94ec319de5b0655ae2d5995fb9be21e1bf1b0b0328a509f799d253,37/2018/TT-BGTVT,các tài liệu phục vụ vận hành khai thác công trình đường bộ bao gồm các văn bản xử lý vi phạm kết cấu hạ tầng giao thông đường bộ nếu có
8d0f96f16d94ec319de5b0655ae2d5995fb9be21e1bf1b0b0328a509f799d253,37/2018/TT-BGTVT,các tài liệu phục vụ bảo trì công trình đường bộ bao gồm các biên bản
8d0f96f16d94ec319de5b0655ae2d5995fb9be21e1bf1b0b0328a509f799d253,37/2018/TT-BGTVT,các tài liệu phục vụ bảo trì công trình đường bộ bao gồm các văn bản xử lý vi phạm hành lang an toàn đường bộ
8d0f96f16d94ec319de5b0655ae2d5995fb9be21e1bf1b0b0328a509f799d253,37/2018/TT-BGTVT,các tài liệu phục vụ bảo trì công trình đường bộ bao gồm các văn bản xử lý vi phạm kết cấu hạ tầng giao thông đường bộ nếu có
6722f97a3f5e66138fa8aba93522326f2d3f7bf86113a8be6ee3e7630705a4b2,37/2018/TT-BGTVT,các tài liệu phục vụ quản lý công trình đường bộ bao gồm các tài liệu liên quan đến kiểm tra công trình đường bộ
6722f97a3f5e66138fa8aba93522326f2d3f7bf86113a8be6ee3e7630705a4b2,37/2018/TT-BGTVT,các tài liệu phục vụ vận hành khai thác công trình đường bộ bao gồm các tài liệu liên quan đến kiểm định công trình đường bộ
6722f97a3f5e66138fa8aba93522326f2d3f7bf86113a8be6ee3e7630705a4b2,37/2018/TT-BGTVT,các tài liệu phục vụ khai thác công trình đường bộ bao gồm các tài liệu liên quan đến quan trắc công trình đường bộ
6722f97a3f5e66138fa8aba93522326f2d3f7bf86113a8be6ee3e7630705a4b2,37/2018/TT-BGTVT,các tài liệu phục vụ bảo trì công trình đường bộ bao gồm các tài liệu liên quan đến sửa chữa công trình đường bộ
6722f97a3f5e66138fa8aba93522326f2d3f7bf86113a8be6ee3e7630705a4b2,37/2018/TT-BGTVT,các tài liệu phục vụ quản lý công trình đường bộ bao gồm các tài liệu liên quan đến các công việc khác liên quan đến quản lý công trình đường bộ
6722f97a3f5e66138fa8aba93522326f2d3f7bf86113a8be6ee3e7630705a4b2,37/2018/TT-BGTVT,các tài liệu phục vụ vận hành khai thác công trình đường bộ bao gồm các tài liệu liên quan đến các công việc khác liên quan đến vận hành khai thác công trình đường bộ
6722f97a3f5e66138fa8aba93522326f2d3f7bf86113a8be6ee3e7630705a4b2,37/2018/TT-BGTVT,các tài liệu phục vụ bảo trì công trình đường bộ bao gồm các tài liệu liên quan đến các công việc khác liên quan đến bảo trì công trình đường bộ
19da818e93e03ca31ba78edebe14820ec1faef491f5f0ca5c1be18af94b00ef2,37/2018/TT-BGTVT,bên giao phải kiểm tra xác định tình trạng hồ sơ bàn giao khi bàn giao hồ sơ
19da818e93e03ca31ba78edebe14820ec1faef491f5f0ca5c1be18af94b00ef2,37/2018/TT-BGTVT,bên nhận phải kiểm tra xác định tình trạng hồ sơ bàn giao khi bàn giao hồ sơ
19da818e93e03ca31ba78edebe14820ec1faef491f5f0ca5c1be18af94b00ef2,37/2018/TT-BGTVT,bên giao phải lập danh mục hồ sơ bàn giao khi bàn giao hồ sơ
19da818e93e03ca31ba78edebe14820ec1faef491f5f0ca5c1be18af94b00ef2,37/2018/TT-BGTVT,bên nhận phải lập danh mục hồ sơ bàn giao khi bàn giao hồ sơ
a308120373d19e486519a71436b7e0e1c0744af2a60938cd8ed783aa8e2df4c0,37/2018/TT-BGTVT,lịch sử bảo trì bao gồm sửa chữa định kỳ
a308120373d19e486519a71436b7e0e1c0744af2a60938cd8ed783aa8e2df4c0,37/2018/TT-BGTVT,lịch sử bảo trì bao gồm sửa chữa đột xuất
a308120373d19e486519a71436b7e0e1c0744af2a60938cd8ed783aa8e2df4c0,37/2018/TT-BGTVT,"lịch sử bảo trì bao gồm thay thế bộ phận, hạng mục, kết cấu, thiết bị và các hoạt động khác"
e7e65a821e4676b229dff2e28e91a78fa5d977189e1eec20d8891c5f278dbfcb,37/2018/TT-BGTVT,các tài liệu từ điểm a đến điểm e khoản này được lưu trữ trên giấy và trong các tập tin điện tử
e7e65a821e4676b229dff2e28e91a78fa5d977189e1eec20d8891c5f278dbfcb,37/2018/TT-BGTVT,nhà thầu phải gửi các tài liệu đó cho chủ sở hữu công trình đường bộ
e7e65a821e4676b229dff2e28e91a78fa5d977189e1eec20d8891c5f278dbfcb,37/2018/TT-BGTVT,"nhà thầu phải gửi các tài liệu đó cho người quản lý, sử dụng công trình đường bộ"
117e54d74a4eb4f545765353ee7b5e7806bfefe78fe2976d7133c5e418a4bc7b,37/2018/TT-BGTVT,trách nhiệm này được thực hiện theo quy định của bộ trưởng bộ giao thông vận tải
f6afa26169487e598e4a49ec5b5b2b34065abd65b30adfd3d48c60a6ce23e3ec,37/2018/TT-BGTVT,nhà thầu phải thực hiện nhiệm vụ này theo quy định của bộ trưởng bộ giao thông vận tải
73fc5613e4733d0b989ff9f2906cd698600f931478c722447ac3bfb19bed1b0a,37/2018/TT-BGTVT,"nhà thầu quản lý, bảo dưỡng và khai thác công trình phải thực hiện các nội dung quy định tại khoản 2 điều này"
88b9d4b8dca9bd94a1110446b11d43d73fef56cf3385df5d7f46b053a0fd05f6,37/2018/TT-BGTVT,"doanh nghiệp thực hiện công việc quản lý, bảo dưỡng và khai thác công trình đường bộ theo quy định tại các điểm a, b khoản này"
8852e4c44ee4e28e2e07855360c2df40be8423b48d711e9ec299cbd6e2602073,37/2018/TT-BGTVT,tổ chức giao thông đối với công trình đường bộ vừa thi công vừa khai thác phải được thực hiện
48b789b6cf3dd676fb47440d26a57ced84178aa59fcf07c8041e786158c792c5,37/2018/TT-BGTVT,tổ chức giao thông nhà thầu quản lý công trình đường bộ có trách nhiệm thực hiện các công việc tổ chức giao thông theo quy định của quy trình bảo trì
48b789b6cf3dd676fb47440d26a57ced84178aa59fcf07c8041e786158c792c5,37/2018/TT-BGTVT,tổ chức giao thông nhà thầu bảo dưỡng công trình đường bộ có trách nhiệm thực hiện các công việc tổ chức giao thông theo quy định của quy trình vận hành khai thác
48b789b6cf3dd676fb47440d26a57ced84178aa59fcf07c8041e786158c792c5,37/2018/TT-BGTVT,tổ chức giao thông nhà thầu khai thác công trình đường bộ có trách nhiệm thực hiện các công việc tổ chức giao thông theo tiêu chuẩn và quy chuẩn kỹ thuật có liên quan
48b789b6cf3dd676fb47440d26a57ced84178aa59fcf07c8041e786158c792c5,37/2018/TT-BGTVT,"tổ chức giao thông nhà thầu quản lý, bảo dưỡng và khai thác công trình đường bộ có trách nhiệm thực hiện các công việc tổ chức giao thông theo hợp đồng đã ký"
892208a8fc0ed40ee9b1a81dea84b65436c14931b2c9f905b5114ae2ff61a5f9,37/2018/TT-BGTVT,trực đảm bảo giao thông phải được thực hiện khi xảy ra sự cố
892208a8fc0ed40ee9b1a81dea84b65436c14931b2c9f905b5114ae2ff61a5f9,37/2018/TT-BGTVT,trực đảm bảo giao thông phải được thực hiện khi xảy ra sạt lở
892208a8fc0ed40ee9b1a81dea84b65436c14931b2c9f905b5114ae2ff61a5f9,37/2018/TT-BGTVT,trực đảm bảo giao thông phải được thực hiện khi xảy ra hư hỏng công trình
892208a8fc0ed40ee9b1a81dea84b65436c14931b2c9f905b5114ae2ff61a5f9,37/2018/TT-BGTVT,trực đảm bảo giao thông phải được thực hiện khi có các dấu hiệu bất thường khác dẫn đến không bảo đảm an toàn giao thông
892208a8fc0ed40ee9b1a81dea84b65436c14931b2c9f905b5114ae2ff61a5f9,37/2018/TT-BGTVT,trực đảm bảo giao thông phải được thực hiện khi có các dấu hiệu bất thường khác dẫn đến không bảo đảm an toàn khai thác
892208a8fc0ed40ee9b1a81dea84b65436c14931b2c9f905b5114ae2ff61a5f9,37/2018/TT-BGTVT,trực đảm bảo giao thông phải được thực hiện khi có các dấu hiệu bất thường khác dẫn đến không bảo đảm an toàn sử dụng
892208a8fc0ed40ee9b1a81dea84b65436c14931b2c9f905b5114ae2ff61a5f9,37/2018/TT-BGTVT,trực đảm bảo giao thông phải được thực hiện khi xảy ra ùn tắc giao thông
892208a8fc0ed40ee9b1a81dea84b65436c14931b2c9f905b5114ae2ff61a5f9,37/2018/TT-BGTVT,trực đảm bảo giao thông phải được thực hiện khi thi công xây dựng trên đường bộ đang khai thác
892208a8fc0ed40ee9b1a81dea84b65436c14931b2c9f905b5114ae2ff61a5f9,37/2018/TT-BGTVT,trực đảm bảo giao thông phải được thực hiện khi sửa chữa trên đường bộ đang khai thác
b111b9381ff32ba7d1eda2e867cf252508027f83cfac0f08f00159f3f6fcae34,37/2018/TT-BGTVT,"việc đếm xe hàng năm được thực hiện theo tiêu chuẩn kỹ thuật, quy trình bảo trì được duyệt, kế hoạch bảo trì hàng năm hoặc khi có yêu cầu của bộ giao thông vận tải đối với hệ thống đường trung ương"
b111b9381ff32ba7d1eda2e867cf252508027f83cfac0f08f00159f3f6fcae34,37/2018/TT-BGTVT,việc đếm xe cũng được thực hiện khi có yêu cầu của chính quyền địa phương đối với các tuyến đường do địa phương quản lý
f60f231ac443d88ce334aedc656f23d731d53e8d2fc41d70b846b90a3adf2ad3,37/2018/TT-BGTVT,nhà thầu khai thác công trình đường bộ chịu trách nhiệm thực hiện việc đếm xe
50ed5e26227da17ff15cb1748a7001f93a39e3cd878fd51a3d6306faca3b2916,37/2018/TT-BGTVT,"khi có tai nạn giao thông xảy ra, chủ sở hữu công trình phải thực hiện các công việc sau"
50ed5e26227da17ff15cb1748a7001f93a39e3cd878fd51a3d6306faca3b2916,37/2018/TT-BGTVT,nhà thầu quản lý bảo dưỡng công trình đường bộ phải thực hiện các công việc sau
50ed5e26227da17ff15cb1748a7001f93a39e3cd878fd51a3d6306faca3b2916,37/2018/TT-BGTVT,các công việc đó là giúp đỡ kịp thời người bị nạn
50ed5e26227da17ff15cb1748a7001f93a39e3cd878fd51a3d6306faca3b2916,37/2018/TT-BGTVT,"các công việc đó là báo tin cho cơ quan công an, y tế hoặc ủy ban nhân dân nơi gần nhất"
4d9d72f25bd75e26eefc86dcbad5324d8e9507ea030190fca20f5e5ffe75bdc4,37/2018/TT-BGTVT,"khi có tai nạn giao thông xảy ra, chủ sở hữu công trình phải thực hiện các công việc theo quy định"
4d9d72f25bd75e26eefc86dcbad5324d8e9507ea030190fca20f5e5ffe75bdc4,37/2018/TT-BGTVT,nhà thầu quản lý bảo dưỡng công trình đường bộ phải thực hiện các công việc theo quy định
4d9d72f25bd75e26eefc86dcbad5324d8e9507ea030190fca20f5e5ffe75bdc4,37/2018/TT-BGTVT,"tổ chức, cá nhân có liên quan đến quản lý công trình đường bộ phải thực hiện các công việc theo quy định"
4d9d72f25bd75e26eefc86dcbad5324d8e9507ea030190fca20f5e5ffe75bdc4,37/2018/TT-BGTVT,"tổ chức, cá nhân có liên quan đến khai thác công trình đường bộ phải thực hiện các công việc theo quy định"
4d9d72f25bd75e26eefc86dcbad5324d8e9507ea030190fca20f5e5ffe75bdc4,37/2018/TT-BGTVT,"tổ chức, cá nhân có liên quan đến bảo trì công trình đường bộ phải thực hiện các công việc theo quy định"
4d9d72f25bd75e26eefc86dcbad5324d8e9507ea030190fca20f5e5ffe75bdc4,37/2018/TT-BGTVT,các đối tượng nêu trên phải thông báo kịp thời cho cảnh sát giao thông nơi gần nhất về tai nạn giao thông
a0c6a08bd82734d1743007db764825333f4684238fcb31bf34e622cc5db5c101,37/2018/TT-BGTVT,việc xử lý sự cố công trình đường bộ trong thời gian khai thác được thực hiện theo quy định
a0c6a08bd82734d1743007db764825333f4684238fcb31bf34e622cc5db5c101,37/2018/TT-BGTVT,việc phân loại sự cố công trình được thực hiện theo quy định
a0c6a08bd82734d1743007db764825333f4684238fcb31bf34e622cc5db5c101,37/2018/TT-BGTVT,việc báo cáo về sự cố công trình được thực hiện theo quy định
a0c6a08bd82734d1743007db764825333f4684238fcb31bf34e622cc5db5c101,37/2018/TT-BGTVT,việc giải quyết sự cố công trình đường bộ được thực hiện theo quy định
a0c6a08bd82734d1743007db764825333f4684238fcb31bf34e622cc5db5c101,37/2018/TT-BGTVT,việc giám định nguyên nhân sự cố được thực hiện theo quy định
a0c6a08bd82734d1743007db764825333f4684238fcb31bf34e622cc5db5c101,37/2018/TT-BGTVT,việc lập hồ sơ sự cố được thực hiện theo quy định
a0c6a08bd82734d1743007db764825333f4684238fcb31bf34e622cc5db5c101,37/2018/TT-BGTVT,"các quy định này được quy định tại các điều 46, 47, 48, 49 và 50 nghị định số 46/2015/nđ-cp"
272fb19ca814a9d2c4346ae238f875aad309a4b023f7bee4edf9dc574d862371,37/2018/TT-BGTVT,"chủ sở hữu hoặc người quản lý, sử dụng công trình đường bộ phải thực hiện báo cáo sự cố công trình theo quy định tại điều 47 nghị định số 46/2015/nđ-cp"
272fb19ca814a9d2c4346ae238f875aad309a4b023f7bee4edf9dc574d862371,37/2018/TT-BGTVT,"chủ sở hữu hoặc người quản lý, sử dụng công trình đường bộ phải báo cáo ngay cho bộ giao thông vận tải và tổng cục đường bộ việt nam khi có sự cố công trình trên hệ thống đường trung ương"
d93a1a852265ca15c2991b3635b82d039636d95bb1285ab38c10f6a5d746ae78,37/2018/TT-BGTVT,các công việc trong kế hoạch bảo trì bao gồm bảo dưỡng thường xuyên công trình đường bộ
d93a1a852265ca15c2991b3635b82d039636d95bb1285ab38c10f6a5d746ae78,37/2018/TT-BGTVT,bảo dưỡng thường xuyên công trình đường bộ bao gồm các công việc theo tiêu chuẩn kỹ thuật về bảo dưỡng thường xuyên công trình đường bộ và quy trình bảo trì
d93a1a852265ca15c2991b3635b82d039636d95bb1285ab38c10f6a5d746ae78,37/2018/TT-BGTVT,các công việc trong kế hoạch bảo trì bao gồm thiết bị lắp đặt vào công trình đường bộ
d93a1a852265ca15c2991b3635b82d039636d95bb1285ab38c10f6a5d746ae78,37/2018/TT-BGTVT,các công việc trong kế hoạch bảo trì bao gồm sửa chữa định kỳ công trình đường bộ
d93a1a852265ca15c2991b3635b82d039636d95bb1285ab38c10f6a5d746ae78,37/2018/TT-BGTVT,sửa chữa định kỳ công trình đường bộ bao gồm gia cố lề đường để bảo đảm giao thông
d93a1a852265ca15c2991b3635b82d039636d95bb1285ab38c10f6a5d746ae78,37/2018/TT-BGTVT,các công việc trong kế hoạch bảo trì bao gồm sửa chữa đột xuất
d93a1a852265ca15c2991b3635b82d039636d95bb1285ab38c10f6a5d746ae78,37/2018/TT-BGTVT,"sửa chữa đột xuất bao gồm xử lý điểm đen, điểm tiềm ẩn tai nạn giao thông"
d93a1a852265ca15c2991b3635b82d039636d95bb1285ab38c10f6a5d746ae78,37/2018/TT-BGTVT,"sửa chữa đột xuất bao gồm các giải pháp kỹ thuật sử dụng cầu vượt, hầm chui, đảm bảo chiều rộng mặt cầu bằng mặt đường"
d93a1a852265ca15c2991b3635b82d039636d95bb1285ab38c10f6a5d746ae78,37/2018/TT-BGTVT,sửa chữa đột xuất bao gồm các nguyên nhân bất thường khác
d93a1a852265ca15c2991b3635b82d039636d95bb1285ab38c10f6a5d746ae78,37/2018/TT-BGTVT,sửa chữa đột xuất bao gồm giải phóng mặt bằng nếu có để đảm bảo an toàn giao thông
d93a1a852265ca15c2991b3635b82d039636d95bb1285ab38c10f6a5d746ae78,37/2018/TT-BGTVT,các công việc trong kế hoạch bảo trì bao gồm các nội dung công việc khác
d93a1a852265ca15c2991b3635b82d039636d95bb1285ab38c10f6a5d746ae78,37/2018/TT-BGTVT,"các nội dung công việc khác bao gồm sửa chữa, kiểm định thiết bị"
d93a1a852265ca15c2991b3635b82d039636d95bb1285ab38c10f6a5d746ae78,37/2018/TT-BGTVT,"các nội dung công việc khác bao gồm kiểm tra, quan trắc, kiểm định chất lượng công trình đường bộ"
d93a1a852265ca15c2991b3635b82d039636d95bb1285ab38c10f6a5d746ae78,37/2018/TT-BGTVT,"các nội dung công việc khác bao gồm lập quy trình và định mức quản lý, khai thác, bảo trì các công trình đường bộ đang khai thác có yêu cầu đặc thù"
d93a1a852265ca15c2991b3635b82d039636d95bb1285ab38c10f6a5d746ae78,37/2018/TT-BGTVT,các nội dung công việc khác bao gồm trang phục tuần kiểm
d93a1a852265ca15c2991b3635b82d039636d95bb1285ab38c10f6a5d746ae78,37/2018/TT-BGTVT,"các nội dung công việc khác bao gồm hoạt động thanh tra, kiểm tra kết cấu hạ tầng giao thông đường bộ"
d93a1a852265ca15c2991b3635b82d039636d95bb1285ab38c10f6a5d746ae78,37/2018/TT-BGTVT,các nội dung công việc khác bao gồm hỗ trợ thanh tra giao thông địa phương thực hiện nhiệm vụ trên các tuyến quốc lộ ủy quyền nếu có
d93a1a852265ca15c2991b3635b82d039636d95bb1285ab38c10f6a5d746ae78,37/2018/TT-BGTVT,"các nội dung công việc khác bao gồm ứng dụng công nghệ phục vụ quản lý, bảo trì công trình đường bộ"
d93a1a852265ca15c2991b3635b82d039636d95bb1285ab38c10f6a5d746ae78,37/2018/TT-BGTVT,"các nội dung công việc khác bao gồm hoạt động trông coi, bảo quản công trình đường bộ trong một số trường hợp đặc thù"
4315b78d75fa0c5636e46f689efe15f79065148e6afc71e45cdd2e66005e6f33,37/2018/TT-BGTVT,công việc được ưu tiên gồm bảo dưỡng thường xuyên công trình đường bộ
4315b78d75fa0c5636e46f689efe15f79065148e6afc71e45cdd2e66005e6f33,37/2018/TT-BGTVT,công việc được ưu tiên gồm vận hành các công trình bến phà đường bộ
4315b78d75fa0c5636e46f689efe15f79065148e6afc71e45cdd2e66005e6f33,37/2018/TT-BGTVT,công việc được ưu tiên gồm vận hành công trình hầm có sử dụng thiết bị vận hành
4315b78d75fa0c5636e46f689efe15f79065148e6afc71e45cdd2e66005e6f33,37/2018/TT-BGTVT,công việc được ưu tiên gồm khối lượng của dự án chuyển tiếp từ năm trước sang năm sau
4315b78d75fa0c5636e46f689efe15f79065148e6afc71e45cdd2e66005e6f33,37/2018/TT-BGTVT,công việc được ưu tiên gồm sự cố công trình
4315b78d75fa0c5636e46f689efe15f79065148e6afc71e45cdd2e66005e6f33,37/2018/TT-BGTVT,công việc được ưu tiên gồm xử lý điểm đen tai nạn giao thông
4315b78d75fa0c5636e46f689efe15f79065148e6afc71e45cdd2e66005e6f33,37/2018/TT-BGTVT,công việc được ưu tiên gồm sửa chữa cầu yếu
4315b78d75fa0c5636e46f689efe15f79065148e6afc71e45cdd2e66005e6f33,37/2018/TT-BGTVT,công việc được ưu tiên gồm sửa chữa cầu hẹp
4315b78d75fa0c5636e46f689efe15f79065148e6afc71e45cdd2e66005e6f33,37/2018/TT-BGTVT,công việc được ưu tiên gồm sửa chữa các tuyến đường hư hỏng mất an toàn giao thông
4315b78d75fa0c5636e46f689efe15f79065148e6afc71e45cdd2e66005e6f33,37/2018/TT-BGTVT,công việc được ưu tiên gồm sửa chữa định kỳ lớp mặt đường của các tuyến đã khai thác quá thời hạn thiết kế để khôi phục các chỉ tiêu kỹ thuật
4315b78d75fa0c5636e46f689efe15f79065148e6afc71e45cdd2e66005e6f33,37/2018/TT-BGTVT,"các chỉ tiêu kỹ thuật bao gồm mức độ rạn nứt, chỉ số độ gồ ghề và chỉ số nhám"
4315b78d75fa0c5636e46f689efe15f79065148e6afc71e45cdd2e66005e6f33,37/2018/TT-BGTVT,các chỉ tiêu kỹ thuật phải theo tiêu chuẩn thiết kế
4315b78d75fa0c5636e46f689efe15f79065148e6afc71e45cdd2e66005e6f33,37/2018/TT-BGTVT,công việc được ưu tiên gồm các công việc cần thiết khác liên quan
4315b78d75fa0c5636e46f689efe15f79065148e6afc71e45cdd2e66005e6f33,37/2018/TT-BGTVT,tuyến đường ưu tiên gồm đường ô tô cao tốc
4315b78d75fa0c5636e46f689efe15f79065148e6afc71e45cdd2e66005e6f33,37/2018/TT-BGTVT,tuyến đường ưu tiên bảo đảm quốc phòng an ninh của cả nước và các vùng kinh tế trọng điểm
6ec5b1bc7b51fd48b456c06d23de6fd1f2c84a72d98544d9a276ee0c11fb03fe,37/2018/TT-BGTVT,tổng cục đường bộ việt nam không được vượt kinh phí ghi cho danh mục đã được chấp thuận
86acd3d8e366d87456dafb993556e96941b13330e041ed6b4f715432a758fc57,37/2018/TT-BGTVT,"các công việc bảo trì và chi phí thực hiện bảo trì trong kế hoạch bảo trì hàng năm không được vượt quy định tại hợp đồng dự án, trừ trường hợp quy định tại điểm b khoản này"
d6721b1d0cd6ed52af87afc23dbf468205518ebdc7acdb8cd79db206bd992e23,37/2018/TT-BGTVT,việc thực hiện kế hoạch bảo trì đối với hệ thống đường trung ương như sau
dce5af4ec8b9a1de1f22cad4a5931ded90e94037b695f5cf0ce50be21cac7dd8,37/2018/TT-BGTVT,doanh nghiệp dự án bảo đảm giao thông an toàn và thông suốt
dce5af4ec8b9a1de1f22cad4a5931ded90e94037b695f5cf0ce50be21cac7dd8,37/2018/TT-BGTVT,doanh nghiệp dự án bảo đảm chất lượng công trình
01fad5dfd2019bdef48138defca004e49bad9f9b6bdae2993b06c6830caf8a3f,37/2018/TT-BGTVT,việc thực hiện kế hoạch bảo trì phải bảo đảm các yêu cầu tại khoản 5 điều này
d9e0dbed02f57d0f07c063c5af7fe4d4e11c4c64446063874704c30f8998bc40,37/2018/TT-BGTVT,kiểm tra chất lượng công trình kiểm tra công trình đường bộ thực hiện theo kế hoạch bảo trì và quy định tại khoản 1 điều 4 thông tư này
06cd56c56702f360fe872bfb5e4af441faeedecc20f8abf9ffb5dbc764934f27,37/2018/TT-BGTVT,kiểm tra chất lượng công trình quan trắc công trình đường bộ thực hiện theo kế hoạch bảo trì và quy định tại khoản 2 điều 4 thông tư này
06cd56c56702f360fe872bfb5e4af441faeedecc20f8abf9ffb5dbc764934f27,37/2018/TT-BGTVT,tổ chức thực hiện quan trắc công trình phải lập báo cáo kết quả quan trắc
06cd56c56702f360fe872bfb5e4af441faeedecc20f8abf9ffb5dbc764934f27,37/2018/TT-BGTVT,cá nhân thực hiện quan trắc công trình phải lập báo cáo kết quả quan trắc
7f538886782b759bfaa71c15c4f474cb5a95c607f4560a2b5dd136b77210bf79,37/2018/TT-BGTVT,kiểm tra chất lượng công trình thực hiện theo kế hoạch bảo trì và quy định tại khoản 3 điều 4 thông tư này
7f538886782b759bfaa71c15c4f474cb5a95c607f4560a2b5dd136b77210bf79,37/2018/TT-BGTVT,quan trắc chất lượng công trình thực hiện theo kế hoạch bảo trì và quy định tại khoản 3 điều 4 thông tư này
7f538886782b759bfaa71c15c4f474cb5a95c607f4560a2b5dd136b77210bf79,37/2018/TT-BGTVT,kiểm định chất lượng công trình thực hiện theo kế hoạch bảo trì và quy định tại khoản 3 điều 4 thông tư này
7f538886782b759bfaa71c15c4f474cb5a95c607f4560a2b5dd136b77210bf79,37/2018/TT-BGTVT,tổ chức thực hiện kiểm định phải lập báo cáo kết quả kiểm định
7f538886782b759bfaa71c15c4f474cb5a95c607f4560a2b5dd136b77210bf79,37/2018/TT-BGTVT,cá nhân thực hiện kiểm định phải lập báo cáo kết quả kiểm định
05c613ac401cc6b1af01ad258f46f057feb6bfb92445e1c4bd340edfbf1c3f41,37/2018/TT-BGTVT,sửa chữa định kỳ công trình đường bộ được thực hiện theo quy định tại điểm a khoản 5 điều 4 thông tư này
05c613ac401cc6b1af01ad258f46f057feb6bfb92445e1c4bd340edfbf1c3f41,37/2018/TT-BGTVT,sửa chữa đột xuất công trình có quy định tương tự quy định về sửa chữa định kỳ công trình
05c613ac401cc6b1af01ad258f46f057feb6bfb92445e1c4bd340edfbf1c3f41,37/2018/TT-BGTVT,kế hoạch sửa chữa bao gồm tên bộ phận công trình cần sửa chữa hoặc thiết bị cần sửa chữa
05c613ac401cc6b1af01ad258f46f057feb6bfb92445e1c4bd340edfbf1c3f41,37/2018/TT-BGTVT,kế hoạch sửa chữa bao gồm tên bộ phận công trình cần thay thế hoặc thiết bị cần thay thế
05c613ac401cc6b1af01ad258f46f057feb6bfb92445e1c4bd340edfbf1c3f41,37/2018/TT-BGTVT,kế hoạch sửa chữa bao gồm lý do sửa chữa hoặc thay thế
05c613ac401cc6b1af01ad258f46f057feb6bfb92445e1c4bd340edfbf1c3f41,37/2018/TT-BGTVT,kế hoạch sửa chữa bao gồm mục tiêu sửa chữa hoặc thay thế
05c613ac401cc6b1af01ad258f46f057feb6bfb92445e1c4bd340edfbf1c3f41,37/2018/TT-BGTVT,kế hoạch sửa chữa bao gồm khối lượng công việc
05c613ac401cc6b1af01ad258f46f057feb6bfb92445e1c4bd340edfbf1c3f41,37/2018/TT-BGTVT,kế hoạch sửa chữa bao gồm dự toán chi phí
05c613ac401cc6b1af01ad258f46f057feb6bfb92445e1c4bd340edfbf1c3f41,37/2018/TT-BGTVT,kế hoạch sửa chữa bao gồm thời gian thực hiện
05c613ac401cc6b1af01ad258f46f057feb6bfb92445e1c4bd340edfbf1c3f41,37/2018/TT-BGTVT,kế hoạch sửa chữa bao gồm thời gian hoàn thành
f2d35a0eaaa3ec6a6580a5725263489c186cc5e83e3d4ad524cda4b4d58a0699,37/2018/TT-BGTVT,sửa chữa định kỳ và sửa chữa đột xuất công trình đường bộ được thực hiện theo quy định tại điểm b khoản 5 điều 4 thông tư này
f2d35a0eaaa3ec6a6580a5725263489c186cc5e83e3d4ad524cda4b4d58a0699,37/2018/TT-BGTVT,"các tác động đột xuất bao gồm gió, mưa bão, lũ lụt, động đất, va đập, cháy nổ hoặc những tác động đột xuất khác"
f2d35a0eaaa3ec6a6580a5725263489c186cc5e83e3d4ad524cda4b4d58a0699,37/2018/TT-BGTVT,sửa chữa khẩn cấp được thực hiện khi công trình không có trong kế hoạch bảo trì được phê duyệt
f2d35a0eaaa3ec6a6580a5725263489c186cc5e83e3d4ad524cda4b4d58a0699,37/2018/TT-BGTVT,tổng cục đường bộ việt nam thực hiện việc sửa chữa khẩn cấp nhằm đảm bảo an toàn giao thông và an toàn công trình
f2d35a0eaaa3ec6a6580a5725263489c186cc5e83e3d4ad524cda4b4d58a0699,37/2018/TT-BGTVT,tổng cục đường bộ việt nam chịu trách nhiệm về việc sử dụng kinh phí sửa chữa đột xuất
f2d35a0eaaa3ec6a6580a5725263489c186cc5e83e3d4ad524cda4b4d58a0699,37/2018/TT-BGTVT,tổng cục đường bộ việt nam chịu trách nhiệm về phương thức thực hiện sửa chữa đột xuất
73f32c1d97ff0717b4db49df4547df122e18f09864833d1d3facceaa91b5e266,37/2018/TT-BGTVT,sửa chữa định kỳ và sửa chữa đột xuất công trình đúng với công trình đường bộ đầu tư xây dựng và quản lý khai thác theo hình thức đối tác công tư
450ba927a7659f6e417ce0310241cad5f14fd15e185a1584ca677047e01d0269,37/2018/TT-BGTVT,thời hạn sửa chữa định kỳ là khoảng thời gian thực hiện sửa chữa theo quy định
450ba927a7659f6e417ce0310241cad5f14fd15e185a1584ca677047e01d0269,37/2018/TT-BGTVT,thời hạn sử dụng theo thiết kế của công trình được quy định trong quy chuẩn kỹ thuật áp dụng
450ba927a7659f6e417ce0310241cad5f14fd15e185a1584ca677047e01d0269,37/2018/TT-BGTVT,thời hạn sử dụng theo thiết kế của công trình được quy định trong tiêu chuẩn kỹ thuật áp dụng
450ba927a7659f6e417ce0310241cad5f14fd15e185a1584ca677047e01d0269,37/2018/TT-BGTVT,thời hạn sử dụng theo thiết kế của công trình được quy định trong nhiệm vụ thiết kế xây dựng công trình
450ba927a7659f6e417ce0310241cad5f14fd15e185a1584ca677047e01d0269,37/2018/TT-BGTVT,thời hạn sử dụng theo thiết kế của công trình phải được quy định trong nhiệm vụ thiết kế
450ba927a7659f6e417ce0310241cad5f14fd15e185a1584ca677047e01d0269,37/2018/TT-BGTVT,thời hạn dự kiến sử dụng cũng có thể được xác định theo số trục xe tiêu chuẩn tích lũy trong thiết kế so với số trục xe tiêu chuẩn tích lũy trong thời gian khai thác
450ba927a7659f6e417ce0310241cad5f14fd15e185a1584ca677047e01d0269,37/2018/TT-BGTVT,thời hạn sửa chữa định kỳ thiết bị lắp đặt vào công trình được quy định trong các tiêu chuẩn kỹ thuật có liên quan
450ba927a7659f6e417ce0310241cad5f14fd15e185a1584ca677047e01d0269,37/2018/TT-BGTVT,thời hạn sửa chữa định kỳ thiết bị lắp đặt vào công trình được quy định trong các quy chuẩn kỹ thuật có liên quan
450ba927a7659f6e417ce0310241cad5f14fd15e185a1584ca677047e01d0269,37/2018/TT-BGTVT,"thời hạn sửa chữa, thay thế định kỳ thiết bị lắp đặt vào công trình phải tuân thủ quy định về thời gian tính khấu hao tài sản cố định"
165b033c4bc4af712b9940f0c365b5ca630c546759476ee028e87b2d292c03de,37/2018/TT-BGTVT,"thời hạn sửa chữa định kỳ là khoảng thời gian thực hiện các công việc bảo dưỡng, sửa chữa công trình"
165b033c4bc4af712b9940f0c365b5ca630c546759476ee028e87b2d292c03de,37/2018/TT-BGTVT,các nguyên nhân gồm bộ phận công trình đường bộ khác với thiết kế
165b033c4bc4af712b9940f0c365b5ca630c546759476ee028e87b2d292c03de,37/2018/TT-BGTVT,các nguyên nhân gồm trong thời gian khai thác xuất hiện các nguyên nhân gây hư hỏng đột xuất
165b033c4bc4af712b9940f0c365b5ca630c546759476ee028e87b2d292c03de,37/2018/TT-BGTVT,"các nguyên nhân gồm tình hình và kết quả thực hiện công việc quản lý, bảo trì công trình"
165b033c4bc4af712b9940f0c365b5ca630c546759476ee028e87b2d292c03de,37/2018/TT-BGTVT,"các nguyên nhân gồm tình hình và kết quả thực hiện công việc quản lý, bảo trì hạng mục công trình và thiết bị lắp đặt vào công trình"
165b033c4bc4af712b9940f0c365b5ca630c546759476ee028e87b2d292c03de,37/2018/TT-BGTVT,"các nguyên nhân gồm chất lượng công trình vào khai thác, sử dụng"
a82ce9f50348421ba43f27dda47fa833cb5ad72f11681d71fcdfb7d877a7f6bc,37/2018/TT-BGTVT,"chủ sở hữu hoặc người quản lý, sử dụng công trình phải có biện pháp sửa chữa và khắc phục"
cfbc2b1ca7daa5dcd5afa4398a588e469e2387417ebeba688eb6399d14ce36f2,37/2018/TT-BGTVT,thời hạn sửa chữa định kỳ công trình hết tuổi thọ theo thiết kế
cfbc2b1ca7daa5dcd5afa4398a588e469e2387417ebeba688eb6399d14ce36f2,37/2018/TT-BGTVT,nếu tiếp tục sử dụng công trình thì phải thực hiện các nội dung quy định tại điều 23 thông tư này
2ed78909cedc31663d1c7386bdc09643da7a435efae6c0812abf001d3c2d6aec,37/2018/TT-BGTVT,việc đánh giá sự an toàn chịu lực và an toàn vận hành trong quá trình khai thác sử dụng công trình đường bộ được thực hiện theo quy định của pháp luật về quản lý chất lượng công trình xây dựng
2ed78909cedc31663d1c7386bdc09643da7a435efae6c0812abf001d3c2d6aec,37/2018/TT-BGTVT,việc đánh giá sự an toàn chịu lực và an toàn vận hành trong quá trình khai thác sử dụng công trình đường bộ được thực hiện theo quy định của pháp luật về bảo trì công trình xây dựng
b99cc637f5ae326d11920c72c48d65bfb5b8470d7702820e388912c3e50a6464,37/2018/TT-BGTVT,đánh giá sự an toàn chịu lực trong quá trình khai thác sử dụng công trình đường bộ là nhiệm vụ bắt buộc
b99cc637f5ae326d11920c72c48d65bfb5b8470d7702820e388912c3e50a6464,37/2018/TT-BGTVT,đánh giá sự an toàn vận hành trong quá trình khai thác sử dụng công trình đường bộ là nhiệm vụ bắt buộc
427e77b42ac945bb3fb5361227cdb091ed1ad048606487a67cb63f7426246fe1,37/2018/TT-BGTVT,quản lý chất lượng trong công tác bảo trì công trình thực hiện theo các quy định sau
427e77b42ac945bb3fb5361227cdb091ed1ad048606487a67cb63f7426246fe1,37/2018/TT-BGTVT,"việc quản lý chất lượng công tác bảo dưỡng được thực hiện theo quy định của pháp luật về quản lý, khai thác sử dụng kết cấu hạ tầng giao thông đường bộ"
427e77b42ac945bb3fb5361227cdb091ed1ad048606487a67cb63f7426246fe1,37/2018/TT-BGTVT,việc quản lý chất lượng công tác bảo dưỡng được thực hiện theo quy định của tiêu chuẩn kỹ thuật về bảo dưỡng công trình
427e77b42ac945bb3fb5361227cdb091ed1ad048606487a67cb63f7426246fe1,37/2018/TT-BGTVT,"việc quản lý chất lượng công tác bảo dưỡng được thực hiện theo quy định của bộ trưởng bộ giao thông vận tải về giám sát, nghiệm thu khối lượng và chất lượng thực hiện công tác quản lý, bảo dưỡng thường xuyên công trình đường bộ"
ae85276f9c2fc66f01149b4b6ad83a6ca5a44e128ccc83b2dd7b60aa926883f3,37/2018/TT-BGTVT,quản lý chất lượng trong công tác bảo trì công trình được thực hiện theo các quy định sau
ae85276f9c2fc66f01149b4b6ad83a6ca5a44e128ccc83b2dd7b60aa926883f3,37/2018/TT-BGTVT,"việc quản lý chất lượng công tác sửa chữa định kỳ và đột xuất bao gồm các công việc khảo sát, thiết kế, thẩm tra, thẩm định, phê duyệt, thi công, giám sát nghiệm thu"
2a2bbdfc49c6dbadeb03c67712d7f87268913f292d6c344fad9fc74767d01d4f,37/2018/TT-BGTVT,quản lý chất lượng công tác bảo trì đối với công trình đầu tư xây dựng và quản lý khai thác theo hình thức đối tác công tư thực hiện theo khoản 1 điều này và các quy định sau
dc4aa46a91b1f053d51243c9fa7b72ec26b5a9fea5384a03310dfed220d01547,37/2018/TT-BGTVT,quản lý chất lượng công tác bảo trì đối với công trình đầu tư xây dựng thực hiện theo khoản 1 điều này và các quy định sau
dc4aa46a91b1f053d51243c9fa7b72ec26b5a9fea5384a03310dfed220d01547,37/2018/TT-BGTVT,quản lý chất lượng công tác bảo trì đối với công trình quản lý khai thác theo hình thức đối tác công tư thực hiện theo khoản 1 điều này và các quy định sau
db19e93c7812b8b2a9074ea6751f17d4ee21ecc42411680c1fa0aa62525f9605,37/2018/TT-BGTVT,"trường hợp không xử lý kịp thời, gây thiệt hại về người và tài sản thì chủ sở hữu hoặc người quản lý, sử dụng công trình đường bộ phải chịu trách nhiệm trước pháp luật"
db19e93c7812b8b2a9074ea6751f17d4ee21ecc42411680c1fa0aa62525f9605,37/2018/TT-BGTVT,"chủ sở hữu hoặc người quản lý, sử dụng công trình đường bộ phải thực hiện các thủ tục theo quy định của pháp luật về quản lý, sử dụng và khai thác kết cấu hạ tầng giao thông đường bộ khi phá dỡ công trình"
51a2b04ce03c160ce2dd1116a15a197d453af92eca7de768502c1e3ba777c278,37/2018/TT-BGTVT,hệ thống đường trung ương phải báo cáo thực hiện
51a2b04ce03c160ce2dd1116a15a197d453af92eca7de768502c1e3ba777c278,37/2018/TT-BGTVT,nội dung báo cáo được quy định tại phụ lục iii ban hành kèm theo thông tư này
a81156fa2a01ef44acf522af4511764c63cd293e0e9086ec39fafd4ca6b2da81,37/2018/TT-BGTVT,phương pháp xác định chi phí gồm khối lượng công việc thực hiện bảo trì và đơn giá bảo trì
a81156fa2a01ef44acf522af4511764c63cd293e0e9086ec39fafd4ca6b2da81,37/2018/TT-BGTVT,"phương pháp xác định chi phí gồm khối lượng, số lượng nhân công, chuyên gia xác định theo yêu cầu cụ thể của từng loại công việc"
a81156fa2a01ef44acf522af4511764c63cd293e0e9086ec39fafd4ca6b2da81,37/2018/TT-BGTVT,"phương pháp xác định chi phí gồm khối lượng, số lượng nhân công, chuyên gia xác định theo yêu cầu cụ thể của từng loại công trình"
a81156fa2a01ef44acf522af4511764c63cd293e0e9086ec39fafd4ca6b2da81,37/2018/TT-BGTVT,"phương pháp xác định chi phí gồm khối lượng, số lượng nhân công, chuyên gia xác định theo yêu cầu cụ thể của nội dung công việc"
a81156fa2a01ef44acf522af4511764c63cd293e0e9086ec39fafd4ca6b2da81,37/2018/TT-BGTVT,"phương pháp xác định chi phí gồm khối lượng, số lượng nhân công, chuyên gia xác định theo yêu cầu cụ thể của tiến độ và thời gian thực hiện công việc"
a81156fa2a01ef44acf522af4511764c63cd293e0e9086ec39fafd4ca6b2da81,37/2018/TT-BGTVT,"phương pháp xác định chi phí gồm khối lượng, số lượng nhân công, chuyên gia xác định theo yêu cầu cụ thể của trình độ chuyên môn của nhân công, chuyên gia"
a81156fa2a01ef44acf522af4511764c63cd293e0e9086ec39fafd4ca6b2da81,37/2018/TT-BGTVT,"phương pháp xác định chi phí gồm khối lượng, số lượng nhân công, chuyên gia xác định theo yêu cầu cụ thể của đơn giá tiền lương phù hợp với nhân công, chuyên gia"
a81156fa2a01ef44acf522af4511764c63cd293e0e9086ec39fafd4ca6b2da81,37/2018/TT-BGTVT,phương pháp xác định chi phí gồm các chi phí cần thiết khác
baf40fc104f4ff11f762ec228308feab11e1d95e197e25cbf85f3c0e93f31c09,37/2018/TT-BGTVT,"khi sử dụng phương pháp này, chi phí quản lý, vận hành khai thác bảo trì công trình được xác định trên cơ sở quy mô, công suất hoặc năng lực phục vụ của công trình, bộ phận kết cấu công trình đang xem xét"
baf40fc104f4ff11f762ec228308feab11e1d95e197e25cbf85f3c0e93f31c09,37/2018/TT-BGTVT,"chi phí quản lý, vận hành khai thác bảo trì công trình được xác định trên cơ sở dữ liệu về chi phí quản lý, bảo trì, vận hành khai thác của công trình tương tự đã hoặc đang thực hiện có cùng loại, cấp công trình, quy mô, công suất hoặc năng lực phục vụ"
aa8e6b63fe5e917feeffb4f129d13c36a105d16cfa4af94a7af02b94db4bbea7,37/2018/TT-BGTVT,"tư vấn thiết kế lập chỉ dẫn kỹ thuật vận hành khai thác, bảo trì để xác định khối lượng và tính dự toán chi phí quản lý, vận hành khai thác và bảo trì"
e649a95137e0ee8738546daa4f18daebe253335d1c484ae270d214cceb9e4645,36/2024/QH15,"cơ sở dữ liệu về trật tự, an toàn giao thông đường bộ bao gồm cơ sở dữ liệu về đăng ký xe cơ giới"
e649a95137e0ee8738546daa4f18daebe253335d1c484ae270d214cceb9e4645,36/2024/QH15,"cơ sở dữ liệu về trật tự, an toàn giao thông đường bộ bao gồm cơ sở dữ liệu về quản lý xe cơ giới"
e649a95137e0ee8738546daa4f18daebe253335d1c484ae270d214cceb9e4645,36/2024/QH15,"cơ sở dữ liệu về trật tự, an toàn giao thông đường bộ bao gồm cơ sở dữ liệu về xe máy chuyên dùng"
9eaf6739c1c91b13e41871e08ae5b870ee68a3bd776bc9b679f2586b56080f02,36/2024/QH15,"cơ sở dữ liệu về trật tự, an toàn giao thông đường bộ bao gồm cơ sở dữ liệu về đăng kiểm xe cơ giới"
9eaf6739c1c91b13e41871e08ae5b870ee68a3bd776bc9b679f2586b56080f02,36/2024/QH15,"cơ sở dữ liệu về trật tự, an toàn giao thông đường bộ bao gồm cơ sở dữ liệu về xe máy chuyên dùng"
04bb596ba23a5b2bed0dde7069e319d18e85457a70b8650d176d21ae86eedd65,36/2024/QH15,"cơ sở dữ liệu về trật tự, an toàn giao thông đường bộ bao gồm cơ sở dữ liệu về đào tạo"
04bb596ba23a5b2bed0dde7069e319d18e85457a70b8650d176d21ae86eedd65,36/2024/QH15,"cơ sở dữ liệu về trật tự, an toàn giao thông đường bộ bao gồm cơ sở dữ liệu về sát hạch"
04bb596ba23a5b2bed0dde7069e319d18e85457a70b8650d176d21ae86eedd65,36/2024/QH15,"cơ sở dữ liệu về trật tự, an toàn giao thông đường bộ bao gồm cơ sở dữ liệu về cấp giấy phép lái xe"
72f0e61011f94ec0bb18db4b7f2c8c0af2751db2040ade7697f319ff7e877c76,36/2024/QH15,"cơ sở dữ liệu về trật tự, an toàn giao thông đường bộ bao gồm cơ sở dữ liệu về xe máy chuyên dùng"
1a8675087537d5f5548f42af695715884aa8a13e70b21962dd032401fe3c8080,36/2024/QH15,"cơ sở dữ liệu về trật tự, an toàn giao thông đường bộ bao gồm cơ sở dữ liệu về bảo hiểm của chủ xe cơ giới"
1a8675087537d5f5548f42af695715884aa8a13e70b21962dd032401fe3c8080,36/2024/QH15,"cơ sở dữ liệu về trật tự, an toàn giao thông đường bộ bao gồm cơ sở dữ liệu về xe máy chuyên dùng"
48273d48d05bd566b3f2cdf4d6fc86a9573d4fcc2450775ffd8979ad78ad5104,36/2024/QH15,"cơ sở dữ liệu về trật tự, an toàn giao thông đường bộ bao gồm cơ sở dữ liệu về xử lý vi phạm hành chính về trật tự, an toàn giao thông đường bộ"
d8e848a34bf393b38ffb8bb66be7b5d030a6727f2cefdf40ad78760793c7fdcc,36/2024/QH15,"cơ sở dữ liệu về trật tự, an toàn giao thông đường bộ bao gồm cơ sở dữ liệu về tai nạn giao thông đường bộ"
f49990d35d1ec35556d0eb9a58b27fd194a2db46f1edc204a951904bffd3ee0f,36/2024/QH15,"cơ sở dữ liệu về trật tự, an toàn giao thông đường bộ bao gồm cơ sở dữ liệu về hành trình của phương tiện giao thông đường bộ"
f49990d35d1ec35556d0eb9a58b27fd194a2db46f1edc204a951904bffd3ee0f,36/2024/QH15,"cơ sở dữ liệu về trật tự, an toàn giao thông đường bộ bao gồm hình ảnh người lái xe theo quy định của luật này"
0d1398f9772304d00f730f6fac1cfabe49f07a5e268fe7fe6adfb204f96260c3,36/2024/QH15,"cơ sở dữ liệu về trật tự, an toàn giao thông đường bộ bao gồm cơ sở dữ liệu khác liên quan đến công tác bảo đảm trật tự, an toàn giao thông đường bộ"
cb6c1caa812314c05ba4e271ebb321a047de3345611c57c725bcb708b650583f,36/2024/QH15,thứ tự ưu tiên đó gồm cọc tiêu
cb6c1caa812314c05ba4e271ebb321a047de3345611c57c725bcb708b650583f,36/2024/QH15,thứ tự ưu tiên đó gồm tường bảo vệ
cb6c1caa812314c05ba4e271ebb321a047de3345611c57c725bcb708b650583f,36/2024/QH15,thứ tự ưu tiên đó gồm rào chắn
cb6c1caa812314c05ba4e271ebb321a047de3345611c57c725bcb708b650583f,36/2024/QH15,thứ tự ưu tiên đó gồm đinh phản quang
cb6c1caa812314c05ba4e271ebb321a047de3345611c57c725bcb708b650583f,36/2024/QH15,thứ tự ưu tiên đó gồm tiêu phản quang
cb6c1caa812314c05ba4e271ebb321a047de3345611c57c725bcb708b650583f,36/2024/QH15,thứ tự ưu tiên đó gồm cột km
cb6c1caa812314c05ba4e271ebb321a047de3345611c57c725bcb708b650583f,36/2024/QH15,thứ tự ưu tiên đó gồm cọc h
53259cdf887a0765e4740ef1fa146ffea4ee21358eccac799926225b4140a157,36/2024/QH15,"ba màu của tín hiệu đèn giao thông gồm màu xanh, màu vàng và màu đỏ"
5564f61142d1c4fbb2b2620ac725e4ee601e74145eb75f20caa4391f57e9d4c7,36/2024/QH15,tín hiệu đèn màu đỏ là cấm đi
f2884a4a286dc0d3f82ba0d3f6a9bf1145a719402eafebcfa99b4d64857cf1c3,36/2024/QH15,biển báo cấm để biểu thị các điều cấm
dce0cd1817dfd8aca03b29686d711d0cb76b7b7c4e989247e725c0e082a7261d,36/2024/QH15,biển báo nguy hiểm để cảnh báo các tình huống nguy hiểm có thể xảy ra
8ee2932f774bbd17b66985858b1f28c06e6cb9a508fc121c8d2310177e18e545,36/2024/QH15,biển hiệu lệnh để báo hiệu lệnh phải thi hành
17619dfb8d4ab9753a780696943dea132e462dfaff6e6876c574e608e90e2b89,36/2024/QH15,biển chỉ dẫn để chỉ dẫn hướng đi
17619dfb8d4ab9753a780696943dea132e462dfaff6e6876c574e608e90e2b89,36/2024/QH15,biển chỉ dẫn để chỉ dẫn các điều cần biết
63c2065e426bfdedb55cfad509a13e680210034d99d5fb25bc2bcf6a88eab97e,36/2024/QH15,biển phụ để thuyết minh bổ sung cho biển báo cấm
63c2065e426bfdedb55cfad509a13e680210034d99d5fb25bc2bcf6a88eab97e,36/2024/QH15,biển phụ để thuyết minh bổ sung cho biển báo nguy hiểm
63c2065e426bfdedb55cfad509a13e680210034d99d5fb25bc2bcf6a88eab97e,36/2024/QH15,biển phụ để thuyết minh bổ sung cho biển hiệu lệnh
63c2065e426bfdedb55cfad509a13e680210034d99d5fb25bc2bcf6a88eab97e,36/2024/QH15,biển phụ để thuyết minh bổ sung cho biển chỉ dẫn
63b46bcdee1ecd72c83595f76884d16be76a56e3922ae2190b50e251579445a9,36/2024/QH15,"các trường hợp sau đây gồm điều kiện trời mưa, gió, sương, khói, bụi"
63b46bcdee1ecd72c83595f76884d16be76a56e3922ae2190b50e251579445a9,36/2024/QH15,"các trường hợp sau đây gồm mặt đường trơn trượt, lầy lội"
63b46bcdee1ecd72c83595f76884d16be76a56e3922ae2190b50e251579445a9,36/2024/QH15,"các trường hợp sau đây gồm có nhiều đất đá, vật liệu rơi vãi ảnh hưởng đến an toàn giao thông đường bộ"
9950b855f09c683f2f68ce68e24ddec447e5c479d1a689b25d4e27812e432a8a,36/2024/QH15,các trường hợp nhường đường khi tránh nhau bao gồm nơi đường hẹp chỉ đủ cho một xe chạy và có chỗ tránh xe
9950b855f09c683f2f68ce68e24ddec447e5c479d1a689b25d4e27812e432a8a,36/2024/QH15,xe nào ở gần chỗ tránh hơn phải vào vị trí tránh
9950b855f09c683f2f68ce68e24ddec447e5c479d1a689b25d4e27812e432a8a,36/2024/QH15,xe nào ở gần chỗ tránh hơn phải nhường đường cho xe đi ngược chiều
c40238c8ca05cd974a99cedace88e205398a8162b2313a95b82425098bf995dc,36/2024/QH15,các trường hợp nhường đường khi tránh nhau bao gồm xe xuống dốc
3da7f05d3fb36a54439af1486e23ed739bf878132e56cd240f8f45c19625529d,36/2024/QH15,người lái xe phải tắt đèn chiếu xa
4561d12e10ee49d06a1afa48db466be3fe25db1ed01ede21e548518b69ec53a5,36/2024/QH15,"người lái xe phải tắt đèn chiếu xa, bật đèn chiếu gần khi chuyển hướng xe tại nơi đường giao nhau"
6812ad8de0e69872991af37fa375d90a9a09ae19e3c52fdfcd039986b22d0b08,36/2024/QH15,trong trường hợp các xe cùng thứ tự ưu tiên đến bến phà thì xe nào đến trước được qua trước
6812ad8de0e69872991af37fa375d90a9a09ae19e3c52fdfcd039986b22d0b08,36/2024/QH15,trong trường hợp các xe cùng thứ tự ưu tiên đến cầu phao thì xe nào đến trước được qua trước
fed1be5ae066917921590714f6bcd0920265ab33504e3746badcc079679dc30b,36/2024/QH15,"khi qua phà, mọi người phải chấp hành quy định sau đây"
fed1be5ae066917921590714f6bcd0920265ab33504e3746badcc079679dc30b,36/2024/QH15,"khi xe đang ở trên phà, mọi người không được ở trên xe"
fed1be5ae066917921590714f6bcd0920265ab33504e3746badcc079679dc30b,36/2024/QH15,người lái xe được ở trên xe khi qua phà
fed1be5ae066917921590714f6bcd0920265ab33504e3746badcc079679dc30b,36/2024/QH15,trẻ em được ở trên xe khi qua phà
fed1be5ae066917921590714f6bcd0920265ab33504e3746badcc079679dc30b,36/2024/QH15,người già yếu được ở trên xe khi qua phà
fed1be5ae066917921590714f6bcd0920265ab33504e3746badcc079679dc30b,36/2024/QH15,người khuyết tật được ở trên xe khi qua phà
fed1be5ae066917921590714f6bcd0920265ab33504e3746badcc079679dc30b,36/2024/QH15,người bệnh được ở trên xe khi qua phà
780395600636285c64ddb305f89a5b959a868ea29c3a45a42cf4c63960a5aafe,36/2024/QH15,"khi xuống phà, xe cơ giới và xe máy chuyên dùng xuống trước"
fd72d0aeb2ef32ab87c02d9d74b9c7eb8204e59b996a60615362c9747d1e3091,36/2024/QH15,xe cơ giới và xe máy chuyên dùng phải đi theo một hàng theo chiều di chuyển
575406de9c7d485fc8894875348cb2ae9a049681607cfc5a1d30aa3bfd322d6d,36/2024/QH15,người lái xe phải tuân thủ quy tắc giao thông đường bộ sau đây
575406de9c7d485fc8894875348cb2ae9a049681607cfc5a1d30aa3bfd322d6d,36/2024/QH15,"trước khi nhập vào làn đường của đường cao tốc, người lái xe phải có tín hiệu xin vào"
575406de9c7d485fc8894875348cb2ae9a049681607cfc5a1d30aa3bfd322d6d,36/2024/QH15,người lái xe phải nhường đường cho xe đang chạy trên đường
575406de9c7d485fc8894875348cb2ae9a049681607cfc5a1d30aa3bfd322d6d,36/2024/QH15,người lái xe phải quan sát xe phía sau và bảo đảm khoảng cách an toàn mới cho xe nhập vào làn đường sát bên phải
dab423f6443a5022699e77665602634123e21f123f3c915ed1f675bcc9c5aae3,36/2024/QH15,người lái xe trên đường cao tốc phải tuân thủ quy tắc giao thông đường bộ sau đây
dab423f6443a5022699e77665602634123e21f123f3c915ed1f675bcc9c5aae3,36/2024/QH15,"khi người lái xe chuẩn bị ra khỏi đường cao tốc, người lái xe phải quan sát biển báo hiệu chỉ dẫn"
dab423f6443a5022699e77665602634123e21f123f3c915ed1f675bcc9c5aae3,36/2024/QH15,người lái xe phải thực hiện chuyển dần sang làn đường sát bên phải
e1e96f14f3fa739fe16904fb55ef15501f50505a2f33148d34de3918d0f15d56,36/2024/QH15,người lái xe phải tuân thủ quy tắc giao thông đường bộ
e1e96f14f3fa739fe16904fb55ef15501f50505a2f33148d34de3918d0f15d56,36/2024/QH15,người lái xe không được cho xe chạy ở phần lề đường
9ed40f071edebb9634872a896362f65514f74806e85926a3617afb72c7974227,36/2024/QH15,người lái xe phải tuân thủ quy tắc giao thông đường bộ sau đây
9ed40f071edebb9634872a896362f65514f74806e85926a3617afb72c7974227,36/2024/QH15,người lái xe phải tuân thủ các quy tắc giao thông đường bộ khác quy định tại chương này
cc42417f79f7c30799bb7d822b8a7e925dd90fa7ead098032c200ee6a34a3e96,36/2024/QH15,xe ưu tiên được quyền đi trước xe khác khi xe ưu tiên qua đường giao nhau từ bất kỳ hướng nào tới
cc42417f79f7c30799bb7d822b8a7e925dd90fa7ead098032c200ee6a34a3e96,36/2024/QH15,thứ tự ưu tiên đi trước được áp dụng theo thứ tự ưu tiên từ trên xuống dưới
fff9994aad7bdd32c1e24751fcc102f53c87b1bd2b246c16229e8aad64d22f50,36/2024/QH15,xe ưu tiên được quyền đi trước xe khác khi qua đường giao nhau từ bất kỳ hướng nào tới
fff9994aad7bdd32c1e24751fcc102f53c87b1bd2b246c16229e8aad64d22f50,36/2024/QH15,thứ tự ưu tiên đi trước được quy định từ trên xuống dưới
fff9994aad7bdd32c1e24751fcc102f53c87b1bd2b246c16229e8aad64d22f50,36/2024/QH15,thứ tự đó bao gồm xe của lực lượng quân sự đi làm nhiệm vụ khẩn cấp
fff9994aad7bdd32c1e24751fcc102f53c87b1bd2b246c16229e8aad64d22f50,36/2024/QH15,thứ tự đó bao gồm xe công an đi làm nhiệm vụ khẩn cấp
fff9994aad7bdd32c1e24751fcc102f53c87b1bd2b246c16229e8aad64d22f50,36/2024/QH15,thứ tự đó bao gồm xe kiểm sát đi làm nhiệm vụ khẩn cấp
331ce3a99a00490f596f25430b3c880dbce42e4ce42629f21d9cf0c9e66bea1d,36/2024/QH15,xe ưu tiên được quyền đi trước xe khác khi qua đường giao nhau từ bất kỳ hướng nào tới
331ce3a99a00490f596f25430b3c880dbce42e4ce42629f21d9cf0c9e66bea1d,36/2024/QH15,thứ tự ưu tiên từ trên xuống dưới như sau: xe cứu thương đi làm nhiệm vụ cấp cứu
4af5274e28b440c14422f1df463288ef424cb505f253edd61bb072124f2c0cd6,36/2024/QH15,xe ưu tiên được quyền đi trước xe khác khi qua đường giao nhau từ bất kỳ hướng nào tới
22d5b2b94c277e6af3a0b7d844c36bd5618482be890c4d0183494ef7d9b0a54a,36/2024/QH15,xe ưu tiên được quyền đi trước xe khác khi xe ưu tiên qua đường giao nhau từ bất kỳ hướng nào tới
22d5b2b94c277e6af3a0b7d844c36bd5618482be890c4d0183494ef7d9b0a54a,36/2024/QH15,thứ tự ưu tiên đi trước xe khác được áp dụng từ trên xuống dưới
259e2a475cc8fb6ef16ba8f0fff24858f0e95926f5ee9965434a87aefb621e21,36/2024/QH15,"xe ưu tiên quy định tại các điểm a, b, c và d khoản 2 điều này phải có tín hiệu ưu tiên theo quy định của pháp luật"
259e2a475cc8fb6ef16ba8f0fff24858f0e95926f5ee9965434a87aefb621e21,36/2024/QH15,màu của tín hiệu đèn ưu tiên được quy định như sau
3f691ef2c92a7bc38a1202d71dbc0a0c6fd7dc9cefa4124fd76a4a7f4c10412d,36/2024/QH15,"xe ưu tiên quy định tại các điểm a, b, c và d khoản 2 điều này phải có tín hiệu ưu tiên theo quy định của pháp luật"
3f691ef2c92a7bc38a1202d71dbc0a0c6fd7dc9cefa4124fd76a4a7f4c10412d,36/2024/QH15,màu của tín hiệu đèn ưu tiên được quy định như sau
4340ab93bd33827041b853d29aed75d42f3c9a5dc12454c92aca3bd5a242e84b,36/2024/QH15,"xe ưu tiên quy định tại các điểm a, b, c và d khoản 2 điều này phải có tín hiệu ưu tiên theo quy định của pháp luật"
4340ab93bd33827041b853d29aed75d42f3c9a5dc12454c92aca3bd5a242e84b,36/2024/QH15,màu của tín hiệu đèn ưu tiên được quy định như sau
00fe9bb0ee8c66ed71d6fd1fd1257653cc8323d976ecd32da66cf6c869441f2e,36/2024/QH15,chở người diễu hành theo đoàn khi được cơ quan có thẩm quyền cho phép
928b3b8fa0712764a6b078bd988e9d026db98ab9c3a171bb8da31c7371f7ba6a,36/2024/QH15,một xe ô tô chỉ được kéo theo một xe ô tô khác khi xe được kéo không tự chạy được
928b3b8fa0712764a6b078bd988e9d026db98ab9c3a171bb8da31c7371f7ba6a,36/2024/QH15,một xe ô tô chỉ được kéo theo một xe máy chuyên dùng khác khi xe được kéo không tự chạy được
928b3b8fa0712764a6b078bd988e9d026db98ab9c3a171bb8da31c7371f7ba6a,36/2024/QH15,trừ trường hợp quy định tại khoản 3 điều 53 của luật này
928b3b8fa0712764a6b078bd988e9d026db98ab9c3a171bb8da31c7371f7ba6a,36/2024/QH15,phải bảo đảm các quy định sau đây
928b3b8fa0712764a6b078bd988e9d026db98ab9c3a171bb8da31c7371f7ba6a,36/2024/QH15,xe được kéo phải có người điều khiển
928b3b8fa0712764a6b078bd988e9d026db98ab9c3a171bb8da31c7371f7ba6a,36/2024/QH15,hệ thống lái của xe đó phải còn hiệu lực
ef3a7def33125b63c4e12be3d672443e054f90d552467102a0697036feb1c0f7,36/2024/QH15,một xe ô tô chỉ được kéo theo một xe ô tô khác khi xe được kéo không tự chạy được
ef3a7def33125b63c4e12be3d672443e054f90d552467102a0697036feb1c0f7,36/2024/QH15,một xe ô tô chỉ được kéo theo một xe máy chuyên dùng khác khi xe được kéo không tự chạy được
ef3a7def33125b63c4e12be3d672443e054f90d552467102a0697036feb1c0f7,36/2024/QH15,việc nối xe kéo với xe được kéo phải bảo đảm chắc chắn
ef3a7def33125b63c4e12be3d672443e054f90d552467102a0697036feb1c0f7,36/2024/QH15,việc nối xe kéo với xe được kéo phải bảo đảm an toàn
ef3a7def33125b63c4e12be3d672443e054f90d552467102a0697036feb1c0f7,36/2024/QH15,trường hợp hệ thống hãm của xe được kéo không còn hiệu lực thì xe kéo nhau phải nối bằng thanh nối cứng
59f2fec36a879316d5855a60a679731394ed271e320466d186dfc972f402da9c,36/2024/QH15,một xe ô tô chỉ được kéo theo một xe ô tô khác khi xe được kéo không tự chạy được
59f2fec36a879316d5855a60a679731394ed271e320466d186dfc972f402da9c,36/2024/QH15,một xe ô tô chỉ được kéo theo một xe máy chuyên dùng khác khi xe được kéo không tự chạy được
59f2fec36a879316d5855a60a679731394ed271e320466d186dfc972f402da9c,36/2024/QH15,việc kéo xe phải bảo đảm các quy định sau đây
59f2fec36a879316d5855a60a679731394ed271e320466d186dfc972f402da9c,36/2024/QH15,phía trước của xe kéo phải có biển báo hiệu
59f2fec36a879316d5855a60a679731394ed271e320466d186dfc972f402da9c,36/2024/QH15,phía sau của xe được kéo phải có biển báo hiệu
59f2fec36a879316d5855a60a679731394ed271e320466d186dfc972f402da9c,36/2024/QH15,phía trước của xe kéo phải có đèn cảnh báo nhấp nháy màu vàng
59f2fec36a879316d5855a60a679731394ed271e320466d186dfc972f402da9c,36/2024/QH15,phía sau của xe được kéo phải có đèn cảnh báo nhấp nháy màu vàng
be9b96a1e82ebcd90c13f92eca38a3ac59d8cd3efc1067a888631f9178e80930,36/2024/QH15,trẻ em dưới 07 tuổi khi đi qua đường phải có người lớn dẫn dắt
58e398b03855e518af28267b945f714f4119ea955d4084e9f9d1ab1ae2fbab65,36/2024/QH15,người già yếu tham gia giao thông đường bộ được quy định như sau
c24c21fefb9cbf1ee5d971d08612d32bf147b82400f39356dc3aa3e3f8474ae6,36/2024/QH15,người già yếu tham gia giao thông đường bộ được quy định như sau
c24c21fefb9cbf1ee5d971d08612d32bf147b82400f39356dc3aa3e3f8474ae6,36/2024/QH15,người khiếm thị khi đi trên đường bộ phải có người dẫn dắt
3ceafe7b62048aa41eb453eaedeabe90161ed3ebb8e030fe02beb73cbc8e3d4d,36/2024/QH15,người già yếu tham gia giao thông đường bộ được quy định như sau
0dad06ecb7f696a485035bbd1f77e809fbf7ad9a5c8ece29d423662d62fe4b15,36/2024/QH15,người già yếu tham gia giao thông đường bộ được quy định như sau
34ecfdabe3665d832eef6308680879d85efc5e749853665c91660a1497f0fdcb,36/2024/QH15,người lái xe gắn máy chỉ được chở một người
b3705d9c71649ae2c5ddda71c01af0856a59bdfa08caab701a1c7560da189c0f,36/2024/QH15,"người lái xe gắn máy không được thực hiện hành vi khác gây mất trật tự, an toàn giao thông đường bộ"
36887e8a767cf2ad507b78f34b6c41858cabba93489d40098d6183ada2f664e0,36/2024/QH15,người được chở trên xe mô tô hai bánh khi tham gia giao thông đường bộ không được thực hiện hành vi bám các phương tiện khác
36887e8a767cf2ad507b78f34b6c41858cabba93489d40098d6183ada2f664e0,36/2024/QH15,người được chở trên xe mô tô hai bánh khi tham gia giao thông đường bộ không được thực hiện hành vi kéo các phương tiện khác
36887e8a767cf2ad507b78f34b6c41858cabba93489d40098d6183ada2f664e0,36/2024/QH15,người được chở trên xe mô tô hai bánh khi tham gia giao thông đường bộ không được thực hiện hành vi đẩy các phương tiện khác
36887e8a767cf2ad507b78f34b6c41858cabba93489d40098d6183ada2f664e0,36/2024/QH15,người được chở trên xe mô tô ba bánh khi tham gia giao thông đường bộ không được thực hiện hành vi bám các phương tiện khác
36887e8a767cf2ad507b78f34b6c41858cabba93489d40098d6183ada2f664e0,36/2024/QH15,người được chở trên xe mô tô ba bánh khi tham gia giao thông đường bộ không được thực hiện hành vi kéo các phương tiện khác
36887e8a767cf2ad507b78f34b6c41858cabba93489d40098d6183ada2f664e0,36/2024/QH15,người được chở trên xe mô tô ba bánh khi tham gia giao thông đường bộ không được thực hiện hành vi đẩy các phương tiện khác
36887e8a767cf2ad507b78f34b6c41858cabba93489d40098d6183ada2f664e0,36/2024/QH15,người được chở trên xe gắn máy khi tham gia giao thông đường bộ không được thực hiện hành vi bám các phương tiện khác
36887e8a767cf2ad507b78f34b6c41858cabba93489d40098d6183ada2f664e0,36/2024/QH15,người được chở trên xe gắn máy khi tham gia giao thông đường bộ không được thực hiện hành vi kéo các phương tiện khác
36887e8a767cf2ad507b78f34b6c41858cabba93489d40098d6183ada2f664e0,36/2024/QH15,người được chở trên xe gắn máy khi tham gia giao thông đường bộ không được thực hiện hành vi đẩy các phương tiện khác
dbc4a8fb2a945b8cbde064372c98dde518e77f4bf7cf035224b16c54609b12cd,36/2024/QH15,người được chở trên xe mô tô hai bánh khi tham gia giao thông đường bộ không được đứng trên giá đèo hàng
dbc4a8fb2a945b8cbde064372c98dde518e77f4bf7cf035224b16c54609b12cd,36/2024/QH15,người được chở trên xe mô tô hai bánh khi tham gia giao thông đường bộ không được ngồi trên tay lái
dbc4a8fb2a945b8cbde064372c98dde518e77f4bf7cf035224b16c54609b12cd,36/2024/QH15,người được chở trên xe mô tô ba bánh khi tham gia giao thông đường bộ không được đứng trên giá đèo hàng
dbc4a8fb2a945b8cbde064372c98dde518e77f4bf7cf035224b16c54609b12cd,36/2024/QH15,người được chở trên xe gắn máy khi tham gia giao thông đường bộ không được đứng trên giá đèo hàng
dbc4a8fb2a945b8cbde064372c98dde518e77f4bf7cf035224b16c54609b12cd,36/2024/QH15,người được chở trên xe gắn máy khi tham gia giao thông đường bộ không được ngồi trên tay lái
a23984d00151d917a71a8cd4a2f93a03e4900a60c897725b3c1c4ba4b908f268,36/2024/QH15,"người được chở trên xe mô tô hai bánh khi tham gia giao thông đường bộ không được thực hiện hành vi khác gây mất trật tự, an toàn giao thông đường bộ"
a23984d00151d917a71a8cd4a2f93a03e4900a60c897725b3c1c4ba4b908f268,36/2024/QH15,"người được chở trên xe mô tô ba bánh khi tham gia giao thông đường bộ không được thực hiện hành vi khác gây mất trật tự, an toàn giao thông đường bộ"
a23984d00151d917a71a8cd4a2f93a03e4900a60c897725b3c1c4ba4b908f268,36/2024/QH15,"người được chở trên xe gắn máy khi tham gia giao thông đường bộ không được thực hiện hành vi khác gây mất trật tự, an toàn giao thông đường bộ"
1e198c3c0320022bb1b67e3ce250e5b2de26015b06171ad1be534ecf3bc33acd,36/2024/QH15,xe cơ giới bao gồm xe ô tô
1e198c3c0320022bb1b67e3ce250e5b2de26015b06171ad1be534ecf3bc33acd,36/2024/QH15,xe ô tô bao gồm xe có từ bốn bánh trở lên chạy bằng động cơ
1e198c3c0320022bb1b67e3ce250e5b2de26015b06171ad1be534ecf3bc33acd,36/2024/QH15,"xe có từ bốn bánh trở lên chạy bằng động cơ được thiết kế, sản xuất để hoạt động trên đường bộ"
1e198c3c0320022bb1b67e3ce250e5b2de26015b06171ad1be534ecf3bc33acd,36/2024/QH15,xe có từ bốn bánh trở lên chạy bằng động cơ có thể được nối với đường dây dẫn điện
1c67651c13e2d85f488a62a883e9c12bb85320b533feb2d002860138dc3add6b,36/2024/QH15,xe cơ giới bao gồm rơ moóc
1c67651c13e2d85f488a62a883e9c12bb85320b533feb2d002860138dc3add6b,36/2024/QH15,rơ moóc được thiết kế để hoạt động trên đường bộ
1c67651c13e2d85f488a62a883e9c12bb85320b533feb2d002860138dc3add6b,36/2024/QH15,rơ moóc được sản xuất để hoạt động trên đường bộ
1c67651c13e2d85f488a62a883e9c12bb85320b533feb2d002860138dc3add6b,36/2024/QH15,rơ moóc được kéo bởi xe ô tô
0a200ae39ff2e70ccb25ee38f617420bae71d165efd8e03e557e4392e4635106,36/2024/QH15,"sơ mi rơ moóc được thiết kế, sản xuất để hoạt động trên đường bộ"
0a200ae39ff2e70ccb25ee38f617420bae71d165efd8e03e557e4392e4635106,36/2024/QH15,sơ mi rơ moóc được kéo bởi xe ô tô đầu kéo
7f0b98bb0f9c656389a38e71659901856c63a88b7460188ce1097f1c4dc710fc,36/2024/QH15,xe chở hàng bốn bánh chạy bằng động cơ
7f0b98bb0f9c656389a38e71659901856c63a88b7460188ce1097f1c4dc710fc,36/2024/QH15,xe chở hàng bốn bánh có kết cấu để chở hàng
3ca512bcf4941a8cbda11d60f6e848d8f0293ba422c976e5767b971e69212000,36/2024/QH15,xe cơ giới bao gồm xe mô tô
3ca512bcf4941a8cbda11d60f6e848d8f0293ba422c976e5767b971e69212000,36/2024/QH15,xe mô tô gồm xe có hai hoặc ba bánh chạy bằng động cơ
3ca512bcf4941a8cbda11d60f6e848d8f0293ba422c976e5767b971e69212000,36/2024/QH15,xe mô tô được thiết kế để hoạt động trên đường bộ
3ca512bcf4941a8cbda11d60f6e848d8f0293ba422c976e5767b971e69212000,36/2024/QH15,xe mô tô được sản xuất để hoạt động trên đường bộ
3ca512bcf4941a8cbda11d60f6e848d8f0293ba422c976e5767b971e69212000,36/2024/QH15,xe mô tô không bao gồm xe gắn máy
61ae30004c84ae4ffe574f7cfca0194b50c998c0bbb94418748858af30e1874a,36/2024/QH15,xe cơ giới bao gồm xe gắn máy
61ae30004c84ae4ffe574f7cfca0194b50c998c0bbb94418748858af30e1874a,36/2024/QH15,xe gắn máy không bao gồm xe đạp máy
cd3f94779694ecdcf590f0aed90ecfa4397ec5f66b13578d4e975088768e9c38,36/2024/QH15,xe cơ giới bao gồm xe tương tự các loại xe quy định tại khoản này
3c3987d09c41d3a6a3b5f75c5c70c9789b538e7c8112fe1ab057a1d4f933c374,36/2024/QH15,xe thô sơ bao gồm xe đạp máy
3c3987d09c41d3a6a3b5f75c5c70c9789b538e7c8112fe1ab057a1d4f933c374,36/2024/QH15,xe đạp máy gồm cả xe đạp điện
3c3987d09c41d3a6a3b5f75c5c70c9789b538e7c8112fe1ab057a1d4f933c374,36/2024/QH15,nguồn động lực từ động cơ bị ngắt khi người lái xe dừng đạp
3c3987d09c41d3a6a3b5f75c5c70c9789b538e7c8112fe1ab057a1d4f933c374,36/2024/QH15,nguồn động lực từ động cơ bị ngắt khi xe đạt tới tốc độ 25 km/h
5e3b730d1c3292667cd45b9af9a0a636b59942e3864e7053a15f05aa081cc855,36/2024/QH15,xe thô sơ bao gồm xe xích lô
99cdae48b5b04e97527b445bb7b8ac960c29258865656cb020256b698a427ab1,36/2024/QH15,xe thô sơ bao gồm xe lăn dùng cho người khuyết tật
1c0050299ccf3c71f4af8f6bcfb27e8962fc15bf18b42f4cd76e9e133432da43,36/2024/QH15,xe thô sơ bao gồm xe vật nuôi kéo
161e05b430431ce9770bc4b13d482bc985ee2223c0ccb43bb6826a88ed81c1d3,36/2024/QH15,xe thô sơ bao gồm xe tương tự các loại xe quy định tại khoản này
fc76fa0faff9fd471d6d1abaf2ff3659c183a896ce49567e89de6c42bbc7bdb1,36/2024/QH15,xe máy chuyên dùng bao gồm xe máy thi công
dd38197891feba366632811fedc58b8a45da7e383c1691425e8b9557c7d27850,36/2024/QH15,xe máy chuyên dùng bao gồm xe máy nông nghiệp
dd38197891feba366632811fedc58b8a45da7e383c1691425e8b9557c7d27850,36/2024/QH15,xe máy chuyên dùng bao gồm xe máy lâm nghiệp
61d3aaacb7112ea993030a76b31081a2645a254d317d86c6f5108847c6f4475b,36/2024/QH15,xe máy chuyên dùng bao gồm máy kéo
47bad9ee429358e8fe8f2dbfc898b17f8474a94b20aa2babf6b623703dd1a2ba,36/2024/QH15,xe máy chuyên dùng bao gồm rơ moóc
47bad9ee429358e8fe8f2dbfc898b17f8474a94b20aa2babf6b623703dd1a2ba,36/2024/QH15,xe máy chuyên dùng bao gồm sơ mi rơ moóc được kéo bởi máy kéo
57d12fe90fc735af2401b01181ce653c3b2625cebd254b66962d49dbcbb0d4fb,36/2024/QH15,xe máy chuyên dùng bao gồm xe máy thực hiện chức năng đặc biệt
57d12fe90fc735af2401b01181ce653c3b2625cebd254b66962d49dbcbb0d4fb,36/2024/QH15,xe máy chuyên dùng bao gồm xe máy thực hiện công dụng đặc biệt
7b405ef9ce1646c76e983b638db1d17eabbfd972e9744843b69cdcff9182c88f,36/2024/QH15,xe máy chuyên dùng bao gồm các loại xe đặc chủng
8fca829c8d17b857e01fb6d289059a31c98c9a77e7cb03d4623435af6acee2a9,36/2024/QH15,xe máy chuyên dùng tham gia giao thông đường bộ phải được gắn biển số xe theo quy định của pháp luật
5db58b58874ca2641bf91240205559b74562fc74f0ec365404cf0256afa92998,36/2024/QH15,xe máy chuyên dùng tham gia giao thông đường bộ phải đáp ứng các điều kiện sau đây
5db58b58874ca2641bf91240205559b74562fc74f0ec365404cf0256afa92998,36/2024/QH15,xe cơ giới phải bảo đảm chất lượng an toàn kỹ thuật và bảo vệ môi trường theo quy định của pháp luật
5db58b58874ca2641bf91240205559b74562fc74f0ec365404cf0256afa92998,36/2024/QH15,xe máy chuyên dùng phải bảo đảm chất lượng an toàn kỹ thuật và bảo vệ môi trường theo quy định của pháp luật
40cb740c506c2ccc444f0ddca755cc933446960d37fe69caaeec30e28fe72de1,36/2024/QH15,biển số xe được phân loại theo quy định
40cb740c506c2ccc444f0ddca755cc933446960d37fe69caaeec30e28fe72de1,36/2024/QH15,"biển số xe nền màu xanh, chữ và số màu trắng được cấp cho xe của cơ quan đảng"
40cb740c506c2ccc444f0ddca755cc933446960d37fe69caaeec30e28fe72de1,36/2024/QH15,"biển số xe nền màu xanh, chữ và số màu trắng được cấp cho xe của nhà nước"
40cb740c506c2ccc444f0ddca755cc933446960d37fe69caaeec30e28fe72de1,36/2024/QH15,"biển số xe nền màu xanh, chữ và số màu trắng được cấp cho xe của tổ chức chính trị - xã hội"
40cb740c506c2ccc444f0ddca755cc933446960d37fe69caaeec30e28fe72de1,36/2024/QH15,"biển số xe nền màu xanh, chữ và số màu trắng được cấp cho xe của đơn vị sự nghiệp công lập"
9a54a74bac217608a927db4d8130bac5735243133782768ff5db0e17f4728339,36/2024/QH15,biển số xe được phân loại theo nền màu và màu chữ số
9a54a74bac217608a927db4d8130bac5735243133782768ff5db0e17f4728339,36/2024/QH15,biển số xe nền màu đỏ cấp cho xe quân sự
fcafbc0a29f68828fb178c254715e35e09f51d5a7186eca8745be619a9b7ed9f,36/2024/QH15,biển số xe được phân loại như sau
f6274ef7aca8c698fb7c9b7947cd93d31fab7c1e58c9b681f3831e39872ee979,36/2024/QH15,"biển số xe được phân loại gồm biển số xe nền màu trắng, chữ và số màu đen"
f6274ef7aca8c698fb7c9b7947cd93d31fab7c1e58c9b681f3831e39872ee979,36/2024/QH15,"biển số xe nền màu trắng, chữ và số màu đen được cấp cho xe của các tổ chức, cá nhân trong nước"
523f6d8c66a79cee12ff343e1520676cb3128b8b9d4324e68b0063af44e4b731,36/2024/QH15,"biển số xe được phân loại thành biển số xe nền màu trắng, chữ màu đỏ, số màu đen"
afbf774d2af74c096320d4e2f72769b2a213840a46873fe6501a2e51fa9d041b,36/2024/QH15,"biển số xe được phân loại là biển số xe nền màu trắng, chữ màu đỏ, số màu đen"
afbf774d2af74c096320d4e2f72769b2a213840a46873fe6501a2e51fa9d041b,36/2024/QH15,biển số xe có ký hiệu “qt” cấp cho xe của cơ quan đại diện của tổ chức quốc tế
f692aa10a48ca8fb49cda60ad0b741ac69530b0cb91f97166e03704bff502f7f,36/2024/QH15,"biển số xe được phân loại là biển số xe nền màu trắng, chữ và số màu đen"
f692aa10a48ca8fb49cda60ad0b741ac69530b0cb91f97166e03704bff502f7f,36/2024/QH15,ký hiệu “cv” được cấp cho xe của các nhân viên hành chính kỹ thuật
4538eaab8ed7451dce5977ef625ba1cfbc01b9d0b0db6d25fe8d4a4c4e069a56,36/2024/QH15,"biển số xe được phân loại thành biển số xe nền màu trắng, chữ và số màu đen"
4538eaab8ed7451dce5977ef625ba1cfbc01b9d0b0db6d25fe8d4a4c4e069a56,36/2024/QH15,"biển số xe nền màu trắng, chữ và số màu đen có ký hiệu “nn”"
6e5c855faaef9eb9972959187346f97b0ed6f2397a3d93744f1a19e57babe020,36/2024/QH15,biển số xe được phân loại gồm biển số xe loại khác
6e5c855faaef9eb9972959187346f97b0ed6f2397a3d93744f1a19e57babe020,36/2024/QH15,biển số xe loại khác được quy định bởi bộ trưởng bộ công an
202073cfc6ce56aeb1bf22c70343df02cd3c85e240ebb95b0e74b48b66ee71c4,36/2024/QH15,biển số xe được quản lý theo mã định danh
202073cfc6ce56aeb1bf22c70343df02cd3c85e240ebb95b0e74b48b66ee71c4,36/2024/QH15,việc quản lý biển số xe theo mã định danh được quy định
7617ea9f8442160e0ce07b2b61ee40a56fbb89cc33b25e2f69d8940943ad8201,36/2024/QH15,biển số xe được quản lý theo mã định danh
7617ea9f8442160e0ce07b2b61ee40a56fbb89cc33b25e2f69d8940943ad8201,36/2024/QH15,biển số xe quy định tại điểm b khoản 2 điều này không được quản lý theo mã định danh
7617ea9f8442160e0ce07b2b61ee40a56fbb89cc33b25e2f69d8940943ad8201,36/2024/QH15,việc quản lý biển số xe theo mã định danh được quy định như sau
7617ea9f8442160e0ce07b2b61ee40a56fbb89cc33b25e2f69d8940943ad8201,36/2024/QH15,chủ xe được giữ lại số biển số xe trong thời hạn 05 năm để đăng ký cho xe khác thuộc sở hữu của mình nếu xe hết niên hạn sử dụng
7617ea9f8442160e0ce07b2b61ee40a56fbb89cc33b25e2f69d8940943ad8201,36/2024/QH15,chủ xe được giữ lại số biển số xe trong thời hạn 05 năm để đăng ký cho xe khác thuộc sở hữu của mình nếu xe hư hỏng không sử dụng được
7617ea9f8442160e0ce07b2b61ee40a56fbb89cc33b25e2f69d8940943ad8201,36/2024/QH15,trường hợp chuyển nhượng xe gắn với biển số xe trúng đấu giá không bị thu hồi số biển số xe
7617ea9f8442160e0ce07b2b61ee40a56fbb89cc33b25e2f69d8940943ad8201,36/2024/QH15,trường hợp trao đổi xe gắn với biển số xe trúng đấu giá không bị thu hồi số biển số xe
7617ea9f8442160e0ce07b2b61ee40a56fbb89cc33b25e2f69d8940943ad8201,36/2024/QH15,trường hợp tặng cho xe gắn với biển số xe trúng đấu giá không bị thu hồi số biển số xe
7617ea9f8442160e0ce07b2b61ee40a56fbb89cc33b25e2f69d8940943ad8201,36/2024/QH15,trường hợp để thừa kế xe gắn với biển số xe trúng đấu giá không bị thu hồi số biển số xe
029f4400ef826bc3bf1ce4a0e7beee895aedca990f7938479d2af37338c6701f,36/2024/QH15,biển số xe được quản lý theo mã định danh
029f4400ef826bc3bf1ce4a0e7beee895aedca990f7938479d2af37338c6701f,36/2024/QH15,việc quản lý biển số xe theo mã định danh được quy định như sau
118651ef524d620c245b8c11d02ed8ad69ce91df9b114556b430c5de578e01b4,36/2024/QH15,việc đăng ký biển số xe trúng đấu giá được thực hiện tại cơ quan công an nơi quản lý biển số xe trúng đấu giá
118651ef524d620c245b8c11d02ed8ad69ce91df9b114556b430c5de578e01b4,36/2024/QH15,việc đăng ký biển số xe trúng đấu giá có thể được thực hiện tại trụ sở của tổ chức trúng đấu giá
cc614cec7b69b4e2a09facb8af7a5cca980bce14f1452ecbeda8d1b1febb20da,36/2024/QH15,người thừa kế theo quy định của pháp luật về thừa kế được nhận đủ số tiền trúng đấu giá mà người trúng đấu giá đã nộp
1280f8f8cb8a405c1593467c3a48d9d42109c015651c7155c9aaeabcc712960b,36/2024/QH15,người thừa kế theo quy định của pháp luật về thừa kế được nhận đủ số tiền trúng đấu giá mà người trúng đấu giá đã nộp
999ba102a7c8699c6556487279094d94b44ef1b9bd42fca07e4678a6bc869b28,36/2024/QH15,"tiền trúng đấu giá không bao gồm lệ phí đăng ký, cấp biển số xe"
999ba102a7c8699c6556487279094d94b44ef1b9bd42fca07e4678a6bc869b28,36/2024/QH15,người trúng đấu giá không được hoàn trả số tiền đặt trước và số tiền đã nộp
88ffab710f2bde90979cc699f2ad57722e3bc0c0d6fd3cea31dea470bb4eec4d,36/2024/QH15,việc cấp mới chứng nhận đăng ký xe máy chuyên dùng phải bảo đảm các điều kiện sau đây
88ffab710f2bde90979cc699f2ad57722e3bc0c0d6fd3cea31dea470bb4eec4d,36/2024/QH15,các điều kiện phải bảo đảm bao gồm chứng nhận nguồn gốc xe
85f83dc83806a330134f9763f7a520f2e37fa4951e4b125e65af008fc8269f78,36/2024/QH15,việc cấp mới chứng nhận đăng ký xe máy chuyên dùng phải bảo đảm các điều kiện sau đây
d03c0eae4deeda783c5da51d7b2194ff0a9f999999a473c50ed8228d93f0f1e9,36/2024/QH15,đổi chứng nhận đăng ký xe trong trường hợp cải tạo xe cơ giới hoặc xe máy chuyên dùng
d03c0eae4deeda783c5da51d7b2194ff0a9f999999a473c50ed8228d93f0f1e9,36/2024/QH15,đổi biển số xe cơ giới hoặc xe máy chuyên dùng trong trường hợp thay đổi màu sơn
d03c0eae4deeda783c5da51d7b2194ff0a9f999999a473c50ed8228d93f0f1e9,36/2024/QH15,đổi chứng nhận đăng ký xe trong trường hợp thay đổi tên tổ chức hoặc cá nhân
d03c0eae4deeda783c5da51d7b2194ff0a9f999999a473c50ed8228d93f0f1e9,36/2024/QH15,đổi biển số xe cơ giới hoặc xe máy chuyên dùng trong trường hợp thay đổi số định danh của tổ chức hoặc cá nhân
d03c0eae4deeda783c5da51d7b2194ff0a9f999999a473c50ed8228d93f0f1e9,36/2024/QH15,đổi chứng nhận đăng ký xe trong trường hợp thay đổi mục đích sử dụng
a7da8f462757afccde9c1c0456fe36ef982ab43fab4a399d4f30464dbc85b2a5,36/2024/QH15,đổi chứng nhận đăng ký xe trong các trường hợp sau đây
a7da8f462757afccde9c1c0456fe36ef982ab43fab4a399d4f30464dbc85b2a5,36/2024/QH15,đổi biển số xe cơ giới trong các trường hợp sau đây
a7da8f462757afccde9c1c0456fe36ef982ab43fab4a399d4f30464dbc85b2a5,36/2024/QH15,đổi xe máy chuyên dùng trong các trường hợp sau đây
ed2c661d7afbdd9ff30d87e5a420ddd6eedf464b84f4ca1f282c404c911fa949,36/2024/QH15,"đổi chứng nhận đăng ký xe, biển số xe cơ giới, xe máy chuyên dùng trong các trường hợp quy định"
e2f135857282f95da1e5ac2eeec594cabb14b63a57c31b8c42fb1dcce35e40af,36/2024/QH15,xe cơ giới và xe máy chuyên dùng không được cấp biển số xe tạm thời trong trường hợp quy định tại điều 55 của luật này
063f71bd944e3efb39c63433036486b7ccacaa4da590bf00489afa917b293a5f,36/2024/QH15,"chứng nhận đăng ký xe chỉ bị thu hồi trong trường hợp chuyển nhượng, trao đổi, tặng cho, để thừa kế xe gắn với biển số xe trúng đấu giá"
b37e2c863ef9fa28d23ea9b03d2cb6c29132ed6ff28d459f360803e4073385e9,36/2024/QH15,"các trường hợp thu hồi chứng nhận đăng ký xe, biển số xe cơ giới, xe máy chuyên dùng bao gồm xe tạm nhập của cơ quan, tổ chức, cá nhân nước ngoài mà tái xuất"
12203b53aa770d67d6b8832e277be14ba9dce4739fa0b942ce1d0ba0a42b5852,36/2024/QH15,các trường hợp thu hồi biển số xe cơ giới bao gồm xe cơ giới hết niên hạn sử dụng
12203b53aa770d67d6b8832e277be14ba9dce4739fa0b942ce1d0ba0a42b5852,36/2024/QH15,các trường hợp thu hồi biển số xe cơ giới bao gồm xe cơ giới hư hỏng không sử dụng được
38ab2b74f9efb109b7eb04d513769c0ca3fee72a015d88b8ae81e7c86ab65dfd,36/2024/QH15,"các trường hợp thu hồi chứng nhận đăng ký xe, biển số xe cơ giới, xe máy chuyên dùng bao gồm việc cấp đăng ký xe không đúng quy định của pháp luật"
38ab2b74f9efb109b7eb04d513769c0ca3fee72a015d88b8ae81e7c86ab65dfd,36/2024/QH15,"các trường hợp thu hồi chứng nhận đăng ký xe, biển số xe cơ giới, xe máy chuyên dùng bao gồm việc cấp biển số xe không đúng quy định của pháp luật"
a1f8c940c162e4eacc8092e57537a89e621a0fd6af7d45f29e20ed04c0d7fe42,36/2024/QH15,niên hạn sử dụng của xe cải tạo được quy định như sau
907c4c6cb44a99c0b5bbd99050ec4b0c4c318d0bdd211c744047d1c4ae196277,36/2024/QH15,niên hạn sử dụng của xe cải tạo được quy định như sau
d775dba1dadf5a44bcff01df58d7afafb5f3452dfba3ad7d4c1abf35df32ae8b,36/2024/QH15,niên hạn sử dụng của xe cải tạo được quy định như sau
6e9781c1be805f4f940ed9a9fc07b4ca8823f0899d04acb00e8c03f83d141094,36/2024/QH15,các trường hợp xe cơ giới không áp dụng niên hạn sử dụng bao gồm xe mô tô
6e9781c1be805f4f940ed9a9fc07b4ca8823f0899d04acb00e8c03f83d141094,36/2024/QH15,các trường hợp xe cơ giới không áp dụng niên hạn sử dụng bao gồm xe gắn máy
6e9781c1be805f4f940ed9a9fc07b4ca8823f0899d04acb00e8c03f83d141094,36/2024/QH15,các trường hợp xe cơ giới không áp dụng niên hạn sử dụng bao gồm xe ô tô chuyên dùng
6e9781c1be805f4f940ed9a9fc07b4ca8823f0899d04acb00e8c03f83d141094,36/2024/QH15,các trường hợp xe cơ giới không áp dụng niên hạn sử dụng bao gồm rơ moóc
6e9781c1be805f4f940ed9a9fc07b4ca8823f0899d04acb00e8c03f83d141094,36/2024/QH15,các trường hợp xe cơ giới không áp dụng niên hạn sử dụng bao gồm sơ mi rơ moóc
62986e72e035ee696172ef4ef4e38df285c0f06d14abe44099127e0e04b70b26,36/2024/QH15,các trường hợp xe cơ giới không áp dụng niên hạn sử dụng bao gồm xe cơ giới của quân đội
349476b0c04d004020e09f3ebaf323cc51022ca98a6efea326c80ef39b566bae,36/2024/QH15,việc chứng nhận chất lượng an toàn kỹ thuật và bảo vệ môi trường bao gồm công nhận cơ sở thử nghiệm
349476b0c04d004020e09f3ebaf323cc51022ca98a6efea326c80ef39b566bae,36/2024/QH15,việc chứng nhận chất lượng an toàn kỹ thuật và bảo vệ môi trường bao gồm chỉ định cơ sở thử nghiệm
349476b0c04d004020e09f3ebaf323cc51022ca98a6efea326c80ef39b566bae,36/2024/QH15,việc chứng nhận chất lượng an toàn kỹ thuật và bảo vệ môi trường bao gồm chứng nhận
861ace00be6728dffb2b4aa82a9a1178cae02105a68d26ae440fc5812484a0b4,36/2024/QH15,việc chứng nhận chất lượng an toàn kỹ thuật và bảo vệ môi trường bao gồm kiểm tra việc bảo đảm chất lượng an toàn kỹ thuật và bảo vệ môi trường
1b4e15512184660cadf53ccecd9a407caf0626105d0b907dcd33a2f50bccc809,36/2024/QH15,"trách nhiệm của chủ xe cơ giới, xe máy chuyên dùng là phải bảo dưỡng, sửa chữa để bảo đảm duy trì tình trạng kỹ thuật của phương tiện"
475633a2d440a471f7b12f32c597b69a4131b8b56d6fd6fcb56d599df2ffad2e,36/2024/QH15,"trách nhiệm của chủ xe cơ giới, xe máy chuyên dùng được quy định như sau"
475633a2d440a471f7b12f32c597b69a4131b8b56d6fd6fcb56d599df2ffad2e,36/2024/QH15,"tổ chức, cá nhân chưa thực hiện xong yêu cầu chưa được giải quyết việc đăng ký, đăng kiểm phương tiện vi phạm"
1bcd07204f67122e84f48a7cb5385f1de5a9077c94e70658591707d621ab5db2,36/2024/QH15,việc vận chuyển hành khách bằng xe ô tô phải tuân thủ việc đón hành khách đúng nơi quy định
1bcd07204f67122e84f48a7cb5385f1de5a9077c94e70658591707d621ab5db2,36/2024/QH15,việc vận chuyển hành khách bằng xe ô tô phải tuân thủ việc trả hành khách đúng nơi quy định
1bcd07204f67122e84f48a7cb5385f1de5a9077c94e70658591707d621ab5db2,36/2024/QH15,việc vận chuyển hành khách bằng xe ô tô phải tuân thủ việc hướng dẫn sử dụng trang thiết bị an toàn trên xe
2b5dee614f385e3f566edcccd5c8aab0d950b2117bf01e88da82eb102656c88a,36/2024/QH15,việc vận chuyển hành khách bằng xe ô tô phải tuân thủ quy định vận chuyển hành khách đúng lịch trình đã đăng ký
2b5dee614f385e3f566edcccd5c8aab0d950b2117bf01e88da82eb102656c88a,36/2024/QH15,việc vận chuyển hành khách bằng xe ô tô phải tuân thủ quy định vận chuyển hành khách đúng lộ trình đã đăng ký
2b5dee614f385e3f566edcccd5c8aab0d950b2117bf01e88da82eb102656c88a,36/2024/QH15,trừ trường hợp bất khả kháng
821bf642096c80c4cc4ae62e612be121081acbaa5eda0610e0222b85fa051f5c,36/2024/QH15,việc vận chuyển hành khách bằng xe ô tô phải tuân thủ quy định không chở hành khách trên nóc xe
821bf642096c80c4cc4ae62e612be121081acbaa5eda0610e0222b85fa051f5c,36/2024/QH15,"việc vận chuyển hành khách bằng xe ô tô phải tuân thủ quy định không để hành khách đu, bám bên ngoài xe"
9802ff8e3fbfbeb90e805ea41236744b645fa98a33cb7374ad13dfa1c4fabc8b,36/2024/QH15,việc vận chuyển hành khách bằng xe ô tô phải tuân thủ quy định không chở hàng hóa nguy hiểm
9802ff8e3fbfbeb90e805ea41236744b645fa98a33cb7374ad13dfa1c4fabc8b,36/2024/QH15,việc vận chuyển hành khách bằng xe ô tô phải tuân thủ quy định không chở hàng hóa cấm lưu hành
9802ff8e3fbfbeb90e805ea41236744b645fa98a33cb7374ad13dfa1c4fabc8b,36/2024/QH15,việc vận chuyển hành khách bằng xe ô tô phải tuân thủ quy định không chở hàng lậu
9802ff8e3fbfbeb90e805ea41236744b645fa98a33cb7374ad13dfa1c4fabc8b,36/2024/QH15,việc vận chuyển hành khách bằng xe ô tô phải tuân thủ quy định không chở động vật hoang dã
9802ff8e3fbfbeb90e805ea41236744b645fa98a33cb7374ad13dfa1c4fabc8b,36/2024/QH15,việc vận chuyển hành khách bằng xe ô tô phải tuân thủ quy định không chở hàng hóa hoặc động vật
9802ff8e3fbfbeb90e805ea41236744b645fa98a33cb7374ad13dfa1c4fabc8b,36/2024/QH15,việc vận chuyển hành khách bằng xe ô tô phải tuân thủ quy định không chở hàng hóa có ảnh hưởng đến sức khỏe của hành khách
9802ff8e3fbfbeb90e805ea41236744b645fa98a33cb7374ad13dfa1c4fabc8b,36/2024/QH15,việc vận chuyển hành khách bằng xe ô tô phải tuân thủ quy định không chở hàng hóa có ảnh hưởng đến môi trường
4b052cc9e8a4d6393d0f3da35cc15eed0c0628b02727ef99767483d85e855a9a,36/2024/QH15,việc vận chuyển hành khách bằng xe ô tô phải tuân thủ quy định không chở quá số người
4b052cc9e8a4d6393d0f3da35cc15eed0c0628b02727ef99767483d85e855a9a,36/2024/QH15,"việc vận chuyển hành khách bằng xe ô tô phải tuân thủ quy định không chở hành lý, hàng hóa vượt quá khối lượng cho phép"
4b052cc9e8a4d6393d0f3da35cc15eed0c0628b02727ef99767483d85e855a9a,36/2024/QH15,việc vận chuyển hành khách bằng xe ô tô phải tuân thủ quy định không vi phạm quy định khác của pháp luật
e0a0637e00dade4c072979a778914421b3d946c8a32bc602989d766bbf69a459,36/2024/QH15,việc vận chuyển hành khách bằng xe ô tô phải tuân thủ các quy định sau đây
344547601fcf02398aa0c236c2a484acdaf8bf2b2e03088b0c01dda4c73c372a,36/2024/QH15,"xe ô tô kinh doanh vận tải chở trẻ em mầm non, học sinh phải bảo đảm các điều kiện quy định tại khoản 1 và khoản 2 điều 35 của luật này"
344547601fcf02398aa0c236c2a484acdaf8bf2b2e03088b0c01dda4c73c372a,36/2024/QH15,"xe ô tô kinh doanh vận tải chở trẻ em mầm non, học sinh phải có niên hạn sử dụng không quá 20 năm"
344547601fcf02398aa0c236c2a484acdaf8bf2b2e03088b0c01dda4c73c372a,36/2024/QH15,"xe ô tô kinh doanh vận tải chở trẻ em mầm non, học sinh phải có màu sơn theo quy định của chính phủ"
1cb7931d459992556026eb53be9145cbd148f3f249c82e1134eff581f8d600c1,36/2024/QH15,xe ô tô kinh doanh vận tải chở trẻ em mầm non và học sinh phải đáp ứng các yêu cầu sau đây
ae3809344214c24a84f6fe4f0675730063cf2fb0a5e0843b97ded3b33572e59d,36/2024/QH15,"việc sử dụng xe mô tô, xe gắn máy, xe thô sơ để vận chuyển hành khách, hàng hóa phải thực hiện quy định kiểm tra điều kiện bảo đảm an toàn của xe trước khi tham gia giao thông đường bộ"
89b3284a6b7e0b8732132ebb84363ce11008ef397376daa577834f4cdbba37a8,36/2024/QH15,"việc sử dụng xe mô tô, xe gắn máy, xe thô sơ để vận chuyển hành khách, hàng hóa phải thực hiện các quy định sau đây"
89b3284a6b7e0b8732132ebb84363ce11008ef397376daa577834f4cdbba37a8,36/2024/QH15,"khi vận chuyển hàng hóa, người lái xe phải mang đủ giấy tờ theo quy định của pháp luật"
019c3a54782cb7d6e1725bac01b680a906f424c163cb515778743f275f8d4697,36/2024/QH15,"việc sử dụng xe mô tô để vận chuyển hành khách, hàng hóa phải thực hiện quy định kiểm tra việc sắp xếp hàng hóa bảo đảm an toàn"
019c3a54782cb7d6e1725bac01b680a906f424c163cb515778743f275f8d4697,36/2024/QH15,"việc sử dụng xe gắn máy để vận chuyển hành khách, hàng hóa phải thực hiện quy định không chở quá số người"
019c3a54782cb7d6e1725bac01b680a906f424c163cb515778743f275f8d4697,36/2024/QH15,"việc sử dụng xe gắn máy để vận chuyển hành khách, hàng hóa phải thực hiện quy định không chở hành lý vượt quá khối lượng cho phép"
019c3a54782cb7d6e1725bac01b680a906f424c163cb515778743f275f8d4697,36/2024/QH15,"việc sử dụng xe gắn máy để vận chuyển hành khách, hàng hóa phải thực hiện quy định không chở hàng hóa vượt quá khối lượng cho phép"
019c3a54782cb7d6e1725bac01b680a906f424c163cb515778743f275f8d4697,36/2024/QH15,"việc sử dụng xe gắn máy để vận chuyển hành khách, hàng hóa phải thực hiện quy định không chở hành lý vượt quá khổ giới hạn của xe"
019c3a54782cb7d6e1725bac01b680a906f424c163cb515778743f275f8d4697,36/2024/QH15,"việc sử dụng xe gắn máy để vận chuyển hành khách, hàng hóa phải thực hiện quy định không chở hàng hóa vượt quá khổ giới hạn của xe"
019c3a54782cb7d6e1725bac01b680a906f424c163cb515778743f275f8d4697,36/2024/QH15,"việc sử dụng xe thô sơ để vận chuyển hành khách, hàng hóa phải thực hiện quy định kiểm tra việc sắp xếp hàng hóa bảo đảm an toàn"
019c3a54782cb7d6e1725bac01b680a906f424c163cb515778743f275f8d4697,36/2024/QH15,"việc sử dụng xe thô sơ để vận chuyển hành khách, hàng hóa phải thực hiện quy định không chở quá số người"
019c3a54782cb7d6e1725bac01b680a906f424c163cb515778743f275f8d4697,36/2024/QH15,"việc sử dụng xe thô sơ để vận chuyển hành khách, hàng hóa phải thực hiện quy định không chở hành lý vượt quá khối lượng cho phép"
019c3a54782cb7d6e1725bac01b680a906f424c163cb515778743f275f8d4697,36/2024/QH15,"việc sử dụng xe thô sơ để vận chuyển hành khách, hàng hóa phải thực hiện quy định không chở hàng hóa vượt quá khối lượng cho phép"
019c3a54782cb7d6e1725bac01b680a906f424c163cb515778743f275f8d4697,36/2024/QH15,"việc sử dụng xe thô sơ để vận chuyển hành khách, hàng hóa phải thực hiện quy định không chở hành lý vượt quá khổ giới hạn của xe"
019c3a54782cb7d6e1725bac01b680a906f424c163cb515778743f275f8d4697,36/2024/QH15,"việc sử dụng xe thô sơ để vận chuyển hành khách, hàng hóa phải thực hiện quy định không chở hàng hóa vượt quá khổ giới hạn của xe"
a087d1f6d65aa535009892cf252d41cdf04b94f1c960a3d65536f70cdfa9e04c,36/2024/QH15,"việc sử dụng xe mô tô, xe gắn máy, xe thô sơ để vận chuyển hành khách, hàng hóa phải thực hiện các quy định sau đây"
c4f5ffc82850cde16172c986056ba58523da9314842e6f526fa4d2e146171605,36/2024/QH15,"việc sử dụng xe mô tô, xe gắn máy, xe thô sơ để vận chuyển hành khách, hàng hóa phải thực hiện các quy định sau đây"
5f97bad286da956be6619cdce6e5d3d3561a5ff0368e4c385dbe5ba4042532ee,36/2024/QH15,"việc sử dụng xe mô tô, xe gắn máy, xe thô sơ để vận chuyển hành khách, hàng hóa phải thực hiện quy định khi vận chuyển hàng hóa xếp vượt phía trước và phía sau xe"
5f97bad286da956be6619cdce6e5d3d3561a5ff0368e4c385dbe5ba4042532ee,36/2024/QH15,ban ngày khi vận chuyển hàng hóa xếp vượt phía trước và phía sau xe phải có báo hiệu màu đỏ tại điểm đầu của hàng hóa
5f97bad286da956be6619cdce6e5d3d3561a5ff0368e4c385dbe5ba4042532ee,36/2024/QH15,ban ngày khi vận chuyển hàng hóa xếp vượt phía trước và phía sau xe phải có báo hiệu màu đỏ tại điểm cuối cùng của hàng hóa
ed8047196141b88519af9027507c4b6a0de3fd960dd4b103688d9b7d191f4ea7,36/2024/QH15,"xe bốn bánh có gắn động cơ vận chuyển hành khách, hàng hóa phải bảo đảm chất lượng an toàn kỹ thuật"
2c63676803e5569a140c7e0988482663f5291bb857625134b43709c2c4be93d9,36/2024/QH15,"xe bốn bánh có gắn động cơ vận chuyển hành khách, hàng hóa phải đáp ứng các yêu cầu sau đây"
2c63676803e5569a140c7e0988482663f5291bb857625134b43709c2c4be93d9,36/2024/QH15,"xe bốn bánh phải niêm yết tên và số điện thoại của tổ chức, cá nhân kinh doanh vận tải"
2c63676803e5569a140c7e0988482663f5291bb857625134b43709c2c4be93d9,36/2024/QH15,xe bốn bánh phải niêm yết giá cước vận tải đối với vận chuyển hành khách
4390d2d03861b627dae6f27b68fe04bc30b2e5128303973662c67f25d6b2ec69,36/2024/QH15,"khi vận chuyển hàng hoá bằng xe ô tô, người lái xe phải mang đủ giấy tờ theo quy định của pháp luật"
0a86239c13ed957a089bcff04868ed5bb7fbe0f4ede3603d54b98b93b304e597,36/2024/QH15,"khi vận chuyển hàng hoá bằng xe ô tô, người lái xe phải thực hiện các quy định sau đây"
0a86239c13ed957a089bcff04868ed5bb7fbe0f4ede3603d54b98b93b304e597,36/2024/QH15,người lái xe phải kiểm tra các điều kiện bảo đảm an toàn của xe trước khi tham gia giao thông đường bộ
717d0e605132e4f791d0aa2a8befe173d7977444a5e1d0caeb5584575a6fe7fd,36/2024/QH15,"khi vận chuyển hàng hoá bằng xe ô tô, người lái xe phải kiểm tra việc sắp xếp hàng hoá bảo đảm an toàn"
4ffe85f1b45a7b116cde518976206a3d6fb3e3216120a87acb46b6ae1cfd3c3b,36/2024/QH15,"khi vận chuyển hàng hóa bằng xe ô tô, người lái xe phải thực hiện các quy định sau đây"
4ffe85f1b45a7b116cde518976206a3d6fb3e3216120a87acb46b6ae1cfd3c3b,36/2024/QH15,hàng hóa vận chuyển trên xe phải được sắp xếp gọn gàng
4ffe85f1b45a7b116cde518976206a3d6fb3e3216120a87acb46b6ae1cfd3c3b,36/2024/QH15,hàng hóa vận chuyển trên xe phải được chằng buộc chắc chắn
4ffe85f1b45a7b116cde518976206a3d6fb3e3216120a87acb46b6ae1cfd3c3b,36/2024/QH15,hàng hóa vận chuyển trên xe phải bảo đảm an toàn theo quy định của bộ trưởng bộ giao thông vận tải
a667c013f22df7a8bd40428c309e9c406c2b14c1c8778153ff5bd3248100f9f8,36/2024/QH15,"khi vận chuyển hàng hoá bằng xe ô tô, người lái xe phải che đậy kín hàng rời, vật liệu xây dựng, phế thải"
a667c013f22df7a8bd40428c309e9c406c2b14c1c8778153ff5bd3248100f9f8,36/2024/QH15,người lái xe phải không để hàng hóa rơi vãi xuống đường trong suốt quá trình vận chuyển trên đường
a667c013f22df7a8bd40428c309e9c406c2b14c1c8778153ff5bd3248100f9f8,36/2024/QH15,người lái xe phải không để hàng hóa gây ra tiếng ồn hoặc bụi bẩn trong suốt quá trình vận chuyển trên đường
a32650502b775d7dca158a179cb55c84cc2ae72ab7363943335adc76c6b58be8,36/2024/QH15,"khi vận chuyển hàng hoá bằng xe ô tô, người lái xe phải thực hiện các quy định sau đây"
a32650502b775d7dca158a179cb55c84cc2ae72ab7363943335adc76c6b58be8,36/2024/QH15,"khi vận chuyển hàng hoá xếp vượt phía trước và phía sau xe vào ban ngày, người lái xe phải có báo hiệu màu đỏ tại điểm đầu và điểm cuối cùng của hàng hoá"
4a0387f035bab8f42edf7a37708e1d9f08b02000248f9de52a1afd4d45f0dcca,36/2024/QH15,việc vận chuyển động vật sống phải bảo đảm yêu cầu người lái xe mang đủ giấy tờ theo quy định của pháp luật
2eed6c2955d34d1a7e4bc5ea30fd14974e4cab31a0565dbe9f3b463a26b4de77,36/2024/QH15,việc vận chuyển động vật sống phải bảo đảm phương tiện vận chuyển có kết cấu phù hợp với loại động vật chuyên chở
96dae38698f7120992dfcf063483ca4e0f7dd416dbe8389bdae7bbdf721b6137,36/2024/QH15,việc vận chuyển động vật sống phải bảo đảm các yêu cầu sau đây
96dae38698f7120992dfcf063483ca4e0f7dd416dbe8389bdae7bbdf721b6137,36/2024/QH15,"trong quá trình vận chuyển, người vận chuyển phải chấp hành các quy định của pháp luật về trật tự, an toàn giao thông đường bộ, vệ sinh dịch tễ, phòng dịch và bảo đảm vệ sinh môi trường"
f5dadfff7bcf99c9bb8d034be689fc97f1b480324a777481396c5924b1fd13b5,36/2024/QH15,việc vận chuyển thực phẩm tươi sống phải bảo đảm người lái xe mang đủ giấy tờ theo quy định của pháp luật
b916f25d4a02fcc4c576a901e243f84a67b4777027defdd09fc92939ba7b5161,36/2024/QH15,việc vận chuyển thực phẩm tươi sống phải bảo đảm các yêu cầu sau đây
b916f25d4a02fcc4c576a901e243f84a67b4777027defdd09fc92939ba7b5161,36/2024/QH15,"trong quá trình vận chuyển, việc vận chuyển thực phẩm tươi sống phải chấp hành các quy định của pháp luật về trật tự"
b916f25d4a02fcc4c576a901e243f84a67b4777027defdd09fc92939ba7b5161,36/2024/QH15,việc vận chuyển thực phẩm tươi sống phải chấp hành các quy định của pháp luật về an toàn giao thông đường bộ
b916f25d4a02fcc4c576a901e243f84a67b4777027defdd09fc92939ba7b5161,36/2024/QH15,việc vận chuyển thực phẩm tươi sống phải chấp hành các quy định của pháp luật về an toàn thực phẩm
b916f25d4a02fcc4c576a901e243f84a67b4777027defdd09fc92939ba7b5161,36/2024/QH15,việc vận chuyển thực phẩm tươi sống phải chấp hành các quy định của pháp luật về vệ sinh dịch tễ
b916f25d4a02fcc4c576a901e243f84a67b4777027defdd09fc92939ba7b5161,36/2024/QH15,việc vận chuyển thực phẩm tươi sống phải chấp hành các quy định của pháp luật về phòng dịch
b916f25d4a02fcc4c576a901e243f84a67b4777027defdd09fc92939ba7b5161,36/2024/QH15,việc vận chuyển thực phẩm tươi sống phải bảo đảm vệ sinh môi trường
dd4ecc542f8e9504182513af7bb3e53e5858e2bba0e6c806255c1e65c4da5a5d,36/2024/QH15,xe quá khổ giới hạn bao gồm xe cơ giới
b4988f41df11b72ebef60ea88658942dfe5de8d3482c03a83c0f46d3f4349c62,36/2024/QH15,"xe quá khổ giới hạn và xe quá tải trọng được phép lưu hành để chở hàng hóa trên đường bộ trong các trường hợp phục vụ nhiệm vụ quốc phòng, an ninh"
b4988f41df11b72ebef60ea88658942dfe5de8d3482c03a83c0f46d3f4349c62,36/2024/QH15,"xe quá khổ giới hạn và xe quá tải trọng được phép lưu hành để phòng, chống, khắc phục hậu quả thiên tai"
b4988f41df11b72ebef60ea88658942dfe5de8d3482c03a83c0f46d3f4349c62,36/2024/QH15,xe quá khổ giới hạn và xe quá tải trọng được phép lưu hành để thực hiện nhiệm vụ trong trường hợp khẩn cấp
b4988f41df11b72ebef60ea88658942dfe5de8d3482c03a83c0f46d3f4349c62,36/2024/QH15,"xe quá khổ giới hạn và xe quá tải trọng được phép lưu hành để chở hàng siêu trường, siêu trọng khi các phương thức vận chuyển hàng hóa bằng đường sắt, đường thủy nội địa, hàng không, hàng hải không phù hợp"
b4988f41df11b72ebef60ea88658942dfe5de8d3482c03a83c0f46d3f4349c62,36/2024/QH15,xe quá khổ giới hạn và xe quá tải trọng được phép lưu hành khi phải kết hợp phương thức vận tải đường bộ với phương thức vận tải khác
f317164bcd428aa49cc3acd5ad46bf96f59036721f90cf3ca8680252152352e3,36/2024/QH15,cơ quan có thẩm quyền lưu hành xe quá khổ giới hạn cho phép của xe để chở xe ô tô chở người đến 08 chỗ không kể chỗ của người lái xe
f317164bcd428aa49cc3acd5ad46bf96f59036721f90cf3ca8680252152352e3,36/2024/QH15,cơ quan có thẩm quyền lưu hành xe quá khổ giới hạn cho phép của xe để chở xe ô tô tải
f317164bcd428aa49cc3acd5ad46bf96f59036721f90cf3ca8680252152352e3,36/2024/QH15,cơ quan có thẩm quyền lưu hành xe quá khổ giới hạn cho phép của xe để chở ô tô chuyên dùng có khối lượng toàn bộ theo thiết kế đến 3
f317164bcd428aa49cc3acd5ad46bf96f59036721f90cf3ca8680252152352e3,36/2024/QH15,500 kg từ nơi sản xuất đến nơi sử dụng
f317164bcd428aa49cc3acd5ad46bf96f59036721f90cf3ca8680252152352e3,36/2024/QH15,cơ quan có thẩm quyền lưu hành xe quá khổ giới hạn cho phép của xe từ ga đến nơi sử dụng
f317164bcd428aa49cc3acd5ad46bf96f59036721f90cf3ca8680252152352e3,36/2024/QH15,cơ quan có thẩm quyền lưu hành xe quá khổ giới hạn cho phép của xe từ cảng đến nơi sử dụng
68ffb751af0cc89464663ac210d97b0009f97c85f58f5f5b8157b34ba21b9075,36/2024/QH15,việc bảo vệ công trình đường bộ khi cho phép xe quá khổ giới hạn lưu hành trên đường bộ được quy định như sau
68ffb751af0cc89464663ac210d97b0009f97c85f58f5f5b8157b34ba21b9075,36/2024/QH15,việc bảo vệ công trình đường bộ khi cho phép xe quá tải trọng lưu hành trên đường bộ được quy định như sau
68ffb751af0cc89464663ac210d97b0009f97c85f58f5f5b8157b34ba21b9075,36/2024/QH15,việc bảo vệ công trình đường bộ khi cho phép xe bánh xích lưu hành trên đường bộ được quy định như sau
728c992e8804c01668d60952e1e1ed232b90c1e77670780e4486e8ced2e13b7f,36/2024/QH15,"việc bảo vệ công trình đường bộ khi cho phép xe quá khổ giới hạn, xe quá tải trọng, xe bánh xích lưu hành trên đường bộ được quy định như sau"
728c992e8804c01668d60952e1e1ed232b90c1e77670780e4486e8ced2e13b7f,36/2024/QH15,đơn vị đủ điều kiện năng lực hoạt động theo quy định của pháp luật về xây dựng thực hiện việc khảo sát công trình đường bộ
728c992e8804c01668d60952e1e1ed232b90c1e77670780e4486e8ced2e13b7f,36/2024/QH15,đơn vị đủ điều kiện năng lực hoạt động theo quy định của pháp luật về xây dựng thực hiện việc thiết kế công trình đường bộ
728c992e8804c01668d60952e1e1ed232b90c1e77670780e4486e8ced2e13b7f,36/2024/QH15,đơn vị đủ điều kiện năng lực hoạt động theo quy định của pháp luật về xây dựng thực hiện việc gia cường công trình đường bộ
9954328b90bb5a6bfb6ed90cdd57be6604ab728331e0986c51811662d389169d,36/2024/QH15,"việc bảo vệ công trình đường bộ khi cho phép xe quá khổ giới hạn, xe quá tải trọng, xe bánh xích lưu hành trên đường bộ được quy định như sau"
41ae3d4abeb3985b50fb952d993d597c90adc8123cb3ff096daeef1402405c8b,36/2024/QH15,việc bảo vệ công trình đường bộ khi cho phép xe quá khổ giới hạn lưu hành trên đường bộ được quy định như sau
41ae3d4abeb3985b50fb952d993d597c90adc8123cb3ff096daeef1402405c8b,36/2024/QH15,việc bảo vệ công trình đường bộ khi cho phép xe quá tải trọng lưu hành trên đường bộ được quy định như sau
41ae3d4abeb3985b50fb952d993d597c90adc8123cb3ff096daeef1402405c8b,36/2024/QH15,việc bảo vệ công trình đường bộ khi cho phép xe bánh xích lưu hành trên đường bộ được quy định như sau
1753d4c5af052ffbe441388bc9a8f514038ab1cb3ffe90ee9ec293318313bda9,36/2024/QH15,"việc bảo vệ công trình đường bộ khi cho phép xe quá khổ giới hạn, xe quá tải trọng, xe bánh xích lưu hành trên đường bộ được quy định"
1753d4c5af052ffbe441388bc9a8f514038ab1cb3ffe90ee9ec293318313bda9,36/2024/QH15,"trường hợp cần thiết, phải có người, phương tiện hỗ trợ lái xe"
c33d575ff9ee957b423d24f3fc891899f905cfe772fde7d849f045ef3b51e97f,36/2024/QH15,việc bảo vệ công trình đường bộ khi cho phép xe quá khổ giới hạn lưu hành trên đường bộ được quy định như sau
c33d575ff9ee957b423d24f3fc891899f905cfe772fde7d849f045ef3b51e97f,36/2024/QH15,việc bảo vệ công trình đường bộ khi cho phép xe quá tải trọng lưu hành trên đường bộ được quy định như sau
c33d575ff9ee957b423d24f3fc891899f905cfe772fde7d849f045ef3b51e97f,36/2024/QH15,việc bảo vệ công trình đường bộ khi cho phép xe bánh xích lưu hành trên đường bộ được quy định như sau
c33d575ff9ee957b423d24f3fc891899f905cfe772fde7d849f045ef3b51e97f,36/2024/QH15,xe bánh xích được phép lưu hành trên đường bộ
c33d575ff9ee957b423d24f3fc891899f905cfe772fde7d849f045ef3b51e97f,36/2024/QH15,xe bánh xích phải có biện pháp bảo vệ mặt đường
c446cea4d0abb9cb2fb179b7ad1fc8a794bf5d959780649276f0bd58a62faea8,36/2024/QH15,"việc lưu hành xe ô tô của người nước ngoài đăng ký tại nước ngoài và xe cơ giới nước ngoài phải chấp hành quy định của pháp luật về trật tự, an toàn giao thông đường bộ của việt nam"
95bd69dcd3b623acf23f15bad875a77f586c294b356b22db64abd152dc398aa3,36/2024/QH15,"tổ chức, cá nhân đưa xe có tay lái ở bên phải vào việt nam có trách nhiệm bố trí xe hướng dẫn giao thông"
95bd69dcd3b623acf23f15bad875a77f586c294b356b22db64abd152dc398aa3,36/2024/QH15,"tổ chức, cá nhân đưa xe có tay lái ở bên phải vào việt nam có trách nhiệm bảo đảm an toàn giao thông khi phương tiện lưu hành trên lãnh thổ việt nam"
0291280ae5ea9c9281e4e20f77ab669fe54a64cfb34779a7d7e7aede4aedb1b1,36/2024/QH15,người lái xe tham gia giao thông đường bộ phải đủ tuổi theo quy định của pháp luật
0291280ae5ea9c9281e4e20f77ab669fe54a64cfb34779a7d7e7aede4aedb1b1,36/2024/QH15,người lái xe tham gia giao thông đường bộ phải đủ sức khỏe theo quy định của pháp luật
0291280ae5ea9c9281e4e20f77ab669fe54a64cfb34779a7d7e7aede4aedb1b1,36/2024/QH15,người lái xe phải có giấy phép lái xe còn hiệu lực phù hợp với loại xe đang điều khiển
0291280ae5ea9c9281e4e20f77ab669fe54a64cfb34779a7d7e7aede4aedb1b1,36/2024/QH15,giấy phép lái xe do cơ quan có thẩm quyền cấp
0291280ae5ea9c9281e4e20f77ab669fe54a64cfb34779a7d7e7aede4aedb1b1,36/2024/QH15,người lái xe phải mang theo bản gốc giấy tờ xác nhận của tổ chức tín dụng hoặc chi nhánh ngân hàng nước ngoài còn hiệu lực
ca44a2b7e9e6bd77742e509cb20fe70b109cb605e2569e6c38d1f13d358bd4ff,36/2024/QH15,người lái xe tham gia giao thông đường bộ phải đủ tuổi theo quy định của pháp luật
ca44a2b7e9e6bd77742e509cb20fe70b109cb605e2569e6c38d1f13d358bd4ff,36/2024/QH15,người lái xe tham gia giao thông đường bộ phải đủ sức khỏe theo quy định của pháp luật
ca44a2b7e9e6bd77742e509cb20fe70b109cb605e2569e6c38d1f13d358bd4ff,36/2024/QH15,"khi tham gia giao thông đường bộ, người lái xe phải mang theo giấy phép lái xe phù hợp với loại xe đang điều khiển"
1f23dab2d024f88b3eac3d9760eb93e59690e7c9907069e40d5142d93f9fbe59,36/2024/QH15,người lái xe tham gia giao thông đường bộ phải đủ tuổi theo quy định của pháp luật
1f23dab2d024f88b3eac3d9760eb93e59690e7c9907069e40d5142d93f9fbe59,36/2024/QH15,người lái xe tham gia giao thông đường bộ phải đảm bảo sức khỏe theo quy định của pháp luật
1f23dab2d024f88b3eac3d9760eb93e59690e7c9907069e40d5142d93f9fbe59,36/2024/QH15,giấy phép lái xe do cơ quan có thẩm quyền cấp
84ce2115333ce1fd9dc35aaf17e426601cabb71c9377b8e9601db0c223463406,36/2024/QH15,người lái xe tham gia giao thông đường bộ phải đủ tuổi theo quy định của pháp luật
84ce2115333ce1fd9dc35aaf17e426601cabb71c9377b8e9601db0c223463406,36/2024/QH15,người lái xe tham gia giao thông đường bộ phải đủ sức khỏe theo quy định của pháp luật
84ce2115333ce1fd9dc35aaf17e426601cabb71c9377b8e9601db0c223463406,36/2024/QH15,"khi tham gia giao thông đường bộ, người lái xe phải mang theo chứng nhận bảo hiểm bắt buộc trách nhiệm dân sự của chủ xe cơ giới"
bc22884135d0040fc1e17a18a8e615c379ec7a520f57e33683ea5010bf779423,36/2024/QH15,giấy phép lái xe bao gồm hạng a1
964a19966380d244c1eeee4bb31c3ef3b6da82b178ef446d9558edc299e54617,36/2024/QH15,giấy phép lái xe bao gồm các hạng sau đây
73dec56be5a2291def7a9c7aa37a76fab3b2630322f3de3b532f657b24e90ab6,36/2024/QH15,giấy phép lái xe bao gồm các hạng sau đây
3bafd2ecc84616e0ebbe5a7644fa8f4f20414575798ed82715fc1c089f1219e6,36/2024/QH15,giấy phép lái xe bao gồm hạng b
3bafd2ecc84616e0ebbe5a7644fa8f4f20414575798ed82715fc1c089f1219e6,36/2024/QH15,500 kg
3bafd2ecc84616e0ebbe5a7644fa8f4f20414575798ed82715fc1c089f1219e6,36/2024/QH15,500 kg
79339b31943afbda04552e77cd5844ea5a9fc473f56f24f05f828ae5397a991d,36/2024/QH15,giấy phép lái xe bao gồm hạng c1
79339b31943afbda04552e77cd5844ea5a9fc473f56f24f05f828ae5397a991d,36/2024/QH15,500 kg đến 7
79339b31943afbda04552e77cd5844ea5a9fc473f56f24f05f828ae5397a991d,36/2024/QH15,500 kg
79339b31943afbda04552e77cd5844ea5a9fc473f56f24f05f828ae5397a991d,36/2024/QH15,giấy phép lái xe bao gồm các loại xe quy định cho giấy phép lái xe hạng b
5f503b54d30990eae4ed4ca7c7af56d5eaaa3f9a69c29beac75279bfe18a34c4,36/2024/QH15,giấy phép lái xe bao gồm hạng c
5f503b54d30990eae4ed4ca7c7af56d5eaaa3f9a69c29beac75279bfe18a34c4,36/2024/QH15,500 kg
5f503b54d30990eae4ed4ca7c7af56d5eaaa3f9a69c29beac75279bfe18a34c4,36/2024/QH15,giấy phép lái xe bao gồm các loại xe quy định cho giấy phép lái xe hạng b
5f503b54d30990eae4ed4ca7c7af56d5eaaa3f9a69c29beac75279bfe18a34c4,36/2024/QH15,giấy phép lái xe bao gồm các loại xe quy định cho giấy phép lái xe hạng c1
b67acb1824005c3507fbd1b0a9c8e8b148d1bf7a913a4920d6137552205fb9e7,36/2024/QH15,giấy phép lái xe bao gồm các hạng sau đây
b67acb1824005c3507fbd1b0a9c8e8b148d1bf7a913a4920d6137552205fb9e7,36/2024/QH15,"giấy phép lái xe gồm các loại xe quy định cho giấy phép lái xe các hạng b, c1, c"
bed4fa72ba106ee8368db660401f0bcfb80bf46715348d7853f77681457f762f,36/2024/QH15,giấy phép lái xe bao gồm hạng d2
bed4fa72ba106ee8368db660401f0bcfb80bf46715348d7853f77681457f762f,36/2024/QH15,giấy phép lái xe bao gồm các loại xe quy định cho giấy phép lái xe hạng b
bed4fa72ba106ee8368db660401f0bcfb80bf46715348d7853f77681457f762f,36/2024/QH15,giấy phép lái xe bao gồm các loại xe quy định cho giấy phép lái xe hạng c1
bed4fa72ba106ee8368db660401f0bcfb80bf46715348d7853f77681457f762f,36/2024/QH15,giấy phép lái xe bao gồm các loại xe quy định cho giấy phép lái xe hạng c
bed4fa72ba106ee8368db660401f0bcfb80bf46715348d7853f77681457f762f,36/2024/QH15,giấy phép lái xe bao gồm các loại xe quy định cho giấy phép lái xe hạng d1
28c5ba48020a9bdccc3d8ae476de90a8ba99822207757b9edd9490b3b04d7b6c,36/2024/QH15,giấy phép lái xe bao gồm các hạng sau đây
28c5ba48020a9bdccc3d8ae476de90a8ba99822207757b9edd9490b3b04d7b6c,36/2024/QH15,hạng d cấp cho người lái xe ô tô chở người trên 29 chỗ
28c5ba48020a9bdccc3d8ae476de90a8ba99822207757b9edd9490b3b04d7b6c,36/2024/QH15,hạng d cấp cho người lái xe ô tô chở người giường nằm
a689c2c3333d26a67bf5dd96010a706357489f7fc1029ad8e0e16a83ed559abe,36/2024/QH15,giấy phép lái xe bao gồm các hạng sau đây
b65881923c5a3bc801285c399b55c41a3fd2e606d5340f7915f38279d29c791b,36/2024/QH15,giấy phép lái xe bao gồm các hạng sau đây
1b009f6519771d229ff1a0340456346acfbbd5c274e1e912ae02fac4c9d4d952,36/2024/QH15,giấy phép lái xe bao gồm các hạng sau đây
04fd6a4f501fc5f35cd51aafedaed50e4e2e3b08b8a28eae0f21805f87d39707,36/2024/QH15,giấy phép lái xe bao gồm hạng d1e
04fd6a4f501fc5f35cd51aafedaed50e4e2e3b08b8a28eae0f21805f87d39707,36/2024/QH15,giấy phép lái xe hạng d1e được cấp cho người lái các loại xe ô tô quy định cho giấy phép lái xe hạng d1
e7a889ae3abff7927fccf26aa42b3c882f3693e3f33a22e5ce7ac9827cfe903a,36/2024/QH15,giấy phép lái xe bao gồm các hạng sau đây
b7fee66c5d809a5fd7023b6810338639e4b19563187a93e21e17d4e21e92da77,36/2024/QH15,giấy phép lái xe bao gồm các hạng sau đây
b7fee66c5d809a5fd7023b6810338639e4b19563187a93e21e17d4e21e92da77,36/2024/QH15,giấy phép lái xe hạng d được cấp cho người lái các loại xe ô tô quy định
72edc242efde2314748f9a4556fe3362eb266c66625bdb8ee16406b8fcab13ed,36/2024/QH15,thời hạn của giấy phép lái xe được quy định như sau
38c4e8dd9729910204125f8741c1d522b5659696888466372bc8ed99e99c9aaf,36/2024/QH15,thời hạn của giấy phép lái xe được quy định như sau
f3426fe97dbb21ea05e21565f3a1f36e290cca9004f00b114c61c49063878e67,36/2024/QH15,thời hạn của giấy phép lái xe được quy định như sau
ec191fbc3559286a62160ea0e2461ab6e9ed2f7168c4172549320b87d67a0782,36/2024/QH15,giấy phép lái xe bao gồm giấy phép lái xe quốc tế
ec191fbc3559286a62160ea0e2461ab6e9ed2f7168c4172549320b87d67a0782,36/2024/QH15,giấy phép lái xe do quốc gia là thành viên của công ước của liên hợp quốc về giao thông đường bộ năm 1968 cấp
192c9f322c0b7da121a3b5f3b6cb9143f5b1db2900ca098d202b35b45237aee1,36/2024/QH15,giấy phép lái xe quốc tế được quy định như sau
192c9f322c0b7da121a3b5f3b6cb9143f5b1db2900ca098d202b35b45237aee1,36/2024/QH15,giấy phép lái xe quốc gia được cấp phải còn thời hạn sử dụng
58820a599b34c70c6cf1eefe075d141f62896bd095f53b7d2d1f4ed8c751833e,36/2024/QH15,giấy phép lái xe quốc tế được quy định như sau
2441b5c71782c5d545c37c9d7b2f574b282f5e7f25512eb43c7dedb09a18a073,36/2024/QH15,giấy phép lái xe quốc tế được quy định như sau
2441b5c71782c5d545c37c9d7b2f574b282f5e7f25512eb43c7dedb09a18a073,36/2024/QH15,người có giấy phép lái xe còn giá trị sử dụng nếu có nhu cầu được cấp giấy phép lái xe quốc tế
da14e65175c6a656dadbfa2139d2757181ae1124594288ecec36137ac79a1303,36/2024/QH15,độ tuổi của người lái xe được quy định như sau
da14e65175c6a656dadbfa2139d2757181ae1124594288ecec36137ac79a1303,36/2024/QH15,người đủ 16 tuổi trở lên được điều khiển xe gắn máy
31e5eaf522f6126023d050217e745b2167ed1067c4b3174759a453d257741171,36/2024/QH15,độ tuổi của người lái xe được quy định như sau
31e5eaf522f6126023d050217e745b2167ed1067c4b3174759a453d257741171,36/2024/QH15,"người lái xe đủ 18 tuổi trở lên được cấp giấy phép lái xe hạng a1, a, b1, b, c1"
244da9819d9e31a81b881c1ba4a7fcc0b92e931b0833d03fe8c3e3d38af0ae77,36/2024/QH15,độ tuổi của người lái xe được quy định như sau
244da9819d9e31a81b881c1ba4a7fcc0b92e931b0833d03fe8c3e3d38af0ae77,36/2024/QH15,người đủ 21 tuổi trở lên được cấp giấy phép lái xe hạng c
244da9819d9e31a81b881c1ba4a7fcc0b92e931b0833d03fe8c3e3d38af0ae77,36/2024/QH15,người đủ 21 tuổi trở lên được cấp giấy phép lái xe hạng be
e268a9931a43501647c720ba13c4d20416bdaf608443be4b7289da4278dc9d58,36/2024/QH15,độ tuổi của người lái xe được quy định như sau
e268a9931a43501647c720ba13c4d20416bdaf608443be4b7289da4278dc9d58,36/2024/QH15,người lái xe đủ 24 tuổi trở lên được cấp giấy phép lái xe hạng d1
e268a9931a43501647c720ba13c4d20416bdaf608443be4b7289da4278dc9d58,36/2024/QH15,người lái xe đủ 24 tuổi trở lên được cấp giấy phép lái xe hạng d2
e268a9931a43501647c720ba13c4d20416bdaf608443be4b7289da4278dc9d58,36/2024/QH15,người lái xe đủ 24 tuổi trở lên được cấp giấy phép lái xe hạng c1e
e268a9931a43501647c720ba13c4d20416bdaf608443be4b7289da4278dc9d58,36/2024/QH15,người lái xe đủ 24 tuổi trở lên được cấp giấy phép lái xe hạng ce
e40a865af1b5ea8e26104556287c06616494e85438c6cd592c73464a12b7e924,36/2024/QH15,độ tuổi của người lái xe được quy định như sau
e40a865af1b5ea8e26104556287c06616494e85438c6cd592c73464a12b7e924,36/2024/QH15,"người lái xe đủ 27 tuổi trở lên được cấp giấy phép lái xe hạng d, d1e, d2e, de"
9c0448fd65c8d595a71abbe86c45886ac7be55593e97b96d0ed72557e777c180,36/2024/QH15,độ tuổi của người lái xe được quy định như sau
cb0386060257beee7948743cda60cbbb02cb7da1badb6f79a8578897b64a5cd7,36/2024/QH15,việc đào tạo để nâng hạng giấy phép lái xe thực hiện đối với những đối tượng sau đây
cb0386060257beee7948743cda60cbbb02cb7da1badb6f79a8578897b64a5cd7,36/2024/QH15,những đối tượng này bao gồm những người nâng hạng giấy phép lái xe từ hạng b lên hạng c1
cb0386060257beee7948743cda60cbbb02cb7da1badb6f79a8578897b64a5cd7,36/2024/QH15,những đối tượng này bao gồm những người nâng hạng giấy phép lái xe từ hạng b lên hạng c
cb0386060257beee7948743cda60cbbb02cb7da1badb6f79a8578897b64a5cd7,36/2024/QH15,những đối tượng này bao gồm những người nâng hạng giấy phép lái xe từ hạng b lên hạng d1
cb0386060257beee7948743cda60cbbb02cb7da1badb6f79a8578897b64a5cd7,36/2024/QH15,những đối tượng này bao gồm những người nâng hạng giấy phép lái xe từ hạng b lên hạng d2
d41e34d82f785f362850253261139f95fc2b7aef228098aed98ddef5d999e0fe,36/2024/QH15,việc đào tạo để nâng hạng giấy phép lái xe được thực hiện đối với những đối tượng nâng hạng giấy phép lái xe từ hạng c1 lên hạng c
d41e34d82f785f362850253261139f95fc2b7aef228098aed98ddef5d999e0fe,36/2024/QH15,việc đào tạo để nâng hạng giấy phép lái xe được thực hiện đối với những đối tượng nâng hạng giấy phép lái xe từ hạng c1 lên hạng d1
d41e34d82f785f362850253261139f95fc2b7aef228098aed98ddef5d999e0fe,36/2024/QH15,việc đào tạo để nâng hạng giấy phép lái xe được thực hiện đối với những đối tượng nâng hạng giấy phép lái xe từ hạng c1 lên hạng d2
711c061a64a12467ddd5ee05da7781004284ed0cd14e0a8ef97f62699b6d4e00,36/2024/QH15,việc đào tạo để nâng hạng giấy phép lái xe thực hiện đối với những đối tượng nâng hạng giấy phép lái xe từ hạng c lên hạng d1
711c061a64a12467ddd5ee05da7781004284ed0cd14e0a8ef97f62699b6d4e00,36/2024/QH15,việc đào tạo để nâng hạng giấy phép lái xe thực hiện đối với những đối tượng nâng hạng giấy phép lái xe từ hạng c lên hạng d2
6317f454ebd436c92c570fc9191a3661a774fad4e8b041ea0f7aed416d35c488,36/2024/QH15,việc đào tạo để nâng hạng giấy phép lái xe thực hiện đối với những đối tượng nâng hạng giấy phép lái xe từ hạng d1 lên hạng d2
6317f454ebd436c92c570fc9191a3661a774fad4e8b041ea0f7aed416d35c488,36/2024/QH15,việc đào tạo để nâng hạng giấy phép lái xe thực hiện đối với những đối tượng nâng hạng giấy phép lái xe từ hạng d1 lên hạng d
cd21680bc8f5bbfd195d3be99877e0d078eae3f9943a0f04578033a783ffcfc5,36/2024/QH15,việc đào tạo để nâng hạng giấy phép lái xe thực hiện đối với những đối tượng sau đây
0cd2b36175430c898e03183d4502dad03f7fd67af719d3522fa30bafb04a76a4,36/2024/QH15,việc đào tạo để nâng hạng giấy phép lái xe thực hiện đối với những đối tượng cần nâng hạng giấy phép lái xe từ hạng b lên hạng be
0cd2b36175430c898e03183d4502dad03f7fd67af719d3522fa30bafb04a76a4,36/2024/QH15,việc đào tạo để nâng hạng giấy phép lái xe thực hiện đối với những đối tượng cần nâng hạng giấy phép lái xe từ hạng c1 lên hạng c1e
0cd2b36175430c898e03183d4502dad03f7fd67af719d3522fa30bafb04a76a4,36/2024/QH15,việc đào tạo để nâng hạng giấy phép lái xe thực hiện đối với những đối tượng cần nâng hạng giấy phép lái xe từ hạng c lên hạng ce
0cd2b36175430c898e03183d4502dad03f7fd67af719d3522fa30bafb04a76a4,36/2024/QH15,việc đào tạo để nâng hạng giấy phép lái xe thực hiện đối với những đối tượng cần nâng hạng giấy phép lái xe từ hạng d1 lên hạng d1e
0cd2b36175430c898e03183d4502dad03f7fd67af719d3522fa30bafb04a76a4,36/2024/QH15,việc đào tạo để nâng hạng giấy phép lái xe thực hiện đối với những đối tượng cần nâng hạng giấy phép lái xe từ hạng d2 lên hạng d2e
0cd2b36175430c898e03183d4502dad03f7fd67af719d3522fa30bafb04a76a4,36/2024/QH15,việc đào tạo để nâng hạng giấy phép lái xe thực hiện đối với những đối tượng cần nâng hạng giấy phép lái xe từ hạng d lên hạng de
714b514b5e5b6f1d40c0b1bf4923257994238a5dd29fe53364e007f925fac65f,36/2024/QH15,người được cấp giấy phép lái xe không còn làm nhiệm vụ quốc phòng được đổi giấy phép lái xe
e25dd38f1af670449e59e03a7c137f0644baeefa79c6735fddecfc83f1e9210c,36/2024/QH15,giấy phép lái xe bị thu hồi khi giấy phép lái xe thuộc một trong các trường hợp sau đây
d7ab56fda65f7656ba89cf275c51398218f7c81b6c5d5e6a1a15e52d8c7a1932,36/2024/QH15,giấy phép lái xe bị thu hồi khi giấy phép lái xe được cấp sai quy định
7b38664597438ea74d441c6f89ee0d4695fe3f5d9d5f237c989c264529ddbf26,36/2024/QH15,giấy phép lái xe bị thu hồi khi giấy phép lái xe đã quá thời hạn tạm giữ theo quy định của pháp luật về xử lý vi phạm hành chính
bc8b659bdd456a720046a73c23734cdaae1c3c7d2e044cc93c8f69f23c8be7e6,36/2024/QH15,"hoạt động tuần tra, kiểm soát bao gồm bố trí lực lượng thực hiện nhiệm vụ tuần tra, kiểm soát"
bc8b659bdd456a720046a73c23734cdaae1c3c7d2e044cc93c8f69f23c8be7e6,36/2024/QH15,"hoạt động tuần tra, kiểm soát bao gồm bố trí phương tiện thực hiện nhiệm vụ tuần tra, kiểm soát"
88b347564e0889a52144bfd4bc25aa99a1cc8aa49a7deff144a94aaad6a73bf6,36/2024/QH15,"hoạt động tuần tra, kiểm soát bao gồm phát hiện vi phạm pháp luật về trật tự, an toàn giao thông đường bộ"
88b347564e0889a52144bfd4bc25aa99a1cc8aa49a7deff144a94aaad6a73bf6,36/2024/QH15,"hoạt động tuần tra, kiểm soát bao gồm ngăn chặn vi phạm pháp luật về trật tự, an toàn giao thông đường bộ"
88b347564e0889a52144bfd4bc25aa99a1cc8aa49a7deff144a94aaad6a73bf6,36/2024/QH15,"hoạt động tuần tra, kiểm soát bao gồm xử lý vi phạm pháp luật về trật tự, an toàn giao thông đường bộ"
88b347564e0889a52144bfd4bc25aa99a1cc8aa49a7deff144a94aaad6a73bf6,36/2024/QH15,"hoạt động tuần tra, kiểm soát bao gồm phát hiện vi phạm pháp luật khác"
88b347564e0889a52144bfd4bc25aa99a1cc8aa49a7deff144a94aaad6a73bf6,36/2024/QH15,"hoạt động tuần tra, kiểm soát bao gồm ngăn chặn vi phạm pháp luật khác"
88b347564e0889a52144bfd4bc25aa99a1cc8aa49a7deff144a94aaad6a73bf6,36/2024/QH15,"hoạt động tuần tra, kiểm soát bao gồm xử lý vi phạm pháp luật khác"
9f90c8792714672614d0ad3c510a96f50a967f4670a8cb511784d372515efd67,36/2024/QH15,"hình thức tuần tra, kiểm soát bao gồm tổ chức lực lượng trực tiếp tuần tra trên tuyến giao thông đường bộ"
9f90c8792714672614d0ad3c510a96f50a967f4670a8cb511784d372515efd67,36/2024/QH15,"hình thức tuần tra, kiểm soát bao gồm tổ chức lực lượng trực tiếp kiểm soát trên tuyến giao thông đường bộ"
0b82a17fe24609efeee9fc1fca9b001958098b1fe01080b0df2daf149f5cb237,36/2024/QH15,"hình thức tuần tra, kiểm soát bao gồm kiểm soát thông qua hệ thống"
0b82a17fe24609efeee9fc1fca9b001958098b1fe01080b0df2daf149f5cb237,36/2024/QH15,"hình thức tuần tra, kiểm soát bao gồm kiểm soát thông qua phương tiện"
0b82a17fe24609efeee9fc1fca9b001958098b1fe01080b0df2daf149f5cb237,36/2024/QH15,"hình thức tuần tra, kiểm soát bao gồm kiểm soát thông qua thiết bị"
0b82a17fe24609efeee9fc1fca9b001958098b1fe01080b0df2daf149f5cb237,36/2024/QH15,"hình thức tuần tra, kiểm soát bao gồm kiểm soát thông qua dữ liệu quy định tại các khoản 1, 2, 3 và 4 điều 67 của luật này"
1a85a0c467a37f47b7cecaa0a27e1bec69827dc70f8216bb2a37882540e212d1,36/2024/QH15,"lực lượng thực hiện tuần tra, kiểm soát bao gồm lực lượng cảnh sát giao thông"
99d01e0ae4792616723ee9a7585d07b437258101b8ac09110d25f9987a825042,36/2024/QH15,"lực lượng thực hiện tuần tra, kiểm soát bao gồm lực lượng, đơn vị khác trong công an nhân dân được huy động tham gia phối hợp với cảnh sát giao thông thực hiện tuần tra, kiểm soát trong trường hợp cần thiết"
2150de2c4b28bf2b24b2bf9e94a0023e27c57d0cd537646fe3f313207cb0752c,36/2024/QH15,"nhiệm vụ của cảnh sát giao thông khi thực hiện tuần tra, kiểm soát là giải quyết tai nạn giao thông đường bộ theo quy định của pháp luật"
764ee4312a8206628f62ba0285eeb51880713853f374dd40e65b3e82aacc2a08,36/2024/QH15,"nhiệm vụ của cảnh sát giao thông khi thực hiện tuần tra, kiểm soát bao gồm đấu tranh phòng, chống tội phạm hoạt động trên tuyến giao thông đường bộ"
764ee4312a8206628f62ba0285eeb51880713853f374dd40e65b3e82aacc2a08,36/2024/QH15,"nhiệm vụ của cảnh sát giao thông khi thực hiện tuần tra, kiểm soát bao gồm bảo đảm an ninh, trật tự theo quy định của pháp luật"
764ee4312a8206628f62ba0285eeb51880713853f374dd40e65b3e82aacc2a08,36/2024/QH15,"nhiệm vụ của cảnh sát giao thông khi thực hiện tuần tra, kiểm soát bao gồm tham gia phòng, chống khủng bố"
764ee4312a8206628f62ba0285eeb51880713853f374dd40e65b3e82aacc2a08,36/2024/QH15,"nhiệm vụ của cảnh sát giao thông khi thực hiện tuần tra, kiểm soát bao gồm tham gia phòng, chống biểu tình gây rối"
764ee4312a8206628f62ba0285eeb51880713853f374dd40e65b3e82aacc2a08,36/2024/QH15,"nhiệm vụ của cảnh sát giao thông khi thực hiện tuần tra, kiểm soát bao gồm tham gia phòng, chống dịch bệnh"
764ee4312a8206628f62ba0285eeb51880713853f374dd40e65b3e82aacc2a08,36/2024/QH15,"nhiệm vụ của cảnh sát giao thông khi thực hiện tuần tra, kiểm soát bao gồm tham gia phòng, chống thiên tai"
764ee4312a8206628f62ba0285eeb51880713853f374dd40e65b3e82aacc2a08,36/2024/QH15,"nhiệm vụ của cảnh sát giao thông khi thực hiện tuần tra, kiểm soát bao gồm tham gia phòng, chống hỏa hoạn"
764ee4312a8206628f62ba0285eeb51880713853f374dd40e65b3e82aacc2a08,36/2024/QH15,"nhiệm vụ của cảnh sát giao thông khi thực hiện tuần tra, kiểm soát bao gồm tham gia cứu nạn"
764ee4312a8206628f62ba0285eeb51880713853f374dd40e65b3e82aacc2a08,36/2024/QH15,"nhiệm vụ của cảnh sát giao thông khi thực hiện tuần tra, kiểm soát bao gồm tham gia cứu hộ"
f874c7d2bfbdc845ea2b499c0ba0a39fcd6b0b3bf1dda48a598f0f53cd87ac89,36/2024/QH15,"nhiệm vụ của cảnh sát giao thông khi thực hiện tuần tra, kiểm soát là phát hiện những bất cập về đường bộ, tổ chức giao thông đường bộ và nguyên nhân dẫn đến mất trật tự, an toàn giao thông đường bộ"
350c08027e654ca78382865933fdc1306b50782a25eb245c638b2ab9f09997c4,36/2024/QH15,"nhiệm vụ của cảnh sát giao thông khi thực hiện tuần tra, kiểm soát bao gồm nhiệm vụ khác theo quy định của luật công an nhân dân"
350c08027e654ca78382865933fdc1306b50782a25eb245c638b2ab9f09997c4,36/2024/QH15,"nhiệm vụ của cảnh sát giao thông khi thực hiện tuần tra, kiểm soát bao gồm nhiệm vụ theo quy định khác của pháp luật có liên quan"
04aa560e20b066958aca7e09863f2ff3af2eb02a4d45702424a6d7101162ab60,36/2024/QH15,"quyền hạn của cảnh sát giao thông khi thực hiện tuần tra, kiểm soát bao gồm xử lý vi phạm hành chính về trật tự, an toàn giao thông đường bộ"
04aa560e20b066958aca7e09863f2ff3af2eb02a4d45702424a6d7101162ab60,36/2024/QH15,"quyền hạn của cảnh sát giao thông khi thực hiện tuần tra, kiểm soát bao gồm xử lý vi phạm pháp luật khác theo quy định của pháp luật"
5451b77c01ec394797a6f4dc2e3fb5aace87e559e32ca3db9b4e91e94f4ae7f6,36/2024/QH15,"quyền hạn của cảnh sát giao thông khi thực hiện tuần tra, kiểm soát bao gồm huy động người dân sự"
5451b77c01ec394797a6f4dc2e3fb5aace87e559e32ca3db9b4e91e94f4ae7f6,36/2024/QH15,"quyền hạn của cảnh sát giao thông khi thực hiện tuần tra, kiểm soát bao gồm huy động phương tiện dân sự trong trường hợp cấp bách"
5451b77c01ec394797a6f4dc2e3fb5aace87e559e32ca3db9b4e91e94f4ae7f6,36/2024/QH15,"quyền hạn của cảnh sát giao thông khi thực hiện tuần tra, kiểm soát bao gồm huy động thiết bị dân sự trong trường hợp cấp bách"
5451b77c01ec394797a6f4dc2e3fb5aace87e559e32ca3db9b4e91e94f4ae7f6,36/2024/QH15,"quyền hạn của cảnh sát giao thông khi thực hiện tuần tra, kiểm soát bao gồm di chuyển phương tiện vi phạm dừng trên đường bộ gây cản trở giao thông"
5451b77c01ec394797a6f4dc2e3fb5aace87e559e32ca3db9b4e91e94f4ae7f6,36/2024/QH15,"quyền hạn của cảnh sát giao thông khi thực hiện tuần tra, kiểm soát bao gồm di chuyển phương tiện vi phạm đỗ trên đường bộ gây ùn tắc giao thông"
5451b77c01ec394797a6f4dc2e3fb5aace87e559e32ca3db9b4e91e94f4ae7f6,36/2024/QH15,"quyền hạn của cảnh sát giao thông khi thực hiện tuần tra, kiểm soát bao gồm di chuyển phương tiện vi phạm dừng, đỗ trên đường bộ gây nguy cơ dẫn đến tai nạn giao thông đường bộ"
5451b77c01ec394797a6f4dc2e3fb5aace87e559e32ca3db9b4e91e94f4ae7f6,36/2024/QH15,"quyền hạn của cảnh sát giao thông khi thực hiện tuần tra, kiểm soát bao gồm di chuyển phương tiện vi phạm dừng, đỗ trên đường bộ theo quy định tại điều 68 của luật này"
5451b77c01ec394797a6f4dc2e3fb5aace87e559e32ca3db9b4e91e94f4ae7f6,36/2024/QH15,"quyền hạn của cảnh sát giao thông khi thực hiện tuần tra, kiểm soát bao gồm di chuyển phương tiện vi phạm dừng, đỗ trên đường bộ theo quy định tại điều 69 của luật này"
7d7979a2b15bb50da817ccd86bef15e858e192b4f634e483b367427601c77cdc,36/2024/QH15,"quyền hạn của cảnh sát giao thông khi thực hiện tuần tra, kiểm soát bao gồm vận hành hệ thống, phương tiện, thiết bị, dữ liệu theo quy định tại khoản 1 điều 67 của luật này"
7d7979a2b15bb50da817ccd86bef15e858e192b4f634e483b367427601c77cdc,36/2024/QH15,"quyền hạn của cảnh sát giao thông khi thực hiện tuần tra, kiểm soát bao gồm sử dụng hệ thống, phương tiện, thiết bị, dữ liệu theo quy định tại khoản 2 điều 67 của luật này"
7d7979a2b15bb50da817ccd86bef15e858e192b4f634e483b367427601c77cdc,36/2024/QH15,"quyền hạn của cảnh sát giao thông khi thực hiện tuần tra, kiểm soát bao gồm vận hành hệ thống, phương tiện, thiết bị, dữ liệu theo quy định tại khoản 3 điều 67 của luật này"
7d7979a2b15bb50da817ccd86bef15e858e192b4f634e483b367427601c77cdc,36/2024/QH15,"quyền hạn của cảnh sát giao thông khi thực hiện tuần tra, kiểm soát bao gồm vận hành hệ thống, phương tiện, thiết bị, dữ liệu theo quy định tại khoản 4 điều 67 của luật này"
7d7979a2b15bb50da817ccd86bef15e858e192b4f634e483b367427601c77cdc,36/2024/QH15,"quyền hạn của cảnh sát giao thông khi thực hiện tuần tra, kiểm soát bao gồm sử dụng vũ khí theo quy định tại điều 70 của luật này"
7d7979a2b15bb50da817ccd86bef15e858e192b4f634e483b367427601c77cdc,36/2024/QH15,"quyền hạn của cảnh sát giao thông khi thực hiện tuần tra, kiểm soát bao gồm sử dụng công cụ hỗ trợ theo quy định tại điều 70 của luật này"
7c079a92936a6dff548dbf7a7e51bf4c3d60f5978adbd320f13037088fca6529,36/2024/QH15,"quyền hạn của cảnh sát giao thông khi thực hiện tuần tra, kiểm soát bao gồm quyền hạn khác theo quy định của luật công an nhân dân"
7c079a92936a6dff548dbf7a7e51bf4c3d60f5978adbd320f13037088fca6529,36/2024/QH15,"quyền hạn của cảnh sát giao thông khi thực hiện tuần tra, kiểm soát bao gồm quy định khác của pháp luật có liên quan"
90f9c4d2e152e5d7fd5a7825001b97cec6477b973de7e39947659fb9f27ab57a,36/2024/QH15,"khi thực hiện nhiệm vụ, lực lượng thực hiện tuần tra, kiểm soát phải tuân thủ quy định của pháp luật"
749264b4bf8ada94dba26c2a2674878e8183917ffee9e2e2f24815152e1e54a3,36/2024/QH15,"lực lượng thực hiện tuần tra, kiểm soát phải tuân thủ nguyên tắc kiên quyết đấu tranh phòng, chống tội phạm khi thực hiện nhiệm vụ"
749264b4bf8ada94dba26c2a2674878e8183917ffee9e2e2f24815152e1e54a3,36/2024/QH15,"lực lượng thực hiện tuần tra, kiểm soát phải tuân thủ nguyên tắc kiên quyết đấu tranh phòng, chống vi phạm pháp luật về trật tự, an toàn giao thông đường bộ khi thực hiện nhiệm vụ"
749264b4bf8ada94dba26c2a2674878e8183917ffee9e2e2f24815152e1e54a3,36/2024/QH15,"lực lượng thực hiện tuần tra, kiểm soát phải tuân thủ nguyên tắc kiên quyết đấu tranh phòng, chống vi phạm pháp luật khác khi thực hiện nhiệm vụ"
330bcba93f817b03b65a454b35d2f126785f04a70046b1fc9f534f5092384413,36/2024/QH15,"lực lượng thực hiện tuần tra, kiểm soát phải tuân thủ các nguyên tắc khi thực hiện nhiệm vụ"
330bcba93f817b03b65a454b35d2f126785f04a70046b1fc9f534f5092384413,36/2024/QH15,"lực lượng thực hiện tuần tra, kiểm soát phải chịu trách nhiệm về quyết định, hành vi của mình theo quy định của pháp luật"
87576a88e083407b315a34f5a2c1ef51de6e86e012c2dc54b43ce4f5a652d0a1,36/2024/QH15,"hệ thống giám sát bảo đảm an ninh, trật tự, an toàn giao thông đường bộ được quy định như sau"
87576a88e083407b315a34f5a2c1ef51de6e86e012c2dc54b43ce4f5a652d0a1,36/2024/QH15,"hệ thống giám sát bảo đảm an ninh, trật tự, an toàn giao thông đường bộ được xây dựng, lắp đặt trên các tuyến giao thông đường bộ theo quy chuẩn kỹ thuật quốc gia"
b5914149e3a3df8d4a25dd127526ca497c76c4df06f13613a2c9011a782f9f2c,36/2024/QH15,"hệ thống giám sát bảo đảm an ninh, trật tự, an toàn giao thông đường bộ được quy định"
b5914149e3a3df8d4a25dd127526ca497c76c4df06f13613a2c9011a782f9f2c,36/2024/QH15,"việc xây dựng hệ thống giám sát bảo đảm an ninh, trật tự, an toàn giao thông đường bộ phải tuân thủ đúng quy trình, quy tắc"
b5914149e3a3df8d4a25dd127526ca497c76c4df06f13613a2c9011a782f9f2c,36/2024/QH15,"việc quản lý hệ thống giám sát bảo đảm an ninh, trật tự, an toàn giao thông đường bộ phải tuân thủ đúng quy trình, quy tắc"
b5914149e3a3df8d4a25dd127526ca497c76c4df06f13613a2c9011a782f9f2c,36/2024/QH15,"việc vận hành hệ thống giám sát bảo đảm an ninh, trật tự, an toàn giao thông đường bộ phải bảo đảm hoạt động liên tục"
b5914149e3a3df8d4a25dd127526ca497c76c4df06f13613a2c9011a782f9f2c,36/2024/QH15,"việc sử dụng hệ thống giám sát bảo đảm an ninh, trật tự, an toàn giao thông đường bộ phải tuân thủ đúng quy trình, quy tắc"
b5914149e3a3df8d4a25dd127526ca497c76c4df06f13613a2c9011a782f9f2c,36/2024/QH15,"việc sử dụng hệ thống giám sát bảo đảm an ninh, trật tự, an toàn giao thông đường bộ phải bảo đảm hoạt động liên tục"
43740cdf259b3758cff9e18ae823249c8bfe39228dafd9fe91346de126e1fd74,36/2024/QH15,"hệ thống giám sát bảo đảm an ninh, trật tự, an toàn giao thông đường bộ được quy định như sau"
43740cdf259b3758cff9e18ae823249c8bfe39228dafd9fe91346de126e1fd74,36/2024/QH15,"dữ liệu thu thập được từ hệ thống giám sát bảo đảm an ninh, trật tự, an toàn giao thông đường bộ phải được quản lý theo quy định của pháp luật"
43740cdf259b3758cff9e18ae823249c8bfe39228dafd9fe91346de126e1fd74,36/2024/QH15,"dữ liệu thu thập được từ hệ thống giám sát bảo đảm an ninh, trật tự, an toàn giao thông đường bộ phải bảo đảm các yêu cầu về bảo vệ dữ liệu cá nhân"
43740cdf259b3758cff9e18ae823249c8bfe39228dafd9fe91346de126e1fd74,36/2024/QH15,"dữ liệu thu thập được từ hệ thống giám sát bảo đảm an ninh, trật tự, an toàn giao thông đường bộ phải bảo đảm bảo vệ các quyền và lợi ích hợp pháp của cá nhân và tổ chức"
8b9d22d658d4885289b9f28dbe6434434c21319246709b2a467a7be36a917de2,36/2024/QH15,"khi xuất hiện ùn tắc giao thông, phải tiến hành các biện pháp sau đây"
ed3c9ff3d2e40b6576cc18fcd6a2849fda85c00fb97cfff14bc7e7bd4b878ece,36/2024/QH15,"khi xuất hiện ùn tắc giao thông, phải tiến hành các biện pháp phòng ngừa, giải quyết, khắc phục ùn tắc giao thông"
12a2a0abd83bbe77c1f8574c3223978e33cf4c6365644b622739ea93595a2a2c,36/2024/QH15,người liên quan đến vụ tai nạn giao thông đường bộ không phải ở lại hiện trường khi phải đi cấp cứu
12a2a0abd83bbe77c1f8574c3223978e33cf4c6365644b622739ea93595a2a2c,36/2024/QH15,người liên quan đến vụ tai nạn giao thông đường bộ không phải ở lại hiện trường khi đưa người bị nạn đi cấp cứu
12a2a0abd83bbe77c1f8574c3223978e33cf4c6365644b622739ea93595a2a2c,36/2024/QH15,"người liên quan đến vụ tai nạn giao thông đường bộ không phải ở lại hiện trường khi xét thấy bị đe dọa đến tính mạng, sức khỏe nhưng phải đến trình báo ngay cơ quan công an, ủy ban nhân dân nơi gần nhất"
687dab9dfbe72b60edef52fcb511e358aa3e5b56e86ed5a4843eec0f19483470,36/2024/QH15,tất cả các vụ tai nạn giao thông đường bộ xảy ra phải được điều tra nhanh chóng
687dab9dfbe72b60edef52fcb511e358aa3e5b56e86ed5a4843eec0f19483470,36/2024/QH15,tất cả các vụ tai nạn giao thông đường bộ xảy ra phải được giải quyết kịp thời
687dab9dfbe72b60edef52fcb511e358aa3e5b56e86ed5a4843eec0f19483470,36/2024/QH15,tất cả các vụ tai nạn giao thông đường bộ xảy ra phải được điều tra chính xác
687dab9dfbe72b60edef52fcb511e358aa3e5b56e86ed5a4843eec0f19483470,36/2024/QH15,tất cả các vụ tai nạn giao thông đường bộ xảy ra phải được giải quyết khách quan
687dab9dfbe72b60edef52fcb511e358aa3e5b56e86ed5a4843eec0f19483470,36/2024/QH15,tất cả các vụ tai nạn giao thông đường bộ xảy ra phải được điều tra đúng quy định của pháp luật
6ff7362414f1769795fe7f0099df7a2a8d4f90dfae8b9a3cb360239609604244,36/2024/QH15,"nguyên tắc điều tra, giải quyết tai nạn giao thông đường bộ được quy định"
4164a553d600a9932cdd08c01a07832e21e3b149476f9395d66ea0d2fbbfbd87,36/2024/QH15,"nguyên tắc điều tra, giải quyết tai nạn giao thông đường bộ được quy định như sau"
00c0a1d915bb3bbed49b9fa7914a17748a799d8b54ac48bab1a6eb7c4d55d676,36/2024/QH15,"việc điều tra, giải quyết được thực hiện theo quy định của pháp luật về tố tụng hình sự"
00c0a1d915bb3bbed49b9fa7914a17748a799d8b54ac48bab1a6eb7c4d55d676,36/2024/QH15,"đối với tai nạn giao thông đường bộ chưa xác định có dấu hiệu tội phạm, nội dung điều tra, giải quyết tai nạn giao thông đường bộ bao gồm việc kiểm tra nồng độ cồn, chất ma túy và các chất kích thích khác mà pháp luật cấm sử dụng"
7be31a6d85fed4e9704dc7ca4da1ddf14f1412bb2c3225e986a8a9460f03ce5d,36/2024/QH15,"đối với tai nạn giao thông đường bộ chưa xác định có dấu hiệu tội phạm, nội dung điều tra, giải quyết tai nạn giao thông đường bộ bao gồm việc khám nghiệm hiện trường, phương tiện, tử thi, công trình đường bộ liên quan trực tiếp đến vụ tai nạn giao thông đường bộ"
7be31a6d85fed4e9704dc7ca4da1ddf14f1412bb2c3225e986a8a9460f03ce5d,36/2024/QH15,"nội dung điều tra, giải quyết tai nạn giao thông đường bộ bao gồm việc thu thập thông tin, dữ liệu"
7be31a6d85fed4e9704dc7ca4da1ddf14f1412bb2c3225e986a8a9460f03ce5d,36/2024/QH15,"nội dung điều tra, giải quyết tai nạn giao thông đường bộ bao gồm việc xác định hậu quả thiệt hại về người và tài sản do tai nạn giao thông đường bộ gây ra"
b821362aeb5f4727bd8953a1dbd242488dc06ce348304f85f2a39cee1b23b1a3,36/2024/QH15,"nội dung điều tra, giải quyết tai nạn giao thông đường bộ bao gồm việc ghi lời khai của người bị nạn"
b821362aeb5f4727bd8953a1dbd242488dc06ce348304f85f2a39cee1b23b1a3,36/2024/QH15,"nội dung điều tra, giải quyết tai nạn giao thông đường bộ bao gồm việc ghi lời khai của những người có liên quan khác trong vụ tai nạn giao thông đường bộ"
171af43ab56b62a1408e89d3b8888957a9519b1e09cbd75b3b3953d61f7a7242,36/2024/QH15,"đối với tai nạn giao thông đường bộ chưa xác định có dấu hiệu tội phạm, nội dung điều tra bao gồm xem xét dấu vết trên thân thể người bị nạn"
171af43ab56b62a1408e89d3b8888957a9519b1e09cbd75b3b3953d61f7a7242,36/2024/QH15,"đối với tai nạn giao thông đường bộ chưa xác định có dấu hiệu tội phạm, nội dung điều tra bao gồm kiểm tra hành khách vận chuyển có liên quan"
171af43ab56b62a1408e89d3b8888957a9519b1e09cbd75b3b3953d61f7a7242,36/2024/QH15,"đối với tai nạn giao thông đường bộ chưa xác định có dấu hiệu tội phạm, nội dung điều tra bao gồm kiểm tra hàng hóa vận chuyển có liên quan"
171af43ab56b62a1408e89d3b8888957a9519b1e09cbd75b3b3953d61f7a7242,36/2024/QH15,"đối với tai nạn giao thông đường bộ chưa xác định có dấu hiệu tội phạm, nội dung điều tra bao gồm kiểm tra các loại giấy tờ khác có liên quan"
e7114714d77542a86101749a969e553729635d78570c689cdcbe574901fa122f,36/2024/QH15,"đối với tai nạn giao thông đường bộ chưa xác định có dấu hiệu tội phạm, nội dung điều tra, giải quyết tai nạn giao thông đường bộ bao gồm các hoạt động khác theo quy định của pháp luật"
665f4f999c92673f48e437a59bac1210ef6096738ca96612ab2b4a5784cea565,36/2024/QH15,các nguồn tài chính đó bao gồm hỗ trợ
665f4f999c92673f48e437a59bac1210ef6096738ca96612ab2b4a5784cea565,36/2024/QH15,các nguồn tài chính đó bao gồm viện trợ
665f4f999c92673f48e437a59bac1210ef6096738ca96612ab2b4a5784cea565,36/2024/QH15,"các nguồn tài chính đó bao gồm đóng góp tự nguyện của các tổ chức, cá nhân trong nước"
665f4f999c92673f48e437a59bac1210ef6096738ca96612ab2b4a5784cea565,36/2024/QH15,"các nguồn tài chính đó bao gồm đóng góp tự nguyện của các tổ chức, cá nhân nước ngoài"
014dbd00cbffef693257c248b0d1c4edb82a1bb75be2bf2388db543efbeb2458,36/2024/QH15,"giấy phép lái xe được cấp trước ngày luật này có hiệu lực thi hành nếu chưa thực hiện đổi, cấp lại theo quy định của luật này có hiệu lực sử dụng"
014dbd00cbffef693257c248b0d1c4edb82a1bb75be2bf2388db543efbeb2458,36/2024/QH15,giấy phép lái xe hạng a2 được phép tiếp tục điều khiển các loại xe quy định cho giấy phép lái xe hạng a1 quy định tại điểm a khoản này
7883cd9cf9d5dbac248b35f70f6d3a1980cb1fb643513432aba8d86bd731837a,36/2024/QH15,giấy phép lái xe hạng a3 được tiếp tục sử dụng để điều khiển xe mô tô ba bánh
7883cd9cf9d5dbac248b35f70f6d3a1980cb1fb643513432aba8d86bd731837a,36/2024/QH15,giấy phép lái xe hạng a3 được tiếp tục sử dụng để điều khiển các loại xe quy định cho giấy phép lái xe hạng a1 quy định tại điểm a khoản này
7883cd9cf9d5dbac248b35f70f6d3a1980cb1fb643513432aba8d86bd731837a,36/2024/QH15,giấy phép lái xe hạng a3 được tiếp tục sử dụng để điều khiển các xe tương tự
ed8ebd1aaf861518c6e3ee04b399b4e989bad68f4c6750144116ac15331f3ecf,36/2024/QH15,000 kg
d4d6099176ad87f901e2d2b0044b5c7f8d77c229c4a86a5077bf79ce47257d25,36/2024/QH15,"giấy phép lái xe được cấp trước ngày luật này có hiệu lực thi hành được sử dụng nếu chưa thực hiện đổi, cấp lại theo quy định của luật này"
d4d6099176ad87f901e2d2b0044b5c7f8d77c229c4a86a5077bf79ce47257d25,36/2024/QH15,giấy phép lái xe hạng b1 số tự động được cấp cho người không hành nghề lái xe
d4d6099176ad87f901e2d2b0044b5c7f8d77c229c4a86a5077bf79ce47257d25,36/2024/QH15,người không hành nghề lái xe được tiếp tục điều khiển xe ô tô số tự động chở người đến 08 chỗ không kể chỗ của người lái xe
d4d6099176ad87f901e2d2b0044b5c7f8d77c229c4a86a5077bf79ce47257d25,36/2024/QH15,500 kg
5cca1bdfb4e9b2e91a8b13084c125b6bd07a85b6388bb3ddf8b8c1f27a265ec4,36/2024/QH15,500 kg
5b7d9688c64703cee45a6d6f9f2eb5641343dbff80823d509fcef0d3d07f2a79,36/2024/QH15,500 kg
5b7d9688c64703cee45a6d6f9f2eb5641343dbff80823d509fcef0d3d07f2a79,36/2024/QH15,500 kg
9c2795645b16d4e1ffd6737de3ee107d535907c40f2df4cf1db53b0e5cd266df,36/2024/QH15,"giấy phép lái xe được cấp trước ngày luật này có hiệu lực thi hành nếu chưa thực hiện đổi, cấp lại theo quy định của luật này có hiệu lực sử dụng"
9c2795645b16d4e1ffd6737de3ee107d535907c40f2df4cf1db53b0e5cd266df,36/2024/QH15,500 kg trở lên
9c2795645b16d4e1ffd6737de3ee107d535907c40f2df4cf1db53b0e5cd266df,36/2024/QH15,"giấy phép lái xe hạng c được tiếp tục điều khiển các loại xe quy định cho giấy phép lái xe hạng b1, b2 quy định tại các điểm đ, e và g khoản này"
9648bde17ea78e72e8053d31173411c0e0bc933b8d4bea53a03b856440eb6d62,36/2024/QH15,"giấy phép lái xe được cấp trước ngày luật này có hiệu lực thi hành không thực hiện đổi, cấp lại theo quy định của luật này"
9648bde17ea78e72e8053d31173411c0e0bc933b8d4bea53a03b856440eb6d62,36/2024/QH15,"giấy phép lái xe hạng d được tiếp tục điều khiển các loại xe quy định cho các giấy phép lái xe hạng b1, b2, c quy định tại các điểm đ, e, g và h khoản này"
c4e8ddb61ca6f0e81e3a467df0d95fbe1bd093c2237590f9506f9b61f3dd800d,36/2024/QH15,giấy phép lái xe hạng e được tiếp tục sử dụng để điều khiển các loại xe quy định cho giấy phép lái xe hạng b1
c4e8ddb61ca6f0e81e3a467df0d95fbe1bd093c2237590f9506f9b61f3dd800d,36/2024/QH15,giấy phép lái xe hạng e được tiếp tục sử dụng để điều khiển các loại xe quy định cho giấy phép lái xe hạng b2
c4e8ddb61ca6f0e81e3a467df0d95fbe1bd093c2237590f9506f9b61f3dd800d,36/2024/QH15,giấy phép lái xe hạng e được tiếp tục sử dụng để điều khiển các loại xe quy định cho giấy phép lái xe hạng c
c4e8ddb61ca6f0e81e3a467df0d95fbe1bd093c2237590f9506f9b61f3dd800d,36/2024/QH15,giấy phép lái xe hạng e được tiếp tục sử dụng để điều khiển các loại xe quy định cho giấy phép lái xe hạng d
c4e8ddb61ca6f0e81e3a467df0d95fbe1bd093c2237590f9506f9b61f3dd800d,36/2024/QH15,"giấy phép lái xe hạng e được tiếp tục sử dụng để điều khiển các loại xe quy định tại các điểm đ, e, g, h và i khoản này"
5fc48271c1bf6b97b37a605034db3c439675a8ddad63877078209a5796e1e4ee,36/2024/QH15,"giấy phép lái xe hạng fb2, fd được tiếp tục sử dụng để điều khiển các loại xe quy định cho giấy phép lái xe hạng b2, d quy định tại điểm g và điểm i khoản này khi kéo rơ moóc"
5fc48271c1bf6b97b37a605034db3c439675a8ddad63877078209a5796e1e4ee,36/2024/QH15,giấy phép lái xe hạng fc được tiếp tục sử dụng để điều khiển các loại xe quy định cho giấy phép lái xe hạng c quy định tại điểm h khoản này khi kéo rơ moóc hoặc đầu kéo kéo sơ mi rơ moóc
3fd9e06630ff0bd3e596bd186c4ee8b1724d1c7604aa4c5d1b3e0f92d28c6045,36/2024/QH15,giấy phép lái xe hạng a2 được đổi sang giấy phép lái xe hạng a
3fd9e06630ff0bd3e596bd186c4ee8b1724d1c7604aa4c5d1b3e0f92d28c6045,36/2024/QH15,giấy phép lái xe hạng a2 được cấp lại sang giấy phép lái xe hạng a
19097c5cbefed3f425800aa48bb084356337a15ada2f468ce122c5f154e2fc81,36/2024/QH15,"giấy phép lái xe hạng a3 được đổi, cấp lại sang giấy phép lái xe hạng b1"
53a1b107172ba3a431e0b9eeeb78a8b7730904fe3e2405c7f4397466a4b1fa7b,36/2024/QH15,000 kg
53a1b107172ba3a431e0b9eeeb78a8b7730904fe3e2405c7f4397466a4b1fa7b,36/2024/QH15,000 kg
7c1f3acccbec23b44a17767f568bcb05790555e2819ea811b4585c51ebefca1d,36/2024/QH15,"giấy phép lái xe hạng b1 số tự động được đổi, cấp lại sang giấy phép lái xe hạng b với điều kiện hạn chế là chỉ được điều khiển xe ô tô số tự động"
0cd48b0e19c325075eb1ca71efd1c8e9822553cc6bdd4395290713e161283151,36/2024/QH15,"giấy phép lái xe hạng b1, b2 được đổi sang giấy phép lái xe hạng b hoặc hạng c1"
0cd48b0e19c325075eb1ca71efd1c8e9822553cc6bdd4395290713e161283151,36/2024/QH15,"giấy phép lái xe hạng b1, b2 được cấp lại sang giấy phép lái xe hạng b hoặc hạng c1"
7798b79287ca2226b5ce4f23b4cdc73a3415fd175bee0def05c6a251ba2e4d28,36/2024/QH15,500 kg
79bc79216fa182465ba7befe5869322502f95a0b09309677251b18a4e79ae730,36/2024/QH15,500 kg
25d1f149084fa9a77029230da59f4354480b8279ce4dab72afd863a418fed5c1,36/2024/QH15,giấy phép lái xe hạng e được đổi sang giấy phép lái xe hạng d
25d1f149084fa9a77029230da59f4354480b8279ce4dab72afd863a418fed5c1,36/2024/QH15,giấy phép lái xe hạng e được cấp lại sang giấy phép lái xe hạng d
25d1f149084fa9a77029230da59f4354480b8279ce4dab72afd863a418fed5c1,36/2024/QH15,chứng chỉ điều khiển xe máy chuyên dùng cho người điều khiển máy kéo có trọng tải trên 3
603c41bffadd54aacac937271ba29f5564a49b3381769ea1d3139e92ab277b69,36/2024/QH15,giấy phép lái xe hạng fb2 được đổi sang giấy phép lái xe hạng be hoặc hạng c1e
603c41bffadd54aacac937271ba29f5564a49b3381769ea1d3139e92ab277b69,36/2024/QH15,giấy phép lái xe hạng fb2 được cấp lại sang giấy phép lái xe hạng be hoặc hạng c1e
603c41bffadd54aacac937271ba29f5564a49b3381769ea1d3139e92ab277b69,36/2024/QH15,500 kg
603c41bffadd54aacac937271ba29f5564a49b3381769ea1d3139e92ab277b69,36/2024/QH15,500 kg
5a2fce3403633ad741cffabe936944693b93a87961af6d043c5cba33e410e68c,36/2024/QH15,giấy phép lái xe hạng fc được đổi sang giấy phép lái xe hạng ce
5a2fce3403633ad741cffabe936944693b93a87961af6d043c5cba33e410e68c,36/2024/QH15,giấy phép lái xe hạng fc được cấp lại sang giấy phép lái xe hạng ce
5a2fce3403633ad741cffabe936944693b93a87961af6d043c5cba33e410e68c,36/2024/QH15,giấy phép lái xe hạng ce kèm theo chứng chỉ điều khiển xe máy chuyên dùng cho người điều khiển máy kéo có trọng tải trên 3
5a2fce3403633ad741cffabe936944693b93a87961af6d043c5cba33e410e68c,36/2024/QH15,500 kg
e97329df75cc6196944880311e0c20f9cda763fefa06019280352d7129a648b0,36/2024/QH15,giấy phép lái xe hạng fd được đổi sang giấy phép lái xe hạng d2e
e97329df75cc6196944880311e0c20f9cda763fefa06019280352d7129a648b0,36/2024/QH15,giấy phép lái xe hạng fd được cấp lại sang giấy phép lái xe hạng d2e
e97329df75cc6196944880311e0c20f9cda763fefa06019280352d7129a648b0,36/2024/QH15,500 kg
93b798222b97169cfb719fc2ddf8d730d32ddeaea18b911415ea3aad39d1922d,36/2024/QH15,500 kg
8c0f4f868ee5251d2e817fbe14df591badf7047f2029acdaed3835bf1bc263df,16/2022/TT-BGTVT,bản sao điện tử của cơ sở thiết kế được nộp hồ sơ qua hệ thống dịch vụ công trực tuyến
8c0f4f868ee5251d2e817fbe14df591badf7047f2029acdaed3835bf1bc263df,16/2022/TT-BGTVT,"khoản 4 điều 5 được sửa đổi, bổ sung như sau"
b5abfa3c0ec888bbe18570d3b6da6b21b1936b7293bd7f70b39bf658449ae654,16/2022/TT-BGTVT,trường hợp nhận qua hệ thống dịch vụ công trực tuyến là nhận bản điện tử giấy chứng nhận thẩm định thiết kế
4828c7cfa3bec4ec4181eb66688879a42b2ce24c4f481649ad8598453f5cf88a,16/2022/TT-BGTVT,"khoản 6 điều 5 được sửa đổi, bổ sung điểm b, điểm c và điểm d như sau"
4828c7cfa3bec4ec4181eb66688879a42b2ce24c4f481649ad8598453f5cf88a,16/2022/TT-BGTVT,"điểm b khoản 6 điều 5 được sửa đổi, bổ sung như sau"
a857357ef4e70eb78cf1411666eecce31b7aaed6105374996ebe2052bf275b9a,16/2022/TT-BGTVT,hồ sơ đề nghị thẩm định thiết kế gồm 01 bản chính hoặc biểu mẫu điện tử văn bản đề nghị thẩm định thiết kế
a857357ef4e70eb78cf1411666eecce31b7aaed6105374996ebe2052bf275b9a,16/2022/TT-BGTVT,hồ sơ đề nghị thẩm định thiết kế gồm 01 hồ sơ thiết kế theo quy định tại khoản 1 điều 4 của thông tư này khi nộp qua hệ thống dịch vụ công trực tuyến
a857357ef4e70eb78cf1411666eecce31b7aaed6105374996ebe2052bf275b9a,16/2022/TT-BGTVT,trường hợp nộp hồ sơ trực tiếp hoặc qua đường bưu chính còn phải nộp thêm 01 bộ tài liệu theo quy định tại điểm a và điểm b khoản 1 điều 4 của thông tư này
340afd30bf96657335765567888c9a709257aae3af279cceffe64ba069380a12,16/2022/TT-BGTVT,thẩm định nội dung thiết kế được thực hiện trong thời hạn 08 ngày làm việc kể từ ngày nhận được đủ hồ sơ theo quy định
9d4fc76f1b0b3da09f05942e366e61807b806f8428b449249975abb44c836927,16/2022/TT-BGTVT,hồ sơ kiểm tra đối với linh kiện bao gồm bản sao có xác nhận của cơ sở
9d4fc76f1b0b3da09f05942e366e61807b806f8428b449249975abb44c836927,16/2022/TT-BGTVT,hồ sơ kiểm tra đối với linh kiện bao gồm bản sao điện tử
01db071c0023dd4d0017279b3014367a1c002c37fbb9388503fa0ca6b4b4036d,16/2022/TT-BGTVT,hồ sơ kiểm tra đối với xe cơ giới bao gồm bản sao có xác nhận của cơ sở sản xuất
01db071c0023dd4d0017279b3014367a1c002c37fbb9388503fa0ca6b4b4036d,16/2022/TT-BGTVT,hồ sơ kiểm tra đối với xe cơ giới bao gồm bản sao điện tử
01db071c0023dd4d0017279b3014367a1c002c37fbb9388503fa0ca6b4b4036d,16/2022/TT-BGTVT,hồ sơ kiểm tra đối với xe cơ giới bao gồm báo cáo kết quả thử nghiệm về chất lượng an toàn kỹ thuật và bảo vệ môi trường
01db071c0023dd4d0017279b3014367a1c002c37fbb9388503fa0ca6b4b4036d,16/2022/TT-BGTVT,"báo cáo kết quả thử nghiệm theo các quy định, quy chuẩn kỹ thuật quốc gia hiện hành đối với xe cơ giới"
15f86a3de553820b21a3c6c17b7309afbf2693c8d9c3ad2ed4af58bd924edb2b,16/2022/TT-BGTVT,hồ sơ kiểm tra đối với xe cơ giới bao gồm bản sao có xác nhận của cơ sở sản xuất
15f86a3de553820b21a3c6c17b7309afbf2693c8d9c3ad2ed4af58bd924edb2b,16/2022/TT-BGTVT,hồ sơ kiểm tra bao gồm bản sao điện tử giấy chứng nhận thẩm định thiết kế
15f86a3de553820b21a3c6c17b7309afbf2693c8d9c3ad2ed4af58bd924edb2b,16/2022/TT-BGTVT,hồ sơ kiểm tra bao gồm bản thuyết minh thiết kế kỹ thuật
15f86a3de553820b21a3c6c17b7309afbf2693c8d9c3ad2ed4af58bd924edb2b,16/2022/TT-BGTVT,hồ sơ kiểm tra bao gồm các tài liệu thay thế quy định tại khoản 2 điều 4 của thông tư này
b5e856294d7e0ee2f152d7650b456d5db339ff5ff77d9ce17473a849c648b99c,16/2022/TT-BGTVT,hồ sơ kiểm tra đối với xe cơ giới bao gồm biểu mẫu điện tử đối với trường hợp nộp thông qua hệ thống dịch vụ công trực tuyến
3cb8aafe3fc155440eeebaaaa97beccbb4a311633d0274b556e47fb393327def,16/2022/TT-BGTVT,hồ sơ kiểm tra đối với xe cơ giới bao gồm bản chính
3cb8aafe3fc155440eeebaaaa97beccbb4a311633d0274b556e47fb393327def,16/2022/TT-BGTVT,hồ sơ kiểm tra đối với xe cơ giới bao gồm bản dạng điện tử
3cb8aafe3fc155440eeebaaaa97beccbb4a311633d0274b556e47fb393327def,16/2022/TT-BGTVT,bản dạng điện tử được yêu cầu đối với trường hợp nộp thông qua hệ thống dịch vụ công trực tuyến
3cb8aafe3fc155440eeebaaaa97beccbb4a311633d0274b556e47fb393327def,16/2022/TT-BGTVT,"hồ sơ kiểm tra đối với xe cơ giới bao gồm bản thuyết minh phương pháp và vị trí đóng số khung, số động cơ"
3cb8aafe3fc155440eeebaaaa97beccbb4a311633d0274b556e47fb393327def,16/2022/TT-BGTVT,"bản thuyết minh phương pháp và vị trí đóng số khung, số động cơ được yêu cầu đối với xe sản xuất, lắp ráp từ tổng thành, hệ thống và linh kiện rời"
5d94d6773523c17e455feb2bf1de04e75db75b8457082cbdcf20a3a668c26ee8,16/2022/TT-BGTVT,"thông tư số 31/2011/tt-bgtvt đã được sửa đổi, bổ sung bởi khoản 2 điều 4 của thông tư số 42/2018/tt-bgtvt"
9cfc443d0bd04c2ea42ec3394558f525d0492510c75b5cc9657fb1a3c9d2238e,16/2022/TT-BGTVT,"điều 10 của thông tư số 31/2011/tt-bgtvt đã được sửa đổi, bổ sung bởi khoản 2 điều 4 của thông tư số 42/2018/tt-bgtvt"
9cfc443d0bd04c2ea42ec3394558f525d0492510c75b5cc9657fb1a3c9d2238e,16/2022/TT-BGTVT,"thời gian kiểm tra không quá 03 ngày làm việc so với ngày đề nghị kiểm tra của tổ chức, cá nhân nhập khẩu"
123b2114300f13b892f2fe424ac71d5ff06f2f8c5df931957affcbfbabc30006,16/2022/TT-BGTVT,"khoản 2 điều 5 được sửa đổi, bổ sung như sau"
b8370400648e32bdbc52a0594eb82b5416a8ce8073d4488c5d3b3f7ec08e59ad,16/2022/TT-BGTVT,sửa đổi khoản 2 điều 5 như sau
b8370400648e32bdbc52a0594eb82b5416a8ce8073d4488c5d3b3f7ec08e59ad,16/2022/TT-BGTVT,bổ sung khoản 2 điều 5 như sau
b8370400648e32bdbc52a0594eb82b5416a8ce8073d4488c5d3b3f7ec08e59ad,16/2022/TT-BGTVT,cách thức thực hiện cơ sở thiết kế nhận kết quả trực tiếp
eb158ffd041248150626f80159ee675ac6b777ff2c79024d67f465bcb847c7ee,16/2022/TT-BGTVT,sửa đổi khoản 3 điều 5 như sau
eb158ffd041248150626f80159ee675ac6b777ff2c79024d67f465bcb847c7ee,16/2022/TT-BGTVT,bổ sung khoản 3 điều 5 như sau
eb158ffd041248150626f80159ee675ac6b777ff2c79024d67f465bcb847c7ee,16/2022/TT-BGTVT,trường hợp cơ sở thiết kế nộp hồ sơ trực tiếp
eb158ffd041248150626f80159ee675ac6b777ff2c79024d67f465bcb847c7ee,16/2022/TT-BGTVT,trường hợp cơ sở thiết kế nộp hồ sơ qua hệ thống bưu chính
eb158ffd041248150626f80159ee675ac6b777ff2c79024d67f465bcb847c7ee,16/2022/TT-BGTVT,hồ sơ thiết kế gồm 01 bản sao giấy đề nghị thẩm định thiết kế theo mẫu tại phụ lục iii ban hành kèm theo thông tư này
74e7742a81e8a597bc58e28ea087df75cbe1ef534e7eaf3305b5bcdff6693956,16/2022/TT-BGTVT,"khoản 3 điều 5 được sửa đổi, bổ sung như sau"
74e7742a81e8a597bc58e28ea087df75cbe1ef534e7eaf3305b5bcdff6693956,16/2022/TT-BGTVT,trường hợp cơ sở thiết kế nộp qua hệ thống dịch vụ công trực tuyến thì hồ sơ gồm 01 biểu mẫu điện tử giấy đề nghị thẩm định thiết kế theo mẫu tại phụ lục iii ban hành kèm theo thông tư này
74e7742a81e8a597bc58e28ea087df75cbe1ef534e7eaf3305b5bcdff6693956,16/2022/TT-BGTVT,hồ sơ còn bao gồm 01 bộ tài liệu thiết kế ở dạng điện tử
f9d9379ea6bd18a25bd7f409befb1c3bf6f82ae0d3805f37079c734574b3cb89,16/2022/TT-BGTVT,"sửa đổi, bổ sung khoản 3 điều 5 như sau"
f9d9379ea6bd18a25bd7f409befb1c3bf6f82ae0d3805f37079c734574b3cb89,16/2022/TT-BGTVT,"hồ sơ thiết kế được quy định chi tiết tại các quy phạm, tiêu chuẩn, quy chuẩn kỹ thuật và các công ước quốc tế tương ứng"
68ef128269b9d167b4cd671d8f22151d4d223028e55e50f38dbbbdfc8bcd9e9e,16/2022/TT-BGTVT,hồ sơ đăng ký chứng nhận đối với linh kiện gồm bản sao có xác nhận của cơ sở
68ef128269b9d167b4cd671d8f22151d4d223028e55e50f38dbbbdfc8bcd9e9e,16/2022/TT-BGTVT,hồ sơ đăng ký chứng nhận đối với linh kiện không gồm động cơ nguyên chiếc nhập khẩu
68ef128269b9d167b4cd671d8f22151d4d223028e55e50f38dbbbdfc8bcd9e9e,16/2022/TT-BGTVT,hồ sơ đăng ký chứng nhận đối với linh kiện gồm bản sao điện tử
68ef128269b9d167b4cd671d8f22151d4d223028e55e50f38dbbbdfc8bcd9e9e,16/2022/TT-BGTVT,hồ sơ đăng ký chứng nhận đối với linh kiện gồm báo cáo kết quả thử nghiệm của cơ sở thử nghiệm
449d1255e93f7393d2e25c52c3650eedbdc17f502de861329697bd4e85ef15d1,16/2022/TT-BGTVT,hồ sơ đăng ký chứng nhận đối với linh kiện gồm bản kê các linh kiện chính sử dụng để lắp ráp động cơ đối với trường hợp nộp thông qua hệ thống dịch vụ công trực tuyến
a4e8d846903c2d66059d662a7d4ad1bcf01c0bcb329d515e30e782cdc9e98209,16/2022/TT-BGTVT,"khoản 1 điều 7 được sửa đổi, bổ sung như sau"
2b672a5c4014bd24032fde5f51c07c7dbf454359cec41047f90f0b1729b75ee9,16/2022/TT-BGTVT,"khoản 1 điều 7 được sửa đổi, bổ sung như sau"
2b672a5c4014bd24032fde5f51c07c7dbf454359cec41047f90f0b1729b75ee9,16/2022/TT-BGTVT,bản sao điện tử của hồ sơ được sử dụng đối với trường hợp nộp thông qua hệ thống dịch vụ công trực tuyến
3e4186ef97457fc4e5e321e2e816cfddfddc4876e23fc2a2ca84eb6bddeb519d,16/2022/TT-BGTVT,"khoản 1 điều 7 được sửa đổi, bổ sung như sau"
3e4186ef97457fc4e5e321e2e816cfddfddc4876e23fc2a2ca84eb6bddeb519d,16/2022/TT-BGTVT,hồ sơ nộp qua hệ thống dịch vụ công trực tuyến phải là bản dạng điện tử
3e4186ef97457fc4e5e321e2e816cfddfddc4876e23fc2a2ca84eb6bddeb519d,16/2022/TT-BGTVT,"hồ sơ bao gồm bản thuyết minh phương pháp và vị trí đóng số khung, số động cơ theo mẫu tại phụ lục iv kèm theo thông tư này"
bcccf181ba5423c9e09356b55c446c0cae04d647e4aee71cb3e3fb825774b974,16/2022/TT-BGTVT,"khoản 1 điều 7 được sửa đổi, bổ sung như sau"
8e30c27dd8d5f1c355f57b2969f2cb840ed196799c24c06b3466329b9dda9147,16/2022/TT-BGTVT,"khoản 1 điều 7 được sửa đổi, bổ sung như sau"
87670349171a40d4d9e7078aac104d7745b64d266c5c882dafc80617f8a56c8e,16/2022/TT-BGTVT,bản dạng điện tử được áp dụng đối với trường hợp nộp thông qua hệ thống dịch vụ công trực tuyến
87670349171a40d4d9e7078aac104d7745b64d266c5c882dafc80617f8a56c8e,16/2022/TT-BGTVT,doanh nghiệp tự chịu trách nhiệm theo quy định của pháp luật nếu có xảy ra xâm phạm
5120fcecc4200d1653d3fd9d3c3bb86ff297e55923eeb176eae0669cb914d7f1,16/2022/TT-BGTVT,bản dạng điện tử được sử dụng đối với trường hợp nộp thông qua hệ thống dịch vụ công trực tuyến
5120fcecc4200d1653d3fd9d3c3bb86ff297e55923eeb176eae0669cb914d7f1,16/2022/TT-BGTVT,"nhãn hàng hóa phải thể hiện ít nhất các nội dung sau: tên, địa chỉ cơ sở sản xuất"
5120fcecc4200d1653d3fd9d3c3bb86ff297e55923eeb176eae0669cb914d7f1,16/2022/TT-BGTVT,nhãn hàng hóa phải thể hiện nhãn hiệu
5120fcecc4200d1653d3fd9d3c3bb86ff297e55923eeb176eae0669cb914d7f1,16/2022/TT-BGTVT,nhãn hàng hóa phải thể hiện số loại
5120fcecc4200d1653d3fd9d3c3bb86ff297e55923eeb176eae0669cb914d7f1,16/2022/TT-BGTVT,nhãn hàng hóa phải thể hiện khối lượng bản thân
5120fcecc4200d1653d3fd9d3c3bb86ff297e55923eeb176eae0669cb914d7f1,16/2022/TT-BGTVT,nhãn hàng hóa phải thể hiện số người cho phép chở
5120fcecc4200d1653d3fd9d3c3bb86ff297e55923eeb176eae0669cb914d7f1,16/2022/TT-BGTVT,nhãn hàng hóa phải thể hiện công suất động cơ
5120fcecc4200d1653d3fd9d3c3bb86ff297e55923eeb176eae0669cb914d7f1,16/2022/TT-BGTVT,nhãn hàng hóa phải thể hiện năm sản xuất
5120fcecc4200d1653d3fd9d3c3bb86ff297e55923eeb176eae0669cb914d7f1,16/2022/TT-BGTVT,nhãn hàng hóa phải thể hiện xuất xứ
5120fcecc4200d1653d3fd9d3c3bb86ff297e55923eeb176eae0669cb914d7f1,16/2022/TT-BGTVT,"điểm a khoản 1 điều 8 được sửa đổi, bổ sung như sau"
5120fcecc4200d1653d3fd9d3c3bb86ff297e55923eeb176eae0669cb914d7f1,16/2022/TT-BGTVT,điểm d khoản 1 điều 8 được bổ sung như sau
5120fcecc4200d1653d3fd9d3c3bb86ff297e55923eeb176eae0669cb914d7f1,16/2022/TT-BGTVT,"điểm a, điểm b, điểm c khoản 2 điều 8 của thông tư số 41/2013/tt-bgtvt được sửa đổi, bổ sung bởi khoản 3 điều 5 của thông tư số 42/2018/tt-bgtvt như sau"
865081fb5762ce5da4c81fc11ca5738891e6c49e4075e8caf42f6d98e5aa2062,16/2022/TT-BGTVT,"sửa đổi, bổ sung điểm b khoản 2 điều 8 như sau"
865081fb5762ce5da4c81fc11ca5738891e6c49e4075e8caf42f6d98e5aa2062,16/2022/TT-BGTVT,thời gian kiểm tra không quá 03 ngày làm việc so với ngày đề nghị kiểm tra của cơ sở nhập khẩu
a14ac54f50fc13258706fb691e788ed443ca90b27f1a2e1c683b1005fb6362c6,16/2022/TT-BGTVT,sửa đổi điểm c khoản 2 điều 8 như sau
a14ac54f50fc13258706fb691e788ed443ca90b27f1a2e1c683b1005fb6362c6,16/2022/TT-BGTVT,bổ sung điểm c khoản 2 điều 8 như sau
f83a705d44e9e5aa11624e992631512e449c730aca1433ae77409371dd040b8f,16/2022/TT-BGTVT,bản sao có xác nhận của cơ sở dùng trong trường hợp nộp hồ sơ trực tiếp hoặc qua hệ thống bưu chính
3482733cef888f97712c2ab8fc66d42a8828c5e2429f1ae55e4cae7453d6d7ce,16/2022/TT-BGTVT,bản kê các linh kiện chính sử dụng để lắp ráp động cơ được lập theo mẫu quy định tại phụ lục iii ban hành kèm theo thông tư này
b31a9d4de3bb0d771dd64d2b0c60f8bf08747b7269bf458436bfb76cb86e30ef,16/2022/TT-BGTVT,hồ sơ đăng ký chứng nhận đối với xe bao gồm bản sao điện tử đối với trường hợp nộp thông qua hệ thống dịch vụ công trực tuyến
b31a9d4de3bb0d771dd64d2b0c60f8bf08747b7269bf458436bfb76cb86e30ef,16/2022/TT-BGTVT,hồ sơ đăng ký chứng nhận đối với xe bao gồm báo cáo kết quả thử nghiệm của cơ sở thử nghiệm
6586864d434be0b9cd054e87a523ddd1d2f77b3260144f04d7942bcb67f3f9d8,16/2022/TT-BGTVT,hồ sơ đăng ký chứng nhận đối với xe bao gồm bản kê các linh kiện chính sử dụng để lắp ráp xe theo mẫu quy định tại phụ lục v ban hành kèm theo thông tư này
6586864d434be0b9cd054e87a523ddd1d2f77b3260144f04d7942bcb67f3f9d8,16/2022/TT-BGTVT,hồ sơ đăng ký chứng nhận đối với xe bao gồm biểu mẫu điện tử bản kê các linh kiện chính sử dụng để lắp ráp xe trong trường hợp nộp thông qua hệ thống dịch vụ công trực tuyến
4fecbe86d6dc4476594244443048845fee21b8821532bd40f55c4780a4da1680,16/2022/TT-BGTVT,hồ sơ đăng ký chứng nhận đối với xe gồm bản dạng điện tử đối với trường hợp nộp thông qua hệ thống dịch vụ công trực tuyến
4fecbe86d6dc4476594244443048845fee21b8821532bd40f55c4780a4da1680,16/2022/TT-BGTVT,hồ sơ đăng ký chứng nhận đối với xe gồm bản cam kết của cơ sở sản xuất về việc kiểu loại xe đề nghị chứng nhận không xâm phạm quyền sở hữu công nghiệp đang được bảo hộ
4fecbe86d6dc4476594244443048845fee21b8821532bd40f55c4780a4da1680,16/2022/TT-BGTVT,cơ sở sản xuất tự chịu trách nhiệm theo quy định của pháp luật nếu có xảy ra xâm phạm
ff93445e0ac34ac83cd418cecda3cb1a07216cc3f8a4c538d586729f32031aca,16/2022/TT-BGTVT,"khoản 4 điều 7 được sửa đổi, bổ sung như sau"
ff93445e0ac34ac83cd418cecda3cb1a07216cc3f8a4c538d586729f32031aca,16/2022/TT-BGTVT,hồ sơ đề nghị thẩm định thiết kế bao gồm văn bản đề nghị thẩm định thiết kế bản chính hoặc biểu mẫu điện tử
ff93445e0ac34ac83cd418cecda3cb1a07216cc3f8a4c538d586729f32031aca,16/2022/TT-BGTVT,hồ sơ đề nghị thẩm định thiết kế được lập theo mẫu quy định tại phụ lục iii ban hành kèm theo thông tư này
76b58566ecba8becfd6dbb27347bcb79368d720b2e16d03a937712ad521fb853,16/2022/TT-BGTVT,"khoản 4 điều 7 được sửa đổi, bổ sung như sau"
60905b80afa12f70db5d5688dd011e11311cb5edc82de2bc80b2cf04f82b53b5,16/2022/TT-BGTVT,"sửa đổi, bổ sung khoản 4 điều 7 như sau"
60905b80afa12f70db5d5688dd011e11311cb5edc82de2bc80b2cf04f82b53b5,16/2022/TT-BGTVT,hồ sơ đề nghị thẩm định thiết kế cũng bao gồm bản sao điện tử đối với trường hợp nộp hồ sơ qua hệ thống dịch vụ công trực tuyến
60905b80afa12f70db5d5688dd011e11311cb5edc82de2bc80b2cf04f82b53b5,16/2022/TT-BGTVT,"hồ sơ đề nghị thẩm định thiết kế bao gồm tài liệu thông số, tính năng kỹ thuật của xe cơ giới cải tạo"
60905b80afa12f70db5d5688dd011e11311cb5edc82de2bc80b2cf04f82b53b5,16/2022/TT-BGTVT,"hồ sơ đề nghị thẩm định thiết kế bao gồm các tổng thành, hệ thống cải tạo, thay thế"
368c475906e05cb2210954a12e7898ef71b1346077e31952fa526a243c49dddf,16/2022/TT-BGTVT,hồ sơ đề nghị thẩm định thiết kế gồm một trong các giấy tờ sau
368c475906e05cb2210954a12e7898ef71b1346077e31952fa526a243c49dddf,16/2022/TT-BGTVT,"phiếu sang tên, di chuyển được áp dụng đối với trường hợp đang làm thủ tục sang tên, di chuyển"
180356756ea68a5d9d097f9c84af61973b145719fbffaa89d0d443b11ff6778e,16/2022/TT-BGTVT,"thông tư số 86/2014/tt-bgtvt đã được sửa đổi, bổ sung bởi khoản 2 điều 3 của thông tư số 42/2018/tt-bgtvt"
a86c6e03eda0bcac70062694170746e9bdb0eeb159955606fc905d1c4195c29c,16/2022/TT-BGTVT,"thông tư số 86/2014/tt-bgtvt đã được sửa đổi, bổ sung bởi khoản 2 điều 3 của thông tư số 42/2018/tt-bgtvt"
a86c6e03eda0bcac70062694170746e9bdb0eeb159955606fc905d1c4195c29c,16/2022/TT-BGTVT,thời gian kiểm tra không quá 03 ngày làm việc so với ngày đề nghị kiểm tra của cơ sở nhập khẩu
b87664a9690d550e92125569e4f38c70c349075585797b2f1fdc7085e7782565,16/2022/TT-BGTVT,bộ hồ sơ thiết kế bao gồm 01 bản chính hoặc biểu mẫu điện tử giấy đề nghị thẩm định thiết kế theo mẫu quy định tại phụ lục ii của thông tư này
83daccbb4615f0345857678a87eb45993c3a11a48e046376f8f0f78c66df4b7e,16/2022/TT-BGTVT,"bộ hồ sơ thiết kế gồm các tài liệu sau: bản tính, bản vẽ, thuyết minh và các tài liệu kỹ thuật nếu có theo quy định của quy chuẩn kỹ thuật, tiêu chuẩn kỹ thuật áp dụng cho phương tiện"
e7932c4879a78f1fd7e0adfa883445b3b53634331d752cc85ad359b6edede14a,16/2022/TT-BGTVT,chủ phương tiện chịu trách nhiệm trước pháp luật về tính hợp pháp của tài sản đó
7efefe05de69f9f8e958e789b8947019f9b518a8790bda7214a64ecc5b0ada33,16/2022/TT-BGTVT,"khoản 1 điều 9 được sửa đổi, bổ sung như sau"
e22c959358398438d204b72839d90e0f95b3e05a074d22fe178bd5e97d68f3ba,16/2022/TT-BGTVT,"khoản 1 điều 9 được sửa đổi, bổ sung như sau"
e22c959358398438d204b72839d90e0f95b3e05a074d22fe178bd5e97d68f3ba,16/2022/TT-BGTVT,"các tài liệu kèm theo gồm bản tính, bản vẽ, thuyết minh theo quy định của quy chuẩn kỹ thuật và tiêu chuẩn kỹ thuật áp dụng cho phương tiện"
8bd406daed58919047cc53afd22603774e4f74abbb460f693faf67c9d363dbf9,16/2022/TT-BGTVT,bộ hồ sơ thiết kế bao gồm 01 bản chính hoặc biểu mẫu điện tử giấy đề nghị thẩm định thiết kế
8bd406daed58919047cc53afd22603774e4f74abbb460f693faf67c9d363dbf9,16/2022/TT-BGTVT,bản chính hoặc biểu mẫu điện tử giấy đề nghị thẩm định thiết kế theo mẫu quy định tại phụ lục ii của thông tư này
17911f62999935e146fe10e823aa2822d1c0afb27707917aa996de6ade330bdf,16/2022/TT-BGTVT,bộ hồ sơ thiết kế bao gồm 01 bản sao điện tử có giá trị pháp lý đối với trường hợp nộp thông qua hệ thống dịch vụ công trực tuyến
17911f62999935e146fe10e823aa2822d1c0afb27707917aa996de6ade330bdf,16/2022/TT-BGTVT,"các tài liệu trong bộ hồ sơ thiết kế gồm bản tính, bản vẽ, thuyết minh và các tài liệu kỹ thuật theo quy định của quy chuẩn kỹ thuật, tiêu chuẩn kỹ thuật áp dụng cho phương tiện"
17911f62999935e146fe10e823aa2822d1c0afb27707917aa996de6ade330bdf,16/2022/TT-BGTVT,bộ hồ sơ thiết kế bao gồm các tài liệu kỹ thuật của tổ chức nước ngoài cấp cho phương tiện nếu có
17911f62999935e146fe10e823aa2822d1c0afb27707917aa996de6ade330bdf,16/2022/TT-BGTVT,các thuyết minh của hồ sơ thiết kế phải sử dụng ngôn ngữ là tiếng việt hoặc tiếng anh có kèm theo bản dịch bằng tiếng việt
17911f62999935e146fe10e823aa2822d1c0afb27707917aa996de6ade330bdf,16/2022/TT-BGTVT,các bản tính của hồ sơ thiết kế phải sử dụng ngôn ngữ là tiếng việt hoặc tiếng anh có kèm theo bản dịch bằng tiếng việt
ae3c53b3165f6ca28049e01ffed3a9598bb5e3e5ca685f8db9c0bc37301d2e7a,16/2022/TT-BGTVT,"bộ hồ sơ thiết kế gồm 01 bản chính hoặc biểu mẫu điện tử giấy đề nghị thẩm định thiết kế theo mẫu quy định tại phụ lục ii của thông tư này nếu sản phẩm công nghiệp được sản xuất, chế tạo trong nước"
ae3c53b3165f6ca28049e01ffed3a9598bb5e3e5ca685f8db9c0bc37301d2e7a,16/2022/TT-BGTVT,"các tài liệu bao gồm bản tính, bản vẽ, thuyết minh và các tài liệu kỹ thuật nếu có theo quy định của quy chuẩn kỹ thuật, tiêu chuẩn kỹ thuật áp dụng cho sản phẩm"
5a3a0bc33ed36dca7f864fffbe5279af41d9b3d454672e2777e8325723a5be37,16/2022/TT-BGTVT,bộ hồ sơ thiết kế phải bao gồm 01 bản chính hoặc biểu mẫu điện tử giấy đề nghị thẩm định thiết kế theo mẫu quy định tại phụ lục ii của thông tư này
5a3a0bc33ed36dca7f864fffbe5279af41d9b3d454672e2777e8325723a5be37,16/2022/TT-BGTVT,bộ hồ sơ thiết kế còn phải bao gồm 01 bản sao điện tử có giá trị pháp lý đối với trường hợp nộp thông qua hệ thống dịch vụ công trực tuyến
5a3a0bc33ed36dca7f864fffbe5279af41d9b3d454672e2777e8325723a5be37,16/2022/TT-BGTVT,"bộ hồ sơ thiết kế phải có các tài liệu gồm bản tính, bản vẽ, thuyết minh và các tài liệu kỹ thuật nước ngoài cấp cho phương tiện nếu có"
5a3a0bc33ed36dca7f864fffbe5279af41d9b3d454672e2777e8325723a5be37,16/2022/TT-BGTVT,"các tài liệu này phải theo quy định của quy chuẩn kỹ thuật, tiêu chuẩn kỹ thuật áp dụng cho sản phẩm"
5a3a0bc33ed36dca7f864fffbe5279af41d9b3d454672e2777e8325723a5be37,16/2022/TT-BGTVT,các thuyết minh và bản tính của hồ sơ thiết kế phải sử dụng ngôn ngữ tiếng việt hoặc tiếng anh có kèm theo bản dịch bằng tiếng việt
0cfcd2d1a0836fb30f726cb747e2c8b4789a22f2c5a972a8cfc2ddb750de2e9a,16/2022/TT-BGTVT,"đối với thẩm định thiết kế chuyển đổi tàu biển thành phương tiện thủy nội địa, phải lập 01 bộ hồ sơ thiết kế"
0cfcd2d1a0836fb30f726cb747e2c8b4789a22f2c5a972a8cfc2ddb750de2e9a,16/2022/TT-BGTVT,bộ hồ sơ thiết kế bao gồm 01 bản chính hoặc biểu mẫu điện tử giấy đề nghị thẩm định thiết kế theo mẫu quy định tại phụ lục ii của thông tư này
67a450feb1ecea25073e379a7a6b6de0ab9896e3d1c9944ffda008f7c62b79d3,16/2022/TT-BGTVT,bộ hồ sơ thiết kế bao gồm 01 bản sao điện tử có giá trị pháp lý khi nộp thông qua hệ thống dịch vụ công trực tuyến
67a450feb1ecea25073e379a7a6b6de0ab9896e3d1c9944ffda008f7c62b79d3,16/2022/TT-BGTVT,"các tài liệu trong bộ hồ sơ thiết kế gồm bản tính, bản vẽ, thuyết minh và các tài liệu kỹ thuật (nếu có)"
b9ca200bd6377696f4f04f9b59b42983efca287cfb5f1cec2e4cbbd67fd122e6,16/2022/TT-BGTVT,giấy đề nghị thẩm định tài liệu hướng dẫn theo mẫu quy định tại phụ lục ii của thông tư này
89cdd5f3440d0fd24279d51d996983123336cb3022163dd5fe9866f153ccfd05,16/2022/TT-BGTVT,trường hợp nộp thông qua hệ thống dịch vụ công trực tuyến thì hồ sơ bao gồm 01 bản sao điện tử có giá trị pháp lý
89cdd5f3440d0fd24279d51d996983123336cb3022163dd5fe9866f153ccfd05,16/2022/TT-BGTVT,hồ sơ đối với thẩm định tài liệu hướng dẫn bao gồm 03 bản chính
af7c3b7bbb177b0235fae7375d6b78d9d2af749f02b165e68e8fd575840741d3,16/2022/TT-BGTVT,sửa đổi khoản 2 điều 9 như sau
af7c3b7bbb177b0235fae7375d6b78d9d2af749f02b165e68e8fd575840741d3,16/2022/TT-BGTVT,bổ sung khoản 2 điều 9 như sau
8ee3bfa7d5b85139df8ce1768a91866793ed6398c2bc10fc0c65e5a75d65efdd,16/2022/TT-BGTVT,"điều 16 khoản 2 điểm b được sửa đổi, bổ sung như sau"
8ee3bfa7d5b85139df8ce1768a91866793ed6398c2bc10fc0c65e5a75d65efdd,16/2022/TT-BGTVT,hồ sơ đề nghị kiểm định bao gồm 01 (một) bộ hồ sơ kỹ thuật (bản sao)
8ee3bfa7d5b85139df8ce1768a91866793ed6398c2bc10fc0c65e5a75d65efdd,16/2022/TT-BGTVT,bộ hồ sơ kỹ thuật bao gồm thông số kỹ thuật
8ee3bfa7d5b85139df8ce1768a91866793ed6398c2bc10fc0c65e5a75d65efdd,16/2022/TT-BGTVT,"bộ hồ sơ kỹ thuật bao gồm các báo cáo kiểm tra, thử công-te-nơ, máy, vật liệu, trang thiết bị"
064c63981cb5f9ad0fc41aa7162358788c231da88b846028b3a817a751a4d968,34/2021/TT-BGTVT,"việc kiểm tra tải trọng xe trên đường bộ được thực hiện thông qua hệ thống giám sát, quản lý tập trung dữ liệu tải trọng xe của ngành giao thông vận tải trên các hệ thống đường bộ cả nước"
2f1e9fdc2c0bc141457bc5837100f18f457f8912420b2e885e407b0474b6105d,34/2021/TT-BGTVT,báo cáo tình hình kiểm tra tải trọng xe trên đường bộ trong phạm vi toàn quốc
2f1e9fdc2c0bc141457bc5837100f18f457f8912420b2e885e407b0474b6105d,34/2021/TT-BGTVT,báo cáo kết quả kiểm tra tải trọng xe trên đường bộ trong phạm vi toàn quốc
1eabc512e8a79467f1267148604a6e5127e7d360358446a18e2fc8ce25081541,34/2021/TT-BGTVT,"báo cáo tình hình, kết quả kiểm tra tải trọng xe trên đường bộ trong phạm vi toàn quốc theo mẫu đề cương báo cáo"
1eabc512e8a79467f1267148604a6e5127e7d360358446a18e2fc8ce25081541,34/2021/TT-BGTVT,mẫu đề cương báo cáo theo quy định tại phụ lục của thông tư này
1eabc512e8a79467f1267148604a6e5127e7d360358446a18e2fc8ce25081541,34/2021/TT-BGTVT,"báo cáo tình hình, kết quả kiểm tra tải trọng xe khu vực"
1eabc512e8a79467f1267148604a6e5127e7d360358446a18e2fc8ce25081541,34/2021/TT-BGTVT,"báo cáo tình hình, kết quả kiểm tra tải trọng xe địa phương"
8a38827b48d8f5fc2e406496dfa4481537c6686cd3556774ae3df23ef65fb150,34/2021/TT-BGTVT,báo cáo tình hình kết quả kiểm tra tải trọng xe trên đường bộ trong phạm vi toàn quốc
924413e30d2717e94887e07e34372f0c0daa2ccc89c019a9968b88e4ec337a51,34/2021/TT-BGTVT,"báo cáo tình hình, kết quả kiểm tra tải trọng xe trên đường bộ trong phạm vi toàn quốc được thực hiện"
924413e30d2717e94887e07e34372f0c0daa2ccc89c019a9968b88e4ec337a51,34/2021/TT-BGTVT,báo cáo được thể hiện dưới hình thức văn bản giấy hoặc văn bản điện tử
924413e30d2717e94887e07e34372f0c0daa2ccc89c019a9968b88e4ec337a51,34/2021/TT-BGTVT,báo cáo được gửi đến cơ quan nhận báo cáo bằng phương thức qua dịch vụ bưu chính
924413e30d2717e94887e07e34372f0c0daa2ccc89c019a9968b88e4ec337a51,34/2021/TT-BGTVT,báo cáo được gửi đến cơ quan nhận báo cáo bằng phương thức qua hệ thống thư điện tử
e6b1fec83e49c0b47a77316b7bb6f5d8dc335dbc97ccbc8bfe9c1057258ca78f,34/2021/TT-BGTVT,báo cáo được thể hiện dưới hình thức văn bản giấy hoặc văn bản điện tử
e6b1fec83e49c0b47a77316b7bb6f5d8dc335dbc97ccbc8bfe9c1057258ca78f,34/2021/TT-BGTVT,báo cáo được gửi đến cơ quan nhận báo cáo qua dịch vụ bưu chính
e6b1fec83e49c0b47a77316b7bb6f5d8dc335dbc97ccbc8bfe9c1057258ca78f,34/2021/TT-BGTVT,báo cáo được gửi đến cơ quan nhận báo cáo qua hệ thống thư điện tử
6f4ffee82c8fb3ef0ee52e674c3f4bd4fc6da6f09560d0406f0dcbad1cc8936f,34/2021/TT-BGTVT,"tổ chức được giao quản lý, bảo trì đường bộ thực hiện báo cáo với tần suất định kỳ hàng quý và hàng năm"
0adcb06ab97349cd139d6e1336f313ecb965629620aa23023ab2420087795f09,34/2021/TT-BGTVT,mẫu đề cương báo cáo được xây dựng theo quy định tại phụ lục của thông tư này
345e7b61aa29567d7919c799987bec5731eef60478681eb45803cad650c56288,34/2021/TT-BGTVT,tổng cục đường bộ việt nam thực hiện chế độ báo cáo
345e7b61aa29567d7919c799987bec5731eef60478681eb45803cad650c56288,34/2021/TT-BGTVT,chế độ báo cáo do tổng cục đường bộ việt nam thực hiện theo quy định tại điều 10 thông tư này
daf03fb444f5cd962f46cd72795ecb1394183a38f89064922b25763be2819bd7,34/2021/TT-BGTVT,trách nhiệm của sở giao thông vận tải là thực hiện kiểm tra tải trọng xe trên hệ thống quốc lộ được phân cấp quản lý
cdf4f07385de0036de26c5bb4f79d790cce6b1ab433963a1b6baba9795227c5f,36/2020/TT-BGTVT,doanh nghiệp kinh doanh vận tải phải báo cáo tình hình hoạt động vận tải đường bộ
cdf4f07385de0036de26c5bb4f79d790cce6b1ab433963a1b6baba9795227c5f,36/2020/TT-BGTVT,hợp tác xã kinh doanh vận tải phải báo cáo tình hình hoạt động vận tải đường bộ
44e00958f2853aaf0f3cae6981bac2dd969982f4a58c8342987cf383901c292c,36/2020/TT-BGTVT,nội dung yêu cầu báo cáo gồm kết quả hoạt động vận tải hành khách đường bộ việt - lào
44e00958f2853aaf0f3cae6981bac2dd969982f4a58c8342987cf383901c292c,36/2020/TT-BGTVT,nội dung yêu cầu báo cáo gồm kết quả hoạt động vận tải hàng hóa đường bộ việt - lào
6d006a7bf6715a68887f569cd53a1747d12e254685da8d0180b28a8c78a602ac,36/2020/TT-BGTVT,"doanh nghiệp, hợp tác xã kinh doanh vận tải đường bộ việt - lào thực hiện báo cáo tình hình hoạt động vận tải đường bộ của mình"
e4338076cbef9855e9953f6dfbda6734f4e3054d48b71d6e3fb0834b23e9b82a,36/2020/TT-BGTVT,tần suất thực hiện báo cáo là định kỳ 06 tháng
2d6c96fe9c8beb8e85e9b45aed17b586bc553715b74250c718eb054b8d066a6e,36/2020/TT-BGTVT,mẫu đề cương báo cáo gồm báo cáo kết quả hoạt động vận tải hành khách theo quy định tại phụ lục 18 của thông tư này
2d6c96fe9c8beb8e85e9b45aed17b586bc553715b74250c718eb054b8d066a6e,36/2020/TT-BGTVT,mẫu đề cương báo cáo gồm báo cáo kết quả hoạt động vận tải hàng hóa theo quy định tại phụ lục 19 của thông tư này
0282fd937731b2f11edf5b750f18f8cf09f28eb4aec1f72d70bb73ddc9dda98d,36/2020/TT-BGTVT,bãi bỏ điểm b khoản 2 điều 21
13f2076f1594a9e3f2602f633298e3b0087bc210aea9a4c24c665a9f553c0a3a,36/2020/TT-BGTVT,bãi bỏ điểm b khoản 2 điều 21
65f0f3ecb36fa5540ee9d92264c8bca589e5c14622cfa61ed6a6248327dfc049,36/2020/TT-BGTVT,bãi bỏ điểm b khoản 2 điều 21
8fbe6029cc5bf2344225cd5cc5a1bb97c00eac82b01cf8fe19747a727013c147,36/2020/TT-BGTVT,điều 21 khoản 2 điểm b bị bãi bỏ
0c6a78e0f4f5213972597fdb30d5e9d405a0210f050c846a017dea78c317c4aa,36/2020/TT-BGTVT,bãi bỏ điểm b khoản 2 điều 21
0c6a78e0f4f5213972597fdb30d5e9d405a0210f050c846a017dea78c317c4aa,36/2020/TT-BGTVT,"phương thức gửi, nhận báo cáo là phương thức gửi, nhận báo cáo"
0c6a78e0f4f5213972597fdb30d5e9d405a0210f050c846a017dea78c317c4aa,36/2020/TT-BGTVT,báo cáo được thể hiện dưới hình thức văn bản giấy
0c6a78e0f4f5213972597fdb30d5e9d405a0210f050c846a017dea78c317c4aa,36/2020/TT-BGTVT,báo cáo được thể hiện dưới hình thức văn bản điện tử
0c6a78e0f4f5213972597fdb30d5e9d405a0210f050c846a017dea78c317c4aa,36/2020/TT-BGTVT,báo cáo được gửi đến cơ quan nhận báo cáo bằng phương thức qua dịch vụ bưu chính
0c6a78e0f4f5213972597fdb30d5e9d405a0210f050c846a017dea78c317c4aa,36/2020/TT-BGTVT,báo cáo được gửi đến cơ quan nhận báo cáo bằng phương thức qua hệ thống thư điện tử
65ce0be766b28df4ab990b6be1e213daf20b68db2fdc6865d1cddf718f7861a1,36/2020/TT-BGTVT,bãi bỏ điểm b khoản 2 điều 21
64efe41c0a65ea3f0b08cf242da857f61fc5cce8ea9c17e193f5e2209cf6d182,36/2020/TT-BGTVT,bãi bỏ điểm b khoản 2 điều 21
64efe41c0a65ea3f0b08cf242da857f61fc5cce8ea9c17e193f5e2209cf6d182,36/2020/TT-BGTVT,thời gian chốt số liệu báo cáo từ ngày 01 tháng 01 đến ngày 30 tháng 06 của kỳ báo cáo đối với báo cáo định kỳ 06 tháng đầu năm
64efe41c0a65ea3f0b08cf242da857f61fc5cce8ea9c17e193f5e2209cf6d182,36/2020/TT-BGTVT,thời gian chốt số liệu báo cáo từ ngày 01 tháng 07 đến ngày 31 tháng 12 của kỳ báo cáo đối với báo cáo định kỳ 06 tháng cuối năm
c77f3fd8bb56fa30997adfd149fdfcea2c1888004fbbb9e068e15a71589699c6,36/2020/TT-BGTVT,mẫu đề cương báo cáo được thực hiện theo mẫu quy định tại phụ lục 20 của thông tư này
ab527e6378a28eadf13550560a056a47c2cf0771ab8f6932c74a3a0184903d2c,36/2020/TT-BGTVT,báo cáo tình hình tổ chức quản lý hoạt động vận tải trên phạm vi toàn quốc
ab527e6378a28eadf13550560a056a47c2cf0771ab8f6932c74a3a0184903d2c,36/2020/TT-BGTVT,báo cáo phải có nội dung yêu cầu báo cáo
ab527e6378a28eadf13550560a056a47c2cf0771ab8f6932c74a3a0184903d2c,36/2020/TT-BGTVT,nội dung yêu cầu báo cáo gồm kết quả hoạt động vận tải hành khách
ab527e6378a28eadf13550560a056a47c2cf0771ab8f6932c74a3a0184903d2c,36/2020/TT-BGTVT,nội dung yêu cầu báo cáo gồm kết quả hoạt động vận tải hàng hóa đường bộ việt - lào
46e3ea976b9eb5902116c84e85c7cb07659895e51b8caf08fc2730d6b3e93b68,36/2020/TT-BGTVT,báo cáo tình hình tổ chức quản lý hoạt động vận tải trên phạm vi toàn quốc
fc0d26aeb5fb3518134958605401d2b85c4612b91da6e0dc33d947985d491724,36/2020/TT-BGTVT,báo cáo tình hình tổ chức quản lý hoạt động vận tải trên phạm vi toàn quốc
ecbfdf9db50de177b3877638cc3e7b3e98f5b68919d352d3f975af5b6dd1618b,36/2020/TT-BGTVT,báo cáo tình hình tổ chức quản lý hoạt động vận tải trên phạm vi toàn quốc được gửi và nhận theo phương thức nhất định
ecbfdf9db50de177b3877638cc3e7b3e98f5b68919d352d3f975af5b6dd1618b,36/2020/TT-BGTVT,báo cáo được thể hiện dưới hình thức văn bản giấy hoặc văn bản điện tử
ecbfdf9db50de177b3877638cc3e7b3e98f5b68919d352d3f975af5b6dd1618b,36/2020/TT-BGTVT,báo cáo được gửi trực tiếp
ecbfdf9db50de177b3877638cc3e7b3e98f5b68919d352d3f975af5b6dd1618b,36/2020/TT-BGTVT,báo cáo được gửi qua dịch vụ bưu chính
ecbfdf9db50de177b3877638cc3e7b3e98f5b68919d352d3f975af5b6dd1618b,36/2020/TT-BGTVT,báo cáo được gửi qua fax
ecbfdf9db50de177b3877638cc3e7b3e98f5b68919d352d3f975af5b6dd1618b,36/2020/TT-BGTVT,báo cáo được gửi qua hệ thống thư điện tử
ecbfdf9db50de177b3877638cc3e7b3e98f5b68919d352d3f975af5b6dd1618b,36/2020/TT-BGTVT,báo cáo được gửi bằng các phương thức khác theo quy định của pháp luật
b952c56b0e20aab60a8cd8c9f96f7a3b2f3b21acfeee82bdc72facd1dfa41d7d,36/2020/TT-BGTVT,báo cáo tình hình tổ chức quản lý hoạt động vận tải trên phạm vi toàn quốc
b952c56b0e20aab60a8cd8c9f96f7a3b2f3b21acfeee82bdc72facd1dfa41d7d,36/2020/TT-BGTVT,tần suất thực hiện báo cáo là định kỳ 06 tháng
5a3d41e479391c4fa14037d75d0d177539864210a0f230d4ffb1e9b31291fb2a,36/2020/TT-BGTVT,báo cáo tình hình tổ chức quản lý hoạt động vận tải trên phạm vi toàn quốc phải được gửi
bc2bc72822ef5ade12761fb9867672b896223ccaf0f55401be082bf4232dfd30,36/2020/TT-BGTVT,báo cáo tình hình tổ chức quản lý hoạt động vận tải trên phạm vi toàn quốc
dc6768669b9c7a5dd54c9975f2139eee0dfc2ac526dc1a85c269cf13c2bf498a,36/2020/TT-BGTVT,báo cáo tình hình tổ chức quản lý hoạt động vận tải trên phạm vi toàn quốc theo mẫu quy định tại phụ lục 21 của thông tư này
f3c613a261b0ef74ab433c4813d9a5dc0cc74873531ea0e48292d0a534eb4613,36/2020/TT-BGTVT,báo cáo được thể hiện dưới hình thức văn bản giấy hoặc văn bản điện tử
f3c613a261b0ef74ab433c4813d9a5dc0cc74873531ea0e48292d0a534eb4613,36/2020/TT-BGTVT,báo cáo được gửi đến cơ quan nhận báo cáo bằng dịch vụ bưu chính
f3c613a261b0ef74ab433c4813d9a5dc0cc74873531ea0e48292d0a534eb4613,36/2020/TT-BGTVT,báo cáo được gửi đến cơ quan nhận báo cáo bằng hệ thống thư điện tử
a59c7cb884672c45b3b2a235fc5a7ba59fb59f6df6722977b5417dcf24982388,36/2020/TT-BGTVT,tần suất thực hiện báo cáo là định kỳ 06 tháng
59af1bfb8c8cd3a3a897c08492b7c03584d25ff244d8cb89937d61abdc02d015,36/2020/TT-BGTVT,doanh nghiệp kinh doanh vận tải phải báo cáo tình hình hoạt động vận tải đường bộ
59af1bfb8c8cd3a3a897c08492b7c03584d25ff244d8cb89937d61abdc02d015,36/2020/TT-BGTVT,hợp tác xã kinh doanh vận tải phải báo cáo tình hình hoạt động vận tải đường bộ
64456259ca729f8d917bf6a0e4b3dfb1751fd5b446929fc36c3d1a1eabf6c9ee,36/2020/TT-BGTVT,điều 22 khoản 1 điểm k bị bãi bỏ
64456259ca729f8d917bf6a0e4b3dfb1751fd5b446929fc36c3d1a1eabf6c9ee,36/2020/TT-BGTVT,điều 22 khoản 2 điểm c bị bãi bỏ
be0a713423163807b3a7c29682b32bdb1b2edb43bcc8880d6f8456e0854e03a4,36/2020/TT-BGTVT,sở giao thông vận tải thực hiện báo cáo
843d86aa0016d72b4ed4e01f0a7e2e6a3e995251eda5443076c6fc7ba823ea77,36/2020/TT-BGTVT,báo cáo được thể hiện dưới hình thức văn bản giấy
843d86aa0016d72b4ed4e01f0a7e2e6a3e995251eda5443076c6fc7ba823ea77,36/2020/TT-BGTVT,báo cáo được thể hiện dưới hình thức văn bản điện tử
843d86aa0016d72b4ed4e01f0a7e2e6a3e995251eda5443076c6fc7ba823ea77,36/2020/TT-BGTVT,báo cáo được gửi đến cơ quan nhận báo cáo bằng phương thức qua dịch vụ bưu chính
843d86aa0016d72b4ed4e01f0a7e2e6a3e995251eda5443076c6fc7ba823ea77,36/2020/TT-BGTVT,báo cáo được gửi đến cơ quan nhận báo cáo bằng phương thức qua hệ thống thư điện tử
917f19e1aa5973d1ea3240b59492f99094b2e05733a955f25832ed7fa6db1ade,36/2020/TT-BGTVT,điều 22 được bãi bỏ điểm k khoản 1
917f19e1aa5973d1ea3240b59492f99094b2e05733a955f25832ed7fa6db1ade,36/2020/TT-BGTVT,điều 22 được bãi bỏ điểm c khoản 2
917f19e1aa5973d1ea3240b59492f99094b2e05733a955f25832ed7fa6db1ade,36/2020/TT-BGTVT,tần suất thực hiện báo cáo là định kỳ 06 tháng
ba97a60fd1a145aea2f0a7b44cf287640a4f8b04927ba269a23ea845cdb5d3b9,36/2020/TT-BGTVT,bãi bỏ điểm k khoản 1 điều 22
ba97a60fd1a145aea2f0a7b44cf287640a4f8b04927ba269a23ea845cdb5d3b9,36/2020/TT-BGTVT,bãi bỏ điểm c khoản 2 điều 22
64feef242aa60ea384d8b13d2ab4b1a9456ffc4375b87b2df33ac9e29aeaa28b,36/2020/TT-BGTVT,bãi bỏ điểm k khoản 1 điều 22
64feef242aa60ea384d8b13d2ab4b1a9456ffc4375b87b2df33ac9e29aeaa28b,36/2020/TT-BGTVT,bãi bỏ điểm c khoản 2 điều 22
64feef242aa60ea384d8b13d2ab4b1a9456ffc4375b87b2df33ac9e29aeaa28b,36/2020/TT-BGTVT,mẫu đề cương báo cáo theo mẫu quy định tại phụ lục 20 của thông tư này
96c0417c1a3331d44f57869536db00fe42290f79da5b96717fcc09ea649cf406,36/2020/TT-BGTVT,báo cáo tình hình tổ chức quản lý hoạt động vận tải trên phạm vi toàn quốc được lập
602ccb9be162c66d770102e95c92520a1018d7687f03563f7c1cbcd9118bd356,36/2020/TT-BGTVT,báo cáo tình hình tổ chức quản lý hoạt động vận tải trên phạm vi toàn quốc
27bf2488a272869a3d43315254ab27e5b05271d5f835f6d7787e8463620b8a4b,36/2020/TT-BGTVT,báo cáo tình hình tổ chức quản lý hoạt động vận tải trên phạm vi toàn quốc được thực hiện
e04edcb15feddf635c7dc4e322a5dc1038181c9c1522f32329bb70d51fc82919,36/2020/TT-BGTVT,báo cáo tình hình tổ chức quản lý hoạt động vận tải trên phạm vi toàn quốc
fc55be31d395d5c4d455873511fcdb8c955ad1b8ddefc74bfc6bdd66b838c811,36/2020/TT-BGTVT,báo cáo tình hình tổ chức quản lý hoạt động vận tải trên phạm vi toàn quốc được gửi và nhận theo phương thức xác định
fc55be31d395d5c4d455873511fcdb8c955ad1b8ddefc74bfc6bdd66b838c811,36/2020/TT-BGTVT,báo cáo được thể hiện dưới hình thức văn bản giấy hoặc văn bản điện tử
fc55be31d395d5c4d455873511fcdb8c955ad1b8ddefc74bfc6bdd66b838c811,36/2020/TT-BGTVT,"phương thức gửi báo cáo gồm gửi trực tiếp, qua dịch vụ bưu chính, fax, qua hệ thống thư điện tử và các phương thức khác theo quy định của pháp luật"
064978b6589bcc6f88ce05af86080cd28e7d7f243dd9d21e154d5ffc052f0c2a,36/2020/TT-BGTVT,bộ phận liên quan thực hiện báo cáo theo tần suất định kỳ 06 tháng
b3547dd800d8c2d1c3c8b18edfd6fba8ba8ff43ec3bc3323c8274fe5387b2612,36/2020/TT-BGTVT,báo cáo về tình hình tổ chức quản lý hoạt động vận tải trên phạm vi toàn quốc
b3547dd800d8c2d1c3c8b18edfd6fba8ba8ff43ec3bc3323c8274fe5387b2612,36/2020/TT-BGTVT,thời gian chốt số liệu báo cáo từ ngày 01 tháng 01 đến ngày 30 tháng 06 của kỳ báo cáo đối với báo cáo định kỳ 06 tháng đầu năm
b3547dd800d8c2d1c3c8b18edfd6fba8ba8ff43ec3bc3323c8274fe5387b2612,36/2020/TT-BGTVT,thời gian chốt số liệu báo cáo từ ngày 01 tháng 07 đến ngày 31 tháng 12 của kỳ báo cáo đối với báo cáo định kỳ 06 tháng cuối năm
c58dcd5f0581dfcc2801e2a11d43157b63171307125328828fe9eeaf738890c2,36/2020/TT-BGTVT,báo cáo tình hình tổ chức quản lý hoạt động vận tải trên phạm vi toàn quốc phải theo mẫu đề cương báo cáo
c58dcd5f0581dfcc2801e2a11d43157b63171307125328828fe9eeaf738890c2,36/2020/TT-BGTVT,mẫu đề cương báo cáo theo mẫu quy định tại phụ lục 21 của thông tư này
5083fd4215518b110e3c43f6bf37d53afc6fbf9b0e6114071be52f1e4542238e,36/2020/TT-BGTVT,sửa đổi khoản 13 điều 8 như sau
5083fd4215518b110e3c43f6bf37d53afc6fbf9b0e6114071be52f1e4542238e,36/2020/TT-BGTVT,bổ sung khoản 13 điều 8 như sau
2e7a49e2ed3a1bdcbb28cab534a2202ae52e35fb84f71fccc32d0e8f90911964,36/2020/TT-BGTVT,"khoản 13 điều 8 được sửa đổi, bổ sung như sau"
62f37b29a0aedbc87cf049416c02496c115a2248919e7949e9a05a9985e2a872,36/2020/TT-BGTVT,sửa đổi khoản 13 điều 8 như sau
62f37b29a0aedbc87cf049416c02496c115a2248919e7949e9a05a9985e2a872,36/2020/TT-BGTVT,bổ sung khoản 13 điều 8 như sau
921f721d7e964fa4200162ec32c402727d8d92f00bfee90f88f10919606c26b4,36/2020/TT-BGTVT,sửa đổi khoản 13 điều 8
921f721d7e964fa4200162ec32c402727d8d92f00bfee90f88f10919606c26b4,36/2020/TT-BGTVT,bổ sung khoản 13 điều 8 với nội dung sau
921f721d7e964fa4200162ec32c402727d8d92f00bfee90f88f10919606c26b4,36/2020/TT-BGTVT,khoản 13 quy định thực hiện báo cáo theo phương thức sau
921f721d7e964fa4200162ec32c402727d8d92f00bfee90f88f10919606c26b4,36/2020/TT-BGTVT,báo cáo được thể hiện dưới hình thức văn bản giấy hoặc văn bản điện tử
921f721d7e964fa4200162ec32c402727d8d92f00bfee90f88f10919606c26b4,36/2020/TT-BGTVT,báo cáo được gửi đến cơ quan nhận báo cáo bằng phương thức qua dịch vụ bưu chính
921f721d7e964fa4200162ec32c402727d8d92f00bfee90f88f10919606c26b4,36/2020/TT-BGTVT,báo cáo được gửi đến cơ quan nhận báo cáo bằng phương thức qua hệ thống thư điện tử
b87d818a356d971ee1cd567b649044c717b4ef457a3221c78555d32227583d8f,36/2020/TT-BGTVT,"sửa đổi, bổ sung khoản 13 điều 8 như sau"
4e1c01c14fa2f343e492d93fc07eeaa54d6d19ee47ee5ddb10f3556daf81c784,36/2020/TT-BGTVT,"khoản 13 điều 8 được sửa đổi, bổ sung như sau"
ffc23be41eb20e961b67162bb06f534847d3e86f7012eed52d5c8290adde1228,36/2020/TT-BGTVT,sửa đổi khoản 13 điều 8 như sau
ffc23be41eb20e961b67162bb06f534847d3e86f7012eed52d5c8290adde1228,36/2020/TT-BGTVT,bổ sung khoản 13 điều 8 như sau
0633f1cb91224a89282694c3ad2e241acde6496d40263e9bc0cc4f652bf301a0,36/2020/TT-BGTVT,sửa đổi khoản 13 điều 8
0633f1cb91224a89282694c3ad2e241acde6496d40263e9bc0cc4f652bf301a0,36/2020/TT-BGTVT,bổ sung khoản 13 điều 8 như sau
0633f1cb91224a89282694c3ad2e241acde6496d40263e9bc0cc4f652bf301a0,36/2020/TT-BGTVT,mẫu biểu số liệu báo cáo được thực hiện theo mẫu quy định tại phụ lục 22 của thông tư này
dafd6d0875927fe38577c00a55a1435281e5afffe5690c3b15b6a72767c05dbd,36/2020/TT-BGTVT,"khoản 8 điều 9 được sửa đổi, bổ sung như sau"
e82d733128b51a57a3b735710a5826c68efff7751db0e8c84fde4a0741be651e,36/2020/TT-BGTVT,"khoản 8 điều 9 được sửa đổi, bổ sung như sau"
e82d733128b51a57a3b735710a5826c68efff7751db0e8c84fde4a0741be651e,36/2020/TT-BGTVT,nội dung yêu cầu báo cáo là báo cáo kết quả xử lý vi phạm của địa phương và đơn vị kinh doanh vận tải
eed33193dd4e550705aa0eb561fe2a55416d5db75dccc059f607bafd465df142,36/2020/TT-BGTVT,"khoản 8 điều 9 được sửa đổi, bổ sung như sau"
782407bf0b472d652e85c949d4bdab3e72c40803d54e0304673ff19da54cb040,36/2020/TT-BGTVT,"khoản 8 điều 9 được sửa đổi, bổ sung như sau"
a3fdb7cd9fe37a38c48e0fe746365d9233c99f46686343531793b705d56dab9f,36/2020/TT-BGTVT,sửa đổi khoản 8 điều 9
a3fdb7cd9fe37a38c48e0fe746365d9233c99f46686343531793b705d56dab9f,36/2020/TT-BGTVT,bổ sung khoản 8 điều 9
a3fdb7cd9fe37a38c48e0fe746365d9233c99f46686343531793b705d56dab9f,36/2020/TT-BGTVT,"phương thức gửi, nhận báo cáo quy định như sau"
a3fdb7cd9fe37a38c48e0fe746365d9233c99f46686343531793b705d56dab9f,36/2020/TT-BGTVT,báo cáo được thể hiện dưới hình thức văn bản giấy hoặc văn bản điện tử
a3fdb7cd9fe37a38c48e0fe746365d9233c99f46686343531793b705d56dab9f,36/2020/TT-BGTVT,các phương thức gửi báo cáo gồm gửi trực tiếp
a3fdb7cd9fe37a38c48e0fe746365d9233c99f46686343531793b705d56dab9f,36/2020/TT-BGTVT,các phương thức gửi báo cáo gồm gửi qua dịch vụ bưu chính
a3fdb7cd9fe37a38c48e0fe746365d9233c99f46686343531793b705d56dab9f,36/2020/TT-BGTVT,các phương thức gửi báo cáo gồm gửi qua fax
a3fdb7cd9fe37a38c48e0fe746365d9233c99f46686343531793b705d56dab9f,36/2020/TT-BGTVT,các phương thức gửi báo cáo gồm gửi qua hệ thống thư điện tử
a3fdb7cd9fe37a38c48e0fe746365d9233c99f46686343531793b705d56dab9f,36/2020/TT-BGTVT,các phương thức gửi báo cáo gồm các phương thức khác theo quy định của pháp luật
ee97fbda024931949a4d1e4a6a0c2c0c004df619bd42272846616f876a566839,36/2020/TT-BGTVT,sửa đổi khoản 8 điều 9 như sau
e91a94d411e18ca02063f4dff1d9c4ed3b684edc57f544b2e7724a27ebb44d86,36/2020/TT-BGTVT,sửa đổi khoản 8 điều 9 như sau
e91a94d411e18ca02063f4dff1d9c4ed3b684edc57f544b2e7724a27ebb44d86,36/2020/TT-BGTVT,bổ sung khoản 8 điều 9 như sau
ff30aba57f543744b8d0c275f060de58a0461d1960217a8895f6b4df7bb16696,36/2020/TT-BGTVT,"sửa đổi, bổ sung khoản 8 điều 9 như sau"
2a9029f6cb47ef792e721000ef5e87a80728e7576eff25375bd9d27bf6abf908,36/2020/TT-BGTVT,"sửa đổi, bổ sung khoản 8 điều 9 như sau"
2a9029f6cb47ef792e721000ef5e87a80728e7576eff25375bd9d27bf6abf908,36/2020/TT-BGTVT,chế độ báo cáo theo mẫu biểu số liệu báo cáo
2a9029f6cb47ef792e721000ef5e87a80728e7576eff25375bd9d27bf6abf908,36/2020/TT-BGTVT,mẫu biểu số liệu báo cáo theo mẫu quy định tại phụ lục 23 của thông tư này
e4699f1a3c25e272873178cd14bdf160f9e7abc8085a46fed5ac3590bb3febe9,36/2020/TT-BGTVT,"đối với hệ thống đường trung ương, phải lập báo cáo công tác quản lý, bảo trì công trình đường bộ"
325459bbd8ee48f6c7db16fcb8c8f4ade92eda64eafa897694bec0e88f13b144,36/2020/TT-BGTVT,báo cáo được thể hiện dưới hình thức văn bản giấy hoặc văn bản điện tử
325459bbd8ee48f6c7db16fcb8c8f4ade92eda64eafa897694bec0e88f13b144,36/2020/TT-BGTVT,báo cáo được gửi đến cơ quan nhận báo cáo qua dịch vụ bưu chính
325459bbd8ee48f6c7db16fcb8c8f4ade92eda64eafa897694bec0e88f13b144,36/2020/TT-BGTVT,báo cáo được gửi đến cơ quan nhận báo cáo qua hệ thống thư điện tử
647479262981818fb9579493f3c8e6653371008850092e2c9db57890ba33188b,36/2020/TT-BGTVT,hệ thống đường trung ương phải báo cáo mẫu biểu số liệu
647479262981818fb9579493f3c8e6653371008850092e2c9db57890ba33188b,36/2020/TT-BGTVT,mẫu biểu số liệu báo cáo theo mẫu quy định tại phụ lục iii của thông tư này
10eab257692cabb812d4d61f85782b1c093cd40e8dee728cbc8bb50056dfa992,36/2020/TT-BGTVT,"nội dung yêu cầu báo cáo là báo cáo tình hình quản lý, bảo trì hệ thống đường tỉnh, đường đô thị, đường huyện và các đường địa phương khác, đường chuyên dùng"
27588cbe35405438e799a7fcdbb03d9cb5aca5e5391724b6afccd5fde4c14014,36/2020/TT-BGTVT,báo cáo của sở giao thông vận tải được thể hiện dưới hình thức văn bản giấy hoặc văn bản điện tử
27588cbe35405438e799a7fcdbb03d9cb5aca5e5391724b6afccd5fde4c14014,36/2020/TT-BGTVT,"báo cáo được gửi đến cơ quan nhận báo cáo bằng một trong các phương thức sau: gửi trực tiếp, qua dịch vụ bưu chính, fax, qua hệ thống thư điện tử hoặc các phương thức khác theo quy định của pháp luật"
777ce7a1bd99d08d82469aaeea9b01f7324c6cbf7fcba2f122808a23efe4a4ab,36/2020/TT-BGTVT,"nội dung yêu cầu báo cáo gồm báo cáo năm về công tác phòng, chống thiên tai"
777ce7a1bd99d08d82469aaeea9b01f7324c6cbf7fcba2f122808a23efe4a4ab,36/2020/TT-BGTVT,"nội dung yêu cầu báo cáo gồm kế hoạch phòng, chống thiên tai của năm sau"
777ce7a1bd99d08d82469aaeea9b01f7324c6cbf7fcba2f122808a23efe4a4ab,36/2020/TT-BGTVT,"nội dung yêu cầu báo cáo gồm những kiến nghị, đề xuất nếu có"
5c01e333771124466d4d2ce718e0426af541cbb327b3c0f2e87c0a71ff80f497,36/2020/TT-BGTVT,"phương thức gửi, nhận báo cáo gồm báo cáo được thể hiện dưới hình thức văn bản giấy hoặc văn bản điện tử"
5c01e333771124466d4d2ce718e0426af541cbb327b3c0f2e87c0a71ff80f497,36/2020/TT-BGTVT,báo cáo được gửi đến cơ quan nhận báo cáo bằng phương thức qua dịch vụ bưu chính
5c01e333771124466d4d2ce718e0426af541cbb327b3c0f2e87c0a71ff80f497,36/2020/TT-BGTVT,báo cáo được gửi đến cơ quan nhận báo cáo bằng phương thức qua hệ thống thư điện tử
95e5fa2b77d444f4e9ad1945805f5b90359bd4be20fb7bc90f47b32592db50ec,36/2020/TT-BGTVT,mẫu biểu số liệu báo cáo được lập theo mẫu quy định tại phụ lục của thông tư này
45dc9b90882949eed0edffad8ad4d86b8d6ef528d3faa58333aa84fbae0316c9,36/2020/TT-BGTVT,báo cáo hoạt động của trạm thu phí phải được gửi
49cc48f1c7c517cc5bb1f07f2bcb345ad84c03c9cf528b8c49ef1d4b48e19ebb,36/2020/TT-BGTVT,báo cáo được thể hiện dưới hình thức văn bản giấy hoặc văn bản điện tử
49cc48f1c7c517cc5bb1f07f2bcb345ad84c03c9cf528b8c49ef1d4b48e19ebb,36/2020/TT-BGTVT,báo cáo được gửi đến cơ quan nhận báo cáo bằng phương thức qua dịch vụ bưu chính
49cc48f1c7c517cc5bb1f07f2bcb345ad84c03c9cf528b8c49ef1d4b48e19ebb,36/2020/TT-BGTVT,báo cáo được gửi đến cơ quan nhận báo cáo bằng phương thức qua hệ thống thư điện tử
d2e43407e7c712a9470baf1ab15972a5f1415531ccf17227d39f71380dd20913,36/2020/TT-BGTVT,báo cáo hoạt động của trạm thu phí phải theo mẫu biểu số liệu báo cáo
d2e43407e7c712a9470baf1ab15972a5f1415531ccf17227d39f71380dd20913,36/2020/TT-BGTVT,mẫu biểu số liệu báo cáo gồm mẫu số 1 đến mẫu số 7 phụ lục 1 của thông tư này
c252e02b90abfaf1923542ec428f817dec1d019b50345a99216222e87f72540f,36/2020/TT-BGTVT,"báo cáo trình bày công tác quản lý, sử dụng tài sản trạm thu phí"
fb196532e0a7f5f22d928dd851e52baafdd718b71567d561b97966db2b36bea3,36/2020/TT-BGTVT,báo cáo công tác quản lý tài sản trạm thu phí
fb196532e0a7f5f22d928dd851e52baafdd718b71567d561b97966db2b36bea3,36/2020/TT-BGTVT,báo cáo công tác sử dụng tài sản trạm thu phí
fb196532e0a7f5f22d928dd851e52baafdd718b71567d561b97966db2b36bea3,36/2020/TT-BGTVT,nội dung yêu cầu báo cáo là báo cáo việc quản lý tài sản
b960c1607c9363219de52b308377cf0d7ea919e4c2a13e350aa2b6990a0a10dd,36/2020/TT-BGTVT,"báo cáo công tác quản lý, sử dụng tài sản trạm thu phí phải được lập"
4136cfe7e7393ef1c60da70b778242c442575985c900bd3e7ece70dd87e2e83f,36/2020/TT-BGTVT,"báo cáo công tác quản lý, sử dụng tài sản trạm thu phí được thực hiện theo phương thức gửi, nhận báo cáo"
4136cfe7e7393ef1c60da70b778242c442575985c900bd3e7ece70dd87e2e83f,36/2020/TT-BGTVT,báo cáo được thể hiện dưới hình thức văn bản giấy hoặc văn bản điện tử
4136cfe7e7393ef1c60da70b778242c442575985c900bd3e7ece70dd87e2e83f,36/2020/TT-BGTVT,báo cáo được gửi đến cơ quan nhận báo cáo bằng phương thức qua dịch vụ bưu chính
4136cfe7e7393ef1c60da70b778242c442575985c900bd3e7ece70dd87e2e83f,36/2020/TT-BGTVT,báo cáo được gửi đến cơ quan nhận báo cáo bằng phương thức qua hệ thống thư điện tử
b9dace77792ef4544c46f3695cfec8c3dcc977eb7613a5e5fb3dda51d53261f7,36/2020/TT-BGTVT,"báo cáo công tác quản lý, sử dụng tài sản trạm thu phí được thực hiện theo tần suất báo cáo"
b9dace77792ef4544c46f3695cfec8c3dcc977eb7613a5e5fb3dda51d53261f7,36/2020/TT-BGTVT,tần suất thực hiện báo cáo là 6 tháng đầu năm và cả năm
03d59ce0cb581d115da8721f17982a5fe81d52f954f7c09d5c95624c94b7ee08,36/2020/TT-BGTVT,"báo cáo công tác quản lý, sử dụng tài sản trạm thu phí phải gửi báo cáo 06 tháng đầu năm trước ngày 10 tháng 7 hàng năm"
03d59ce0cb581d115da8721f17982a5fe81d52f954f7c09d5c95624c94b7ee08,36/2020/TT-BGTVT,"báo cáo công tác quản lý, sử dụng tài sản trạm thu phí phải gửi báo cáo cả năm trước ngày 10 tháng 01 năm tiếp theo"
7219a901928ece423b0b3fa772217feca2924904705df16b02757e2410c7a1d6,36/2020/TT-BGTVT,"báo cáo công tác quản lý, sử dụng tài sản trạm thu phí có thời gian chốt số liệu báo cáo là 06 tháng đầu năm tính từ ngày 01 tháng 01 đến ngày 30 tháng 6 năm báo cáo"
7219a901928ece423b0b3fa772217feca2924904705df16b02757e2410c7a1d6,36/2020/TT-BGTVT,"báo cáo công tác quản lý, sử dụng tài sản trạm thu phí có thời gian chốt số liệu báo cáo là cả năm tính từ ngày 01 tháng 01 đến ngày 31 tháng 12 năm báo cáo"
5fc106f6490e1e8273d092049dba67c8740245323cd2b6dce516c9f511d96290,36/2020/TT-BGTVT,"báo cáo công tác quản lý, sử dụng tài sản trạm thu phí phải theo mẫu biểu số liệu báo cáo"
5fc106f6490e1e8273d092049dba67c8740245323cd2b6dce516c9f511d96290,36/2020/TT-BGTVT,mẫu biểu số liệu báo cáo phải theo quy định tại mẫu số 8 phụ lục 1 của thông tư này
095513ff68549699367949367ffdae9116be569e718ec111d999306459d2e534,36/2020/TT-BGTVT,đơn vị phải báo cáo tình hình hoạt động vận tải của đơn vị
2bd4246ff94e6fae0440248036117e7fa72300993e391735f6a720aa34766e09,36/2020/TT-BGTVT,báo cáo được thể hiện dưới hình thức văn bản giấy hoặc văn bản điện tử
2bd4246ff94e6fae0440248036117e7fa72300993e391735f6a720aa34766e09,36/2020/TT-BGTVT,báo cáo được gửi trực tiếp
2bd4246ff94e6fae0440248036117e7fa72300993e391735f6a720aa34766e09,36/2020/TT-BGTVT,báo cáo được gửi qua dịch vụ bưu chính
2bd4246ff94e6fae0440248036117e7fa72300993e391735f6a720aa34766e09,36/2020/TT-BGTVT,báo cáo được gửi qua fax
2bd4246ff94e6fae0440248036117e7fa72300993e391735f6a720aa34766e09,36/2020/TT-BGTVT,báo cáo được gửi qua hệ thống thư điện tử
2bd4246ff94e6fae0440248036117e7fa72300993e391735f6a720aa34766e09,36/2020/TT-BGTVT,báo cáo được gửi bằng các phương thức khác theo quy định của pháp luật
75dc343fbe88c122015c7215ee733b46fcfd5d22f357b66929d9d501b7e8e6b3,36/2020/TT-BGTVT,báo cáo tình hình hoạt động vận tải đường bộ của địa phương là báo cáo tình hình hoạt động vận tải
c3314e5834355b1491298d766622b46676a3211ac285a2dd304314b8ab5acc33,36/2020/TT-BGTVT,báo cáo tình hình hoạt động vận tải đường bộ của địa phương phải có nội dung yêu cầu báo cáo
c3314e5834355b1491298d766622b46676a3211ac285a2dd304314b8ab5acc33,36/2020/TT-BGTVT,nội dung yêu cầu báo cáo bao gồm kết quả hoạt động vận chuyển hành khách
c3314e5834355b1491298d766622b46676a3211ac285a2dd304314b8ab5acc33,36/2020/TT-BGTVT,nội dung yêu cầu báo cáo bao gồm kết quả hoạt động vận tải hàng hóa
c3314e5834355b1491298d766622b46676a3211ac285a2dd304314b8ab5acc33,36/2020/TT-BGTVT,nội dung yêu cầu báo cáo bao gồm hoạt động của các bến xe trên địa bàn
2a9b8a40725a2945346764125b56d5897f36709160e2d8776254e25210179679,36/2020/TT-BGTVT,sở giao thông vận tải thực hiện báo cáo
743d9e70ae95a2284412b379e7ee2496e2b19dd4645f2c4f3610d3155a72f176,36/2020/TT-BGTVT,báo cáo tình hình hoạt động vận tải đường bộ của địa phương được thể hiện dưới hình thức văn bản giấy hoặc văn bản điện tử
743d9e70ae95a2284412b379e7ee2496e2b19dd4645f2c4f3610d3155a72f176,36/2020/TT-BGTVT,báo cáo tình hình hoạt động vận tải đường bộ của địa phương được gửi đến cơ quan nhận báo cáo bằng phương thức gửi trực tiếp
743d9e70ae95a2284412b379e7ee2496e2b19dd4645f2c4f3610d3155a72f176,36/2020/TT-BGTVT,báo cáo tình hình hoạt động vận tải đường bộ của địa phương được gửi đến cơ quan nhận báo cáo bằng phương thức qua dịch vụ bưu chính
743d9e70ae95a2284412b379e7ee2496e2b19dd4645f2c4f3610d3155a72f176,36/2020/TT-BGTVT,báo cáo tình hình hoạt động vận tải đường bộ của địa phương được gửi đến cơ quan nhận báo cáo bằng phương thức fax
743d9e70ae95a2284412b379e7ee2496e2b19dd4645f2c4f3610d3155a72f176,36/2020/TT-BGTVT,báo cáo tình hình hoạt động vận tải đường bộ của địa phương được gửi đến cơ quan nhận báo cáo bằng phương thức qua hệ thống thư điện tử
743d9e70ae95a2284412b379e7ee2496e2b19dd4645f2c4f3610d3155a72f176,36/2020/TT-BGTVT,báo cáo tình hình hoạt động vận tải đường bộ của địa phương được gửi đến cơ quan nhận báo cáo bằng các phương thức khác theo quy định của pháp luật
2d06774507be84bc5316d31c8ab9e9a9f0f9f06355599013768f7a9ff1a55dc8,36/2020/TT-BGTVT,báo cáo tình hình hoạt động vận tải đường bộ của địa phương phải gửi trước ngày 20 tháng 12 hàng năm
69cbbe16196ebb2e6e8123fad6afdfd5caae84c4bb6c570727696734d6104766,36/2020/TT-BGTVT,báo cáo tình hình hoạt động vận tải đường bộ của địa phương trong thời gian chốt số liệu báo cáo
9afc5b2dd9c8d794f8c3757965bdd6123bd726868fe386023b8de8ccfefa6723,36/2020/TT-BGTVT,báo cáo tình hình hoạt động vận tải đường bộ của địa phương phải theo mẫu đề cương báo cáo
9afc5b2dd9c8d794f8c3757965bdd6123bd726868fe386023b8de8ccfefa6723,36/2020/TT-BGTVT,mẫu đề cương báo cáo phải theo quy định tại phụ lục 21 thông tư này
78d1cd5a76326903429d902df6be9f589e6f024d9558484fe7720cd8ae48d299,36/2020/TT-BGTVT,báo cáo tình hình hoạt động vận tải đường bộ trên phạm vi toàn quốc như sau
bbfaefbd7d0892d06e88d4cc0aabdc8b064aadba3528f78c08523031641cba3c,36/2020/TT-BGTVT,báo cáo tình hình hoạt động vận tải đường bộ trên phạm vi toàn quốc được thực hiện
7fb73e4f078f925f024cbb86cc502c8fba267be2b77805cab4f5450bb5616b58,36/2020/TT-BGTVT,báo cáo tình hình hoạt động vận tải đường bộ trên phạm vi toàn quốc được thực hiện như sau
8500136dbd925a27d6b60f5c0401df0889e7fd3d8c92dbd68b1921201c702a74,36/2020/TT-BGTVT,báo cáo tình hình hoạt động vận tải đường bộ trên phạm vi toàn quốc được thực hiện như sau
8500136dbd925a27d6b60f5c0401df0889e7fd3d8c92dbd68b1921201c702a74,36/2020/TT-BGTVT,báo cáo được thể hiện dưới hình thức văn bản giấy hoặc văn bản điện tử
8500136dbd925a27d6b60f5c0401df0889e7fd3d8c92dbd68b1921201c702a74,36/2020/TT-BGTVT,báo cáo được gửi trực tiếp
8500136dbd925a27d6b60f5c0401df0889e7fd3d8c92dbd68b1921201c702a74,36/2020/TT-BGTVT,báo cáo được gửi qua dịch vụ bưu chính
8500136dbd925a27d6b60f5c0401df0889e7fd3d8c92dbd68b1921201c702a74,36/2020/TT-BGTVT,báo cáo được gửi qua fax
8500136dbd925a27d6b60f5c0401df0889e7fd3d8c92dbd68b1921201c702a74,36/2020/TT-BGTVT,báo cáo được gửi qua hệ thống thư điện tử
8500136dbd925a27d6b60f5c0401df0889e7fd3d8c92dbd68b1921201c702a74,36/2020/TT-BGTVT,báo cáo được gửi bằng các phương thức khác theo quy định của pháp luật
0a4b5d252d47456b57fd44e837c838ba37f7bc99e2ac75297cffbbc9bc0979b6,36/2020/TT-BGTVT,báo cáo tình hình hoạt động vận tải đường bộ trên phạm vi toàn quốc được thực hiện theo tần suất định kỳ hằng năm
26e282db03f4693735d47db641df503fa28a1a4865f2e18caf713c4fc957c7ab,36/2020/TT-BGTVT,báo cáo tình hình hoạt động vận tải đường bộ trên phạm vi toàn quốc được thực hiện như sau
9afba4ec397b149e34ff27caa5abcd9e32eea0c7cf8e564129665c97654a2fdc,36/2020/TT-BGTVT,báo cáo về tình hình hoạt động vận tải đường bộ trên phạm vi toàn quốc được thực hiện
eeed733ec332af9f10db33bbce73fb4262eb057d080fed4e655b86efc5065873,36/2020/TT-BGTVT,mẫu đề cương báo cáo được thực hiện theo quy định tại phụ lục 21 thông tư này
387816dc34171aed10d2719b17808287ee2084bf65064425fd48ef39f17213de,40/2021/TT-BGTVT,định mức công tác gián tiếp được xác định bằng tỷ lệ phần trăm theo tổng chi phí nhân công trong chi phí trực tiếp công tác thu phí
963ebc9a5f2af65521d6aa5bb586fce8a153bbb32e968a1407bde0a7ac43303f,40/2021/TT-BGTVT,định mức công tác gián tiếp được xác định bằng tỷ lệ phần trăm theo tổng chi phí nhân công trong chi phí trực tiếp công tác thu phí
963ebc9a5f2af65521d6aa5bb586fce8a153bbb32e968a1407bde0a7ac43303f,40/2021/TT-BGTVT,phân trạm là một bộ phận của trạm thu phí
963ebc9a5f2af65521d6aa5bb586fce8a153bbb32e968a1407bde0a7ac43303f,40/2021/TT-BGTVT,"phân trạm có làn thu tiền nằm trên các nhánh đường, tuyến đường khác nhau"
fa6ec93c395c4591862f1f15ba85042781f27202f27947f3134d53fa05fabdb2,40/2021/TT-BGTVT,định mức công tác gián tiếp được xác định bằng tỷ lệ phần trăm theo tổng chi phí nhân công trong chi phí trực tiếp công tác thu phí
fa6ec93c395c4591862f1f15ba85042781f27202f27947f3134d53fa05fabdb2,40/2021/TT-BGTVT,ca là thời gian hoạt động thu phí trong 8 giờ
fa6ec93c395c4591862f1f15ba85042781f27202f27947f3134d53fa05fabdb2,40/2021/TT-BGTVT,một ngày hoạt động thu phí liên tục được tính là 3 ca
1d92ecdbf4d2f4dffd59a6702bfe6d425e89b951736b3d55355f07047894a6ae,40/2021/TT-BGTVT,định mức công tác gián tiếp được xác định bằng tỷ lệ phần trăm theo tổng chi phí nhân công trong chi phí trực tiếp công tác thu phí
88b1073e79cb07ca30a5e5cf10e7b1f26a404bdd05f4e684aad88056483b13b1,40/2021/TT-BGTVT,định mức công tác gián tiếp được xác định bằng tỷ lệ phần trăm theo tổng chi phí nhân công trong chi phí trực tiếp công tác thu phí
cb47777b4871a93077c7ab5940e8bd8d12a630d5131bf9c13e14414999a6a5d9,40/2021/TT-BGTVT,định mức công tác gián tiếp được xác định bằng tỷ lệ phần trăm theo tổng chi phí nhân công trong chi phí trực tiếp công tác thu phí
16d9ace08cf17c65cab9d12ba4518f422b94eceb953a3d1e806d2b2a883fdf29,40/2021/TT-BGTVT,"các khoản chi phí đó còn gồm các khoản phụ cấp khác (nếu có), bảo hiểm xã hội, bảo hiểm y tế, bảo hiểm thất nghiệp và kinh phí công đoàn"
16d9ace08cf17c65cab9d12ba4518f422b94eceb953a3d1e806d2b2a883fdf29,40/2021/TT-BGTVT,chi phí tiền lương và tiền công được xác định bằng hao phí lao động theo định mức công tác trực tiếp nhân với đơn giá ngày công tương ứng
16d9ace08cf17c65cab9d12ba4518f422b94eceb953a3d1e806d2b2a883fdf29,40/2021/TT-BGTVT,đơn giá ngày công đó bao gồm tiền lương cơ sở và các khoản phụ cấp lương theo quy định của pháp luật
9a1b69693aefe3ca5e25db4922788228808ccb36ea12a180eba46efac34aebe2,40/2021/TT-BGTVT,quy định hướng dẫn sử dụng quá trình thực hiện căn cứ điều kiện thực tế
9a1b69693aefe3ca5e25db4922788228808ccb36ea12a180eba46efac34aebe2,40/2021/TT-BGTVT,quy định hướng dẫn sử dụng quá trình thực hiện căn cứ điều kiện thực tế để xác định số làn
9a1b69693aefe3ca5e25db4922788228808ccb36ea12a180eba46efac34aebe2,40/2021/TT-BGTVT,quy định hướng dẫn sử dụng quá trình thực hiện căn cứ điều kiện thực tế để xác định số ca làm việc
9a1b69693aefe3ca5e25db4922788228808ccb36ea12a180eba46efac34aebe2,40/2021/TT-BGTVT,quy định hướng dẫn sử dụng quá trình thực hiện căn cứ điều kiện thực tế để xác định các thông số áp dụng định mức
25c945175766a28825a41bf01f646e16f0c58a1ef480ac1174704764939ea75e,40/2021/TT-BGTVT,hướng dẫn sử dụng các khối lượng ca đêm và ngày lễ tết được thực hiện theo quy định của pháp luật lao động
25c945175766a28825a41bf01f646e16f0c58a1ef480ac1174704764939ea75e,40/2021/TT-BGTVT,"ca làm việc bình thường đêm được trả thêm ít nhất bằng 30% tiền lương ngày thường với hệ số là 1,3"
25c945175766a28825a41bf01f646e16f0c58a1ef480ac1174704764939ea75e,40/2021/TT-BGTVT,ca làm việc ngày lễ tết được trả thêm ít nhất bằng 300% tiền lương ngày thường với hệ số là 4
25c945175766a28825a41bf01f646e16f0c58a1ef480ac1174704764939ea75e,40/2021/TT-BGTVT,"ca làm việc ngày lễ tết đêm được trả thêm ít nhất bằng 30% tiền lương ngày thường với hệ số là 4 nhân 1,3 bằng 5,2"
25c945175766a28825a41bf01f646e16f0c58a1ef480ac1174704764939ea75e,40/2021/TT-BGTVT,tổng số ca làm việc là 1095 ca
25c945175766a28825a41bf01f646e16f0c58a1ef480ac1174704764939ea75e,40/2021/TT-BGTVT,"công tác điều hành bao gồm quản lý tổ bán soát vé, bảo vệ phân làn và các bộ phận liên quan trong ca trực được phân công phụ trách"
25c945175766a28825a41bf01f646e16f0c58a1ef480ac1174704764939ea75e,40/2021/TT-BGTVT,công tác điều hành còn bao gồm xử lý kịp thời các tình huống phát sinh tại làn thu phí
25c945175766a28825a41bf01f646e16f0c58a1ef480ac1174704764939ea75e,40/2021/TT-BGTVT,công tác điều hành còn thực hiện một số nhiệm vụ được giao liên quan khác
25c945175766a28825a41bf01f646e16f0c58a1ef480ac1174704764939ea75e,40/2021/TT-BGTVT,công tác trực tiếp bán soát vé xử lý sự cố làn thu phí hỗn hợp nếu có
25c945175766a28825a41bf01f646e16f0c58a1ef480ac1174704764939ea75e,40/2021/TT-BGTVT,công tác trực tiếp bán soát vé thực hiện một số nhiệm vụ được giao liên quan khác
25c945175766a28825a41bf01f646e16f0c58a1ef480ac1174704764939ea75e,40/2021/TT-BGTVT,công tác bảo vệ phân làn xe còn thực hiện một số nhiệm vụ được giao liên quan khác
25c945175766a28825a41bf01f646e16f0c58a1ef480ac1174704764939ea75e,40/2021/TT-BGTVT,công tác vận hành điều khiển phương tiện đi vào làn phù hợp và xử lý tình huống theo quy trình vận hành
25c945175766a28825a41bf01f646e16f0c58a1ef480ac1174704764939ea75e,40/2021/TT-BGTVT,công tác vận hành thực hiện một số nhiệm vụ được giao liên quan khác
25c945175766a28825a41bf01f646e16f0c58a1ef480ac1174704764939ea75e,40/2021/TT-BGTVT,công tác quản lý hệ thống kỹ thuật xử lý các sự cố kỹ thuật phát sinh và những tình huống khẩn cấp
25c945175766a28825a41bf01f646e16f0c58a1ef480ac1174704764939ea75e,40/2021/TT-BGTVT,công tác quản lý hệ thống kỹ thuật thực hiện một số nhiệm vụ được giao liên quan khác
25c945175766a28825a41bf01f646e16f0c58a1ef480ac1174704764939ea75e,40/2021/TT-BGTVT,"công tác giám sát thu, đối soát số liệu của nhà đầu tư với nhà cung cấp dịch vụ thu phí hoặc nhà đầu tư với nhà đầu tư trong trường hợp kết nối liên thông gồm chuẩn bị, nhận ca và thực hiện các nhiệm vụ giám sát thu, đối soát số liệu hoạt động thu của đơn vị cung cấp dịch vụ thu theo nhiệm vụ"
25c945175766a28825a41bf01f646e16f0c58a1ef480ac1174704764939ea75e,40/2021/TT-BGTVT,công tác hậu kiểm thực hiện đối soát số liệu của nhà cung cấp dịch vụ thu phí với nhà đầu tư đối với trạm kết nối backend
3f93d92737c689a927b2d7910ba8edf2c2b101424fdb26d897e3221b69836ef8,40/2021/TT-BGTVT,định mức công tác gián tiếp gồm các khoản phụ cấp tiền lương
3f93d92737c689a927b2d7910ba8edf2c2b101424fdb26d897e3221b69836ef8,40/2021/TT-BGTVT,định mức công tác gián tiếp gồm tiền thưởng
3f93d92737c689a927b2d7910ba8edf2c2b101424fdb26d897e3221b69836ef8,40/2021/TT-BGTVT,định mức công tác gián tiếp gồm phúc lợi tập thể
3f93d92737c689a927b2d7910ba8edf2c2b101424fdb26d897e3221b69836ef8,40/2021/TT-BGTVT,định mức công tác gián tiếp gồm các khoản đóng góp
3f93d92737c689a927b2d7910ba8edf2c2b101424fdb26d897e3221b69836ef8,40/2021/TT-BGTVT,định mức công tác gián tiếp gồm bảo hiểm xã hội
3f93d92737c689a927b2d7910ba8edf2c2b101424fdb26d897e3221b69836ef8,40/2021/TT-BGTVT,định mức công tác gián tiếp gồm bảo hiểm y tế
3f93d92737c689a927b2d7910ba8edf2c2b101424fdb26d897e3221b69836ef8,40/2021/TT-BGTVT,định mức công tác gián tiếp gồm bảo hiểm thất nghiệp
3f93d92737c689a927b2d7910ba8edf2c2b101424fdb26d897e3221b69836ef8,40/2021/TT-BGTVT,định mức công tác gián tiếp gồm kinh phí công đoàn
3f93d92737c689a927b2d7910ba8edf2c2b101424fdb26d897e3221b69836ef8,40/2021/TT-BGTVT,tiền lương của bộ phận quản lý trạm thu phí gồm trạm trưởng
3f93d92737c689a927b2d7910ba8edf2c2b101424fdb26d897e3221b69836ef8,40/2021/TT-BGTVT,chi phí các bộ phận phục vụ gián tiếp khác gồm lái xe
3f93d92737c689a927b2d7910ba8edf2c2b101424fdb26d897e3221b69836ef8,40/2021/TT-BGTVT,chi phí các bộ phận phục vụ gián tiếp khác gồm tạp vụ
3f93d92737c689a927b2d7910ba8edf2c2b101424fdb26d897e3221b69836ef8,40/2021/TT-BGTVT,chi phí các bộ phận phục vụ gián tiếp khác gồm bảo vệ cơ quan
3901934964d52f831a13171e137e246e582a3e8e937085872da46460b514737c,40/2021/TT-BGTVT,định mức công tác gián tiếp gồm chi phí văn phòng phẩm
3901934964d52f831a13171e137e246e582a3e8e937085872da46460b514737c,40/2021/TT-BGTVT,định mức công tác gián tiếp gồm chi phí đi lại
3901934964d52f831a13171e137e246e582a3e8e937085872da46460b514737c,40/2021/TT-BGTVT,định mức công tác gián tiếp gồm chi phí thông tin liên lạc
3901934964d52f831a13171e137e246e582a3e8e937085872da46460b514737c,40/2021/TT-BGTVT,định mức công tác gián tiếp gồm chi phí điện nước
3901934964d52f831a13171e137e246e582a3e8e937085872da46460b514737c,40/2021/TT-BGTVT,định mức công tác gián tiếp gồm chi phí hội họp
3901934964d52f831a13171e137e246e582a3e8e937085872da46460b514737c,40/2021/TT-BGTVT,định mức công tác gián tiếp gồm chi phí máy móc thiết bị văn phòng
3901934964d52f831a13171e137e246e582a3e8e937085872da46460b514737c,40/2021/TT-BGTVT,định mức công tác gián tiếp gồm chi phí đào tạo nâng cao trình độ nhân viên
3901934964d52f831a13171e137e246e582a3e8e937085872da46460b514737c,40/2021/TT-BGTVT,định mức công tác gián tiếp gồm chi phí đồng phục nhân viên
3901934964d52f831a13171e137e246e582a3e8e937085872da46460b514737c,40/2021/TT-BGTVT,định mức công tác gián tiếp gồm các chi phí khác
1593c7c5c24a4c095ae83796d2a28db440bc611641914d64546d552f9b71c625,40/2021/TT-BGTVT,định mức công tác gián tiếp gồm các chi phí của bộ phận gián tiếp theo quy định của luật lao động
1593c7c5c24a4c095ae83796d2a28db440bc611641914d64546d552f9b71c625,40/2021/TT-BGTVT,định mức công tác gián tiếp gồm chế độ cho người lao động của bộ phận gián tiếp theo quy định của luật lao động
1593c7c5c24a4c095ae83796d2a28db440bc611641914d64546d552f9b71c625,40/2021/TT-BGTVT,"chế độ cho người lao động của bộ phận gián tiếp bao gồm lương thưởng, lễ tết, các chế độ phúc lợi"
5647fc3bae9358cd2a8670208114f5dc4acd78961a169b363f9f8a34edd73a58,40/2021/TT-BGTVT,định mức công tác gián tiếp được xác định bằng tỷ lệ phần trăm theo tổng chi phí nhân công trong chi phí trực tiếp công tác thu phí
5647fc3bae9358cd2a8670208114f5dc4acd78961a169b363f9f8a34edd73a58,40/2021/TT-BGTVT,đơn vị tính là tỷ lệ phần trăm
5647fc3bae9358cd2a8670208114f5dc4acd78961a169b363f9f8a34edd73a58,40/2021/TT-BGTVT,định mức tỷ lệ công tác quản lý thu được xác định theo số làn thu phí của dự án
5647fc3bae9358cd2a8670208114f5dc4acd78961a169b363f9f8a34edd73a58,40/2021/TT-BGTVT,"số làn thu phí của dự án bao gồm các mức: ≤6 làn thu phí, ≤12 làn thu phí, ≤18 làn thu phí, ≤46 làn thu phí và >46 làn thu phí"
5647fc3bae9358cd2a8670208114f5dc4acd78961a169b363f9f8a34edd73a58,40/2021/TT-BGTVT,"định mức tỷ lệ công tác quản lý thu tương ứng lần lượt là 70%, 65%, 55%, 40%, 30%"
5647fc3bae9358cd2a8670208114f5dc4acd78961a169b363f9f8a34edd73a58,40/2021/TT-BGTVT,"đối với các trạm có số làn thu phí mtc hoặc hỗn hợp từ 3 làn trở lên thì định mức tỷ lệ công tác quản lý thu được điều chỉnh theo hệ số 0,8"
fd01daca5d6bef53320f56b4d415d62062153806876369a8470e298252b42aaa,40/2021/TT-BGTVT,định mức công tác gián tiếp được xác định bằng tỷ lệ phần trăm theo tổng chi phí nhân công trong chi phí trực tiếp công tác thu phí
fd01daca5d6bef53320f56b4d415d62062153806876369a8470e298252b42aaa,40/2021/TT-BGTVT,định mức công tác gián tiếp của nhà cung cấp dịch vụ thu phí được xác định bằng 30% chi phí nhân công trực tiếp
fd01daca5d6bef53320f56b4d415d62062153806876369a8470e298252b42aaa,40/2021/TT-BGTVT,"các trạm có số làn thu phí mtc hoặc hỗn hợp từ ba làn trở lên thì định mức trên được điều chỉnh bằng hệ số 0,8"
2096cafbff7427689afdcf4c398a2050cc9c22a31659e932403fd7776be4b8b5,41/2021/TT-BGTVT,sửa đổi điều 17 như sau
2096cafbff7427689afdcf4c398a2050cc9c22a31659e932403fd7776be4b8b5,41/2021/TT-BGTVT,bổ sung điều 17 như sau
30e8498e23e9f213e500546c52f423a1d3e35fb6ad69cce82394613e831de485,41/2021/TT-BGTVT,"điều 17 được sửa đổi, bổ sung như sau"
2cebf95a60e4133172e9d008a70127b8482bec71d364995efeeea2b91904413b,41/2021/TT-BGTVT,sửa đổi điều 17 như sau
2cebf95a60e4133172e9d008a70127b8482bec71d364995efeeea2b91904413b,41/2021/TT-BGTVT,bổ sung điều 17 như sau
e3055bf6d052cddbba773d20b605ea6f2101d358bab256bf14a90cd7bd9d446e,41/2021/TT-BGTVT,chi phí vận hành khai thác công trình đường bộ xác định theo quy định tại điều 35 nghị định số 06/2021/nđ-cp
e3055bf6d052cddbba773d20b605ea6f2101d358bab256bf14a90cd7bd9d446e,41/2021/TT-BGTVT,chi phí vận hành khai thác công trình đường bộ xác định theo quy định của pháp luật về xây dựng
e3055bf6d052cddbba773d20b605ea6f2101d358bab256bf14a90cd7bd9d446e,41/2021/TT-BGTVT,chi phí vận hành khai thác công trình đường bộ xác định theo quy định của pháp luật có liên quan
e3055bf6d052cddbba773d20b605ea6f2101d358bab256bf14a90cd7bd9d446e,41/2021/TT-BGTVT,việc kiểm tra công trình đường bộ có thể bằng các số liệu quan trắc thường xuyên nếu có
05ee46d729bdf9673de8b578da8bb4913476fa9b0af6d5e8c0f09ea3d69d81f9,41/2021/TT-BGTVT,chi phí vận hành khai thác công trình đường bộ được xác định theo quy định tại điều 35 nghị định số 06/2021/nđ-cp
05ee46d729bdf9673de8b578da8bb4913476fa9b0af6d5e8c0f09ea3d69d81f9,41/2021/TT-BGTVT,chi phí vận hành khai thác công trình đường bộ được xác định theo quy định của pháp luật về xây dựng
05ee46d729bdf9673de8b578da8bb4913476fa9b0af6d5e8c0f09ea3d69d81f9,41/2021/TT-BGTVT,chi phí vận hành khai thác công trình đường bộ được xác định theo quy định của pháp luật có liên quan
05ee46d729bdf9673de8b578da8bb4913476fa9b0af6d5e8c0f09ea3d69d81f9,41/2021/TT-BGTVT,nhiệm vụ quan trắc được phê duyệt phù hợp với nghị định số 06/2021/nđ-cp
c93aef2f4620255309183fbc26efaa97fa1dd21f0db810948921063c7522f295,41/2021/TT-BGTVT,"khoản 3 điều 4 được sửa đổi, bổ sung như sau"
c93aef2f4620255309183fbc26efaa97fa1dd21f0db810948921063c7522f295,41/2021/TT-BGTVT,"kiểm định chất lượng công trình đường bộ là hoạt động kiểm tra, đánh giá chất lượng công trình đường bộ"
c93aef2f4620255309183fbc26efaa97fa1dd21f0db810948921063c7522f295,41/2021/TT-BGTVT,"kiểm định chất lượng công trình đường bộ là hoạt động kiểm tra, đánh giá nguyên nhân hư hỏng công trình đường bộ"
c93aef2f4620255309183fbc26efaa97fa1dd21f0db810948921063c7522f295,41/2021/TT-BGTVT,kiểm định chất lượng công trình đường bộ được thực hiện thông qua quan trắc
c93aef2f4620255309183fbc26efaa97fa1dd21f0db810948921063c7522f295,41/2021/TT-BGTVT,kiểm định chất lượng công trình đường bộ được thực hiện thông qua thí nghiệm
c93aef2f4620255309183fbc26efaa97fa1dd21f0db810948921063c7522f295,41/2021/TT-BGTVT,kiểm định chất lượng công trình đường bộ được thực hiện thông qua việc tính toán
c93aef2f4620255309183fbc26efaa97fa1dd21f0db810948921063c7522f295,41/2021/TT-BGTVT,kiểm định chất lượng công trình đường bộ được thực hiện thông qua việc phân tích
c93aef2f4620255309183fbc26efaa97fa1dd21f0db810948921063c7522f295,41/2021/TT-BGTVT,kiểm định chất lượng công trình đường bộ phục vụ công tác bảo trì được thực hiện theo quy định tại khoản 5 điều 33 nghị định số 06/2021/nđ-cp
3d714589d84092c1e47bd2208cc5947fdb4e365a67b690b394adca9a713a0e32,41/2021/TT-BGTVT,các công trình đầu tư theo hình thức ppp được thực hiện theo pháp luật về giá
3d714589d84092c1e47bd2208cc5947fdb4e365a67b690b394adca9a713a0e32,41/2021/TT-BGTVT,"các công trình đầu tư theo hình thức ppp được thực hiện theo pháp luật về giao kế hoạch, đặt hàng, đấu thầu cung cấp sản phẩm, dịch vụ công ích"
3d714589d84092c1e47bd2208cc5947fdb4e365a67b690b394adca9a713a0e32,41/2021/TT-BGTVT,các công trình đầu tư theo hình thức ppp được thực hiện theo các quy định của pháp luật có liên quan
3d714589d84092c1e47bd2208cc5947fdb4e365a67b690b394adca9a713a0e32,41/2021/TT-BGTVT,"khoản 4 điều 4 được sửa đổi, bổ sung như sau: bảo dưỡng công trình đường bộ thực hiện theo quy định của nghị định số 06/2021/nđ-cp"
3d714589d84092c1e47bd2208cc5947fdb4e365a67b690b394adca9a713a0e32,41/2021/TT-BGTVT,bảo dưỡng công trình đường bộ thực hiện theo các quy định khác của pháp luật có liên quan
3d714589d84092c1e47bd2208cc5947fdb4e365a67b690b394adca9a713a0e32,41/2021/TT-BGTVT,bảo dưỡng công trình đường bộ thực hiện theo tiêu chuẩn kỹ thuật do cơ quan nhà nước có thẩm quyền ban hành
3d714589d84092c1e47bd2208cc5947fdb4e365a67b690b394adca9a713a0e32,41/2021/TT-BGTVT,bảo dưỡng công trình đường bộ thực hiện theo quy trình bảo trì của công trình đường bộ được duyệt
15e863ba01fd5afc93a88715e90d77dedfea7cee6356c07fb8b94b2c7af2075d,41/2021/TT-BGTVT,sửa chữa định kỳ bao gồm sửa chữa hư hỏng công trình hoặc hạng mục công trình đường bộ
15e863ba01fd5afc93a88715e90d77dedfea7cee6356c07fb8b94b2c7af2075d,41/2021/TT-BGTVT,"sửa chữa định kỳ được thực hiện định kỳ về thời hạn hoặc tần suất khai thác, sử dụng theo tiêu chuẩn kỹ thuật và quy trình bảo trì được duyệt"
15e863ba01fd5afc93a88715e90d77dedfea7cee6356c07fb8b94b2c7af2075d,41/2021/TT-BGTVT,"sửa chữa định kỳ bao gồm trạm kiểm tra tải trọng xe, trạm thu phí đường bộ, trung tâm its và các công trình thiết bị phụ trợ khác quy định tại khoản 10 điều 2 thông tư này"
15e863ba01fd5afc93a88715e90d77dedfea7cee6356c07fb8b94b2c7af2075d,41/2021/TT-BGTVT,"sửa chữa định kỳ nhằm đảm bảo khai thác và sử dụng công trình đường bộ bình thường, an toàn và hiệu quả"
15e863ba01fd5afc93a88715e90d77dedfea7cee6356c07fb8b94b2c7af2075d,41/2021/TT-BGTVT,"sửa chữa định kỳ bao gồm cả mua sắm thay thế các thiết bị và phần mềm hoạt động khi hết hạn sử dụng hoặc không còn phù hợp yêu cầu quản lý, bảo trì, khai thác công trình đường bộ"
dc61f534354ee5ff8851d97590eb826b6ac71e6e9bdf8a96f6a1dd21f99c4d07,41/2021/TT-BGTVT,chi phí dự phòng do yếu tố trượt giá trong giai đoạn vận hành khai thác được xác định theo pháp luật có liên quan
dc61f534354ee5ff8851d97590eb826b6ac71e6e9bdf8a96f6a1dd21f99c4d07,41/2021/TT-BGTVT,"sửa chữa đột xuất công trình được thực hiện khi bộ phận công trình hoặc công trình bị hư hỏng do chịu tác động đột xuất như mưa gió, bão, lũ lụt, động đất, va đập, cháy, nổ và những tác động đột xuất khác phải sửa chữa cấp bách"
dc61f534354ee5ff8851d97590eb826b6ac71e6e9bdf8a96f6a1dd21f99c4d07,41/2021/TT-BGTVT,sửa chữa đột xuất công trình được thực hiện khi xử lý tai nạn giao thông hoặc điểm đen tai nạn giao thông đường bộ
dc61f534354ee5ff8851d97590eb826b6ac71e6e9bdf8a96f6a1dd21f99c4d07,41/2021/TT-BGTVT,sửa chữa đột xuất công trình được thực hiện khi thực hiện các biện pháp bảo đảm giao thông cấp bách khi xử lý sạt lở hoặc ùn tắc giao thông
dc61f534354ee5ff8851d97590eb826b6ac71e6e9bdf8a96f6a1dd21f99c4d07,41/2021/TT-BGTVT,"sửa chữa đột xuất công trình được thực hiện khi sửa chữa, thay thế thiết bị hoặc mua sắm các phần mềm đang khai thác sử dụng bị hư hỏng, bị sự cố hoặc bị tấn công mạng"
dc61f534354ee5ff8851d97590eb826b6ac71e6e9bdf8a96f6a1dd21f99c4d07,41/2021/TT-BGTVT,"sửa chữa đột xuất công trình được thực hiện nhằm khôi phục hoạt động của hệ thống thiết bị phục vụ quản lý, bảo trì và khai thác công trình đường bộ"
2b8181787e3420e8d295b968301356e2dabed95f83f2a3695d477590e4696328,41/2021/TT-BGTVT,"sửa đổi, bổ sung điểm b khoản 1 điều 8 như sau"
2b8181787e3420e8d295b968301356e2dabed95f83f2a3695d477590e4696328,41/2021/TT-BGTVT,"sửa đổi, bổ sung điểm a khoản 2 điều 8 như sau"
94057e44d01d68a2a4c8e2c27e6a9764baf7d68ca81a40a877aa0dcadec751b9,41/2021/TT-BGTVT,"sửa đổi, bổ sung điểm b khoản 1 điều 8"
94057e44d01d68a2a4c8e2c27e6a9764baf7d68ca81a40a877aa0dcadec751b9,41/2021/TT-BGTVT,"sửa đổi, bổ sung điểm a khoản 2 điều 8"
4d3cb61934c2a3230a2e077b829548e1f85792252b2973fa19a949a93af50f2a,41/2021/TT-BGTVT,sửa đổi khoản 6 điều 16 như sau
4d3cb61934c2a3230a2e077b829548e1f85792252b2973fa19a949a93af50f2a,41/2021/TT-BGTVT,bổ sung khoản 6 điều 16 như sau
4d3cb61934c2a3230a2e077b829548e1f85792252b2973fa19a949a93af50f2a,41/2021/TT-BGTVT,xử lý sự cố công trình gồm cấp sự cố công trình
4d3cb61934c2a3230a2e077b829548e1f85792252b2973fa19a949a93af50f2a,41/2021/TT-BGTVT,xử lý sự cố công trình gồm báo cáo sự cố công trình
4d3cb61934c2a3230a2e077b829548e1f85792252b2973fa19a949a93af50f2a,41/2021/TT-BGTVT,xử lý sự cố công trình gồm giải quyết sự cố công trình
4d3cb61934c2a3230a2e077b829548e1f85792252b2973fa19a949a93af50f2a,41/2021/TT-BGTVT,xử lý sự cố công trình gồm giám định nguyên nhân sự cố công trình
4d3cb61934c2a3230a2e077b829548e1f85792252b2973fa19a949a93af50f2a,41/2021/TT-BGTVT,xử lý sự cố công trình gồm hồ sơ sự cố công trình
4d3cb61934c2a3230a2e077b829548e1f85792252b2973fa19a949a93af50f2a,41/2021/TT-BGTVT,việc cấp sự cố công trình thực hiện theo quy định tại điều 43 nghị định số 06/2021/nđ-cp
4d3cb61934c2a3230a2e077b829548e1f85792252b2973fa19a949a93af50f2a,41/2021/TT-BGTVT,việc báo cáo sự cố công trình thực hiện theo quy định tại điều 44 nghị định số 06/2021/nđ-cp
4d3cb61934c2a3230a2e077b829548e1f85792252b2973fa19a949a93af50f2a,41/2021/TT-BGTVT,việc giải quyết sự cố công trình thực hiện theo quy định tại điều 45 nghị định số 06/2021/nđ-cp
4d3cb61934c2a3230a2e077b829548e1f85792252b2973fa19a949a93af50f2a,41/2021/TT-BGTVT,việc giám định nguyên nhân sự cố công trình thực hiện theo quy định tại điều 46 nghị định số 06/2021/nđ-cp
4d3cb61934c2a3230a2e077b829548e1f85792252b2973fa19a949a93af50f2a,41/2021/TT-BGTVT,việc hồ sơ sự cố công trình thực hiện theo quy định tại điều 47 nghị định số 06/2021/nđ-cp
4787ae27c45883bb6090e33135a99a32c53fb0272a8d8ae078204f00de336e6b,41/2021/TT-BGTVT,"khoản 6 điều 16 được sửa đổi, bổ sung như sau"
76e688c6951b7fd4e7d975ec98eb946738e1fa49e1702d35e684868f71517b5e,41/2021/TT-BGTVT,"khoản 6 điều 16 được sửa đổi, bổ sung như sau"
76e688c6951b7fd4e7d975ec98eb946738e1fa49e1702d35e684868f71517b5e,41/2021/TT-BGTVT,"khi có sự cố công trình trên hệ thống đường trung ương, chủ sở hữu hoặc người quản lý, sử dụng công trình đường bộ phải thực hiện báo cáo sự cố công trình theo quy định tại điều 44 nghị định số 06/2021/nđ-cp"
76e688c6951b7fd4e7d975ec98eb946738e1fa49e1702d35e684868f71517b5e,41/2021/TT-BGTVT,"thời gian báo cáo và nội dung báo cáo được thực hiện theo quy định tại khoản 1, khoản 2 và khoản 4 điều 44 nghị định số 06/2021/nđ-cp"
575c64d2bea48becb0c75919a10781b4cc1ec39b066c4d32fc2478c797a54a32,41/2021/TT-BGTVT,chi phí bảo dưỡng bao gồm cả chi phí bảo dưỡng cho các công trình và thiết bị phụ trợ khác quy định tại khoản 10 điều 2 thông tư này
66293ad1a7e217198def89f26fd8e1f50b9fdbf033582e70123d6162485e6e82,41/2021/TT-BGTVT,hỗ trợ giá (phần chưa được kết cấu vào giá) đối với dịch vụ sử dụng phà
66293ad1a7e217198def89f26fd8e1f50b9fdbf033582e70123d6162485e6e82,41/2021/TT-BGTVT,"sửa chữa phà, phương tiện, thiết bị vượt sông"
66293ad1a7e217198def89f26fd8e1f50b9fdbf033582e70123d6162485e6e82,41/2021/TT-BGTVT,"thay thế phà, phương tiện, thiết bị vượt sông"
66293ad1a7e217198def89f26fd8e1f50b9fdbf033582e70123d6162485e6e82,41/2021/TT-BGTVT,"bổ sung phà, phương tiện, thiết bị vượt sông"
66293ad1a7e217198def89f26fd8e1f50b9fdbf033582e70123d6162485e6e82,41/2021/TT-BGTVT,mua sắm bổ sung thiết bị dự phòng cho phà và phương tiện thiết bị vượt sông
66293ad1a7e217198def89f26fd8e1f50b9fdbf033582e70123d6162485e6e82,41/2021/TT-BGTVT,mua sắm bổ sung vật tư dự phòng cho phà và phương tiện thiết bị vượt sông
7376da1929347b334156cf192ea2dafc8e3966e9bbc84b27fea0ab612d1d2a5d,41/2021/TT-BGTVT,"việc bổ sung, thay thế hạng mục công trình, thiết bị, sửa chữa phần mềm nhằm mục đích để khai thác sử dụng công trình đúng công năng"
7376da1929347b334156cf192ea2dafc8e3966e9bbc84b27fea0ab612d1d2a5d,41/2021/TT-BGTVT,"việc bổ sung, thay thế hạng mục công trình, thiết bị, sửa chữa phần mềm nhằm mục đích để đảm bảo an toàn theo quy định tại điểm b khoản 3 điều 35 nghị định số 06/2021/nđ-cp"
43e2ca7b02076c20b9ddbdec8bcbd2355e4075af8c3b0bad23152306ceb99c98,41/2021/TT-BGTVT,"bảo quản công trình đầu tư theo hình thức ppp bao gồm quản lý, bảo dưỡng thường xuyên, sửa chữa bảo đảm an toàn và chống xuống cấp công trình"
43e2ca7b02076c20b9ddbdec8bcbd2355e4075af8c3b0bad23152306ceb99c98,41/2021/TT-BGTVT,"bảo quản công trình đầu tư theo hình thức ppp bao gồm vận hành, khai thác sử dụng công trình ppp sau khi tiếp nhận chuyển giao từ nhà đầu tư"
43e2ca7b02076c20b9ddbdec8bcbd2355e4075af8c3b0bad23152306ceb99c98,41/2021/TT-BGTVT,"thời gian vận hành, khai thác sử dụng công trình ppp bao gồm cả thời gian thực hiện xác nhận quyền sở hữu toàn dân về tài sản"
43e2ca7b02076c20b9ddbdec8bcbd2355e4075af8c3b0bad23152306ceb99c98,41/2021/TT-BGTVT,bảo quản công trình đầu tư theo hình thức ppp bao gồm thực hiện kiểm định công trình ppp trước khi nhận chuyển giao theo quy định của pháp luật về đầu tư theo phương thức đối tác công tư
9c9e744136dd2e029499e00b576a27f2db125fdcb0cad22b2bc969ce2a60e1f8,41/2021/TT-BGTVT,nhà đầu tư không thực hiện bảo trì dẫn đến công trình mất an toàn giao thông
359e59357cd4c98a74bfbe96f5b6c04055319f5cc459515417b976eaf5414202,41/2021/TT-BGTVT,"trường hợp hạn chế về nguồn vốn, kế hoạch bảo trì tại khoản này phải ưu tiên thực hiện các công việc bảo dưỡng"
359e59357cd4c98a74bfbe96f5b6c04055319f5cc459515417b976eaf5414202,41/2021/TT-BGTVT,kế hoạch bảo trì phải ưu tiên thực hiện dự án chuyển tiếp từ năm trước sang năm sau
359e59357cd4c98a74bfbe96f5b6c04055319f5cc459515417b976eaf5414202,41/2021/TT-BGTVT,kế hoạch bảo trì phải ưu tiên sửa chữa các hạng mục cần thiết nhằm bảo đảm an toàn công trình
359e59357cd4c98a74bfbe96f5b6c04055319f5cc459515417b976eaf5414202,41/2021/TT-BGTVT,kế hoạch bảo trì phải ưu tiên sửa chữa các hạng mục cần thiết nhằm bảo đảm an toàn giao thông trên đường và cầu đường bộ
359e59357cd4c98a74bfbe96f5b6c04055319f5cc459515417b976eaf5414202,41/2021/TT-BGTVT,"kế hoạch bảo trì phải ưu tiên sửa chữa các hạng mục cần thiết nhằm bảo đảm an toàn khi vận hành khai thác các bến phà, cầu phao, hầm đường bộ"
359e59357cd4c98a74bfbe96f5b6c04055319f5cc459515417b976eaf5414202,41/2021/TT-BGTVT,kế hoạch bảo trì phải ưu tiên cho việc thực hiện các công việc liên quan đến khắc phục nguy cơ sập đổ công trình
359e59357cd4c98a74bfbe96f5b6c04055319f5cc459515417b976eaf5414202,41/2021/TT-BGTVT,kế hoạch bảo trì phải ưu tiên hỗ trợ dịch vụ phà
359e59357cd4c98a74bfbe96f5b6c04055319f5cc459515417b976eaf5414202,41/2021/TT-BGTVT,kế hoạch bảo trì phải ưu tiên khắc phục điểm đen
89b3f1e838783757922cfe81aa5874cf9a670b7755089e12b2ce90c31e594f5b,41/2021/TT-BGTVT,"chi phí thực hiện các công tác căn cứ nội dung duyệt tại điểm c khoản này và các công việc quản lý, bảo trì cần thiết bổ sung nhưng nằm ngoài danh mục quy định tại điểm b khoản này"
35c3df1e8b11f7e2b5bde7fd76cab99961c727b40100b604736b19a23e300f27,41/2021/TT-BGTVT,việc sửa chữa định kỳ công trình đường bộ thực hiện theo quy định tại điểm a khoản 5 điều 4 thông tư này
90c0bdc1fa4f20f0f4eb9f1dfdf7674f17c13918b3fdf393edfa27e165c2b954,41/2021/TT-BGTVT,việc sửa chữa đột xuất công trình đường bộ thực hiện theo quy định tại điểm b khoản 5 điều 4 thông tư này
57f14ad5a4c381aef9d45edc7270f4109582e7e60a5b9089f06793e540d93c08,41/2021/TT-BGTVT,tổng cục đường bộ việt nam chịu trách nhiệm về việc sử dụng kinh phí
57f14ad5a4c381aef9d45edc7270f4109582e7e60a5b9089f06793e540d93c08,41/2021/TT-BGTVT,tổng cục đường bộ việt nam chịu trách nhiệm về phương thức thực hiện
57f14ad5a4c381aef9d45edc7270f4109582e7e60a5b9089f06793e540d93c08,41/2021/TT-BGTVT,tổng cục đường bộ việt nam chịu trách nhiệm về hoàn thiện hồ sơ theo quy định
388cb7e55e9c0db3c281f01a6be10eaf973b9b1f0752511420ba5030a7fc4e10,41/2021/TT-BGTVT,tổng cục đường bộ việt nam chịu trách nhiệm tổng hợp
66b317eb05ba6f7002981acba7149527a34f36b6157d4622fd9e91a03f4286ac,41/2021/TT-BGTVT,"sửa đổi, bổ sung một số điểm, khoản của điều 20"
66b317eb05ba6f7002981acba7149527a34f36b6157d4622fd9e91a03f4286ac,41/2021/TT-BGTVT,"sửa đổi, bổ sung điểm c khoản 1 điều 20"
f59cca17aa7a7edddc501a918f30ea86fdc370570a39d273cffbfaca100711ca,41/2021/TT-BGTVT,thời hạn bảo hành công tác sửa chữa công trình đường bộ theo quy định của pháp luật về thi công xây dựng
f59cca17aa7a7edddc501a918f30ea86fdc370570a39d273cffbfaca100711ca,41/2021/TT-BGTVT,thời hạn bảo hành công tác sửa chữa công trình đường bộ theo quy định của pháp luật về bảo trì công trình xây dựng
ad40207415919b95ff491462c445d8d1c2585c622a82facbd44ef7aecbdc841d,41/2021/TT-BGTVT,"chi phí thực hiện các công việc bảo trì, quản lý, vận hành công trình gồm các chi phí trực tiếp thực hiện quản lý, bảo trì, vận hành công trình"
ad40207415919b95ff491462c445d8d1c2585c622a82facbd44ef7aecbdc841d,41/2021/TT-BGTVT,chi phí thực hiện các công tác sau bao gồm chi phí tư vấn phục vụ bảo trì công trình đường bộ theo quy định
ad40207415919b95ff491462c445d8d1c2585c622a82facbd44ef7aecbdc841d,41/2021/TT-BGTVT,"chi phí tư vấn phục vụ bảo trì công trình đường bộ theo quy định gồm khảo sát phục vụ thiết kế, lập dự án hoặc báo cáo kinh tế kỹ thuật sửa chữa công trình"
ad40207415919b95ff491462c445d8d1c2585c622a82facbd44ef7aecbdc841d,41/2021/TT-BGTVT,chi phí tư vấn phục vụ bảo trì công trình đường bộ theo quy định gồm lập thiết kế kỹ thuật sửa chữa
ad40207415919b95ff491462c445d8d1c2585c622a82facbd44ef7aecbdc841d,41/2021/TT-BGTVT,chi phí tư vấn phục vụ bảo trì công trình đường bộ theo quy định gồm lập thiết kế bản vẽ thi công sửa chữa
ad40207415919b95ff491462c445d8d1c2585c622a82facbd44ef7aecbdc841d,41/2021/TT-BGTVT,chi phí tư vấn phục vụ bảo trì công trình đường bộ theo quy định gồm thẩm tra thiết kế kỹ thuật sửa chữa
ad40207415919b95ff491462c445d8d1c2585c622a82facbd44ef7aecbdc841d,41/2021/TT-BGTVT,chi phí tư vấn phục vụ bảo trì công trình đường bộ theo quy định gồm thẩm tra thiết kế bản vẽ thi công sửa chữa
ad40207415919b95ff491462c445d8d1c2585c622a82facbd44ef7aecbdc841d,41/2021/TT-BGTVT,chi phí tư vấn phục vụ bảo trì công trình đường bộ theo quy định gồm giám sát khảo sát
ad40207415919b95ff491462c445d8d1c2585c622a82facbd44ef7aecbdc841d,41/2021/TT-BGTVT,chi phí tư vấn phục vụ bảo trì công trình đường bộ theo quy định gồm giám sát thi công sửa chữa
ad40207415919b95ff491462c445d8d1c2585c622a82facbd44ef7aecbdc841d,41/2021/TT-BGTVT,"chi phí tư vấn phục vụ bảo trì công trình đường bộ theo quy định gồm giám sát sửa chữa, thay thế thiết bị công trình"
ad40207415919b95ff491462c445d8d1c2585c622a82facbd44ef7aecbdc841d,41/2021/TT-BGTVT,chi phí tư vấn phục vụ bảo trì công trình đường bộ theo quy định gồm lập quy trình bảo trì trong trường hợp chưa có quy trình bảo trì
ad40207415919b95ff491462c445d8d1c2585c622a82facbd44ef7aecbdc841d,41/2021/TT-BGTVT,chi phí tư vấn phục vụ bảo trì công trình đường bộ theo quy định gồm thẩm tra quy trình bảo trì trong trường hợp chưa có quy trình bảo trì
ad40207415919b95ff491462c445d8d1c2585c622a82facbd44ef7aecbdc841d,41/2021/TT-BGTVT,chi phí tư vấn phục vụ bảo trì công trình đường bộ theo quy định gồm điều chỉnh quy trình bảo trì
ad40207415919b95ff491462c445d8d1c2585c622a82facbd44ef7aecbdc841d,41/2021/TT-BGTVT,chi phí tư vấn phục vụ bảo trì công trình đường bộ theo quy định gồm điều chỉnh quy trình vận hành khai thác công trình
ad40207415919b95ff491462c445d8d1c2585c622a82facbd44ef7aecbdc841d,41/2021/TT-BGTVT,chi phí tư vấn phục vụ bảo trì công trình đường bộ theo quy định gồm kiểm định chất lượng công trình phục vụ công tác bảo trì
ad40207415919b95ff491462c445d8d1c2585c622a82facbd44ef7aecbdc841d,41/2021/TT-BGTVT,chi phí tư vấn phục vụ bảo trì công trình đường bộ theo quy định gồm quan trắc công trình đường bộ theo quy định
ad40207415919b95ff491462c445d8d1c2585c622a82facbd44ef7aecbdc841d,41/2021/TT-BGTVT,chi phí tư vấn phục vụ bảo trì công trình đường bộ theo quy định gồm kiểm tra công trình đột xuất theo yêu cầu nếu có
ad40207415919b95ff491462c445d8d1c2585c622a82facbd44ef7aecbdc841d,41/2021/TT-BGTVT,chi phí tư vấn phục vụ bảo trì công trình đường bộ theo quy định gồm đánh giá an toàn của công trình trong quá trình khai thác sử dụng
ad40207415919b95ff491462c445d8d1c2585c622a82facbd44ef7aecbdc841d,41/2021/TT-BGTVT,chi phí tư vấn phục vụ bảo trì công trình đường bộ theo quy định gồm thực hiện các công việc tư vấn khác theo quy định của pháp luật
6753544e14209f2726761992c1b5238d121c528adb22fd38ae337b4b19e4551f,41/2021/TT-BGTVT,"chi phí thực hiện các công việc bảo trì, quản lý, vận hành công trình gồm các chi phí trực tiếp thực hiện quản lý, bảo trì, vận hành công trình"
6753544e14209f2726761992c1b5238d121c528adb22fd38ae337b4b19e4551f,41/2021/TT-BGTVT,"dự toán công việc gồm các chi phí trực tiếp thực hiện quản lý, bảo trì, vận hành công trình"
6753544e14209f2726761992c1b5238d121c528adb22fd38ae337b4b19e4551f,41/2021/TT-BGTVT,dự toán công việc gồm chi phí thực hiện các công tác sau
4438ac6d4725bc9f69eb6fdc8be8b64ad39f891ad1c150e6640052ae5edba4ed,41/2021/TT-BGTVT,"chi phí thực hiện các công việc bảo trì, quản lý, vận hành công trình gồm chi phí thực hiện các công việc bảo trì, quản lý, vận hành công trình"
4438ac6d4725bc9f69eb6fdc8be8b64ad39f891ad1c150e6640052ae5edba4ed,41/2021/TT-BGTVT,"dự toán công việc gồm các chi phí trực tiếp thực hiện quản lý, bảo trì, vận hành công trình"
4438ac6d4725bc9f69eb6fdc8be8b64ad39f891ad1c150e6640052ae5edba4ed,41/2021/TT-BGTVT,dự toán công việc gồm chi phí thực hiện các công tác sau
4438ac6d4725bc9f69eb6fdc8be8b64ad39f891ad1c150e6640052ae5edba4ed,41/2021/TT-BGTVT,"chi phí khác gồm chi phí kiểm toán, thẩm tra phê duyệt quyết toán"
4438ac6d4725bc9f69eb6fdc8be8b64ad39f891ad1c150e6640052ae5edba4ed,41/2021/TT-BGTVT,chi phí khác gồm phí thẩm định nếu có
4438ac6d4725bc9f69eb6fdc8be8b64ad39f891ad1c150e6640052ae5edba4ed,41/2021/TT-BGTVT,"chi phí khác gồm các chi phí liên quan khác theo quy định của pháp luật về xây dựng, pháp luật về giá và pháp luật có liên quan"
4b003a4aa479c17442bb2d8e9142c89b6991a90075568258a19ddb6bc416410e,41/2021/TT-BGTVT,"chi phí thực hiện các công việc bảo trì, quản lý, vận hành công trình gồm các chi phí trực tiếp thực hiện quản lý, bảo trì, vận hành công trình"
4b003a4aa479c17442bb2d8e9142c89b6991a90075568258a19ddb6bc416410e,41/2021/TT-BGTVT,dự toán công việc gồm các chi phí thực hiện các công tác sau
4b003a4aa479c17442bb2d8e9142c89b6991a90075568258a19ddb6bc416410e,41/2021/TT-BGTVT,"chi phí thực hiện các công tác sau gồm chi phí quản lý của chủ sở hữu hoặc người quản lý, sử dụng công trình"
1bdadad55a621427f2a8e58119dd8fec78900203f1395a8d3b0e022fead3cf78,41/2021/TT-BGTVT,"chi phí quản lý, bảo trì, vận hành công trình đường bộ được xác định các loại chi phí cho phù hợp đối với chi phí của dự án"
1bdadad55a621427f2a8e58119dd8fec78900203f1395a8d3b0e022fead3cf78,41/2021/TT-BGTVT,"chi phí quản lý, bảo trì, vận hành công trình đường bộ được xác định các loại chi phí cho phù hợp đối với các công việc tư vấn, quản lý dự án, kiểm định, quan trắc, đánh giá an toàn công trình"
1a68766ae2f663ffebafbf9b0fbefcc9caa4fa9ce93411b1b47c8e4904f2cbfd,41/2021/TT-BGTVT,"chi phí quản lý, bảo trì, vận hành công trình đường bộ được sử dụng các phương pháp sau để xác định các loại chi phí cho phù hợp đối với công tác quản lý, bảo dưỡng thường xuyên"
1a68766ae2f663ffebafbf9b0fbefcc9caa4fa9ce93411b1b47c8e4904f2cbfd,41/2021/TT-BGTVT,"các công tác quản lý, bảo dưỡng thường xuyên sử dụng ngân sách trung ương thực hiện hình thức đấu thầu, đặt hàng"
1a68766ae2f663ffebafbf9b0fbefcc9caa4fa9ce93411b1b47c8e4904f2cbfd,41/2021/TT-BGTVT,"các công tác đấu thầu, đặt hàng thì thực hiện theo quy định của bộ trưởng bộ giao thông vận tải"
bc40fe33c9a5266466e18c219c278b452fb03fa41ea8fafc077963ef397aa297,41/2021/TT-BGTVT,"chi phí quản lý, bảo trì, vận hành công trình đường bộ được sử dụng các phương pháp để xác định các loại chi phí cho phù hợp đối với công tác quản lý, bảo dưỡng thường xuyên tại các dự án ppp"
0b69d316fab7c8aed53621beceba195e8dae6ddf8cec705b5b7929a8872e4f9b,41/2021/TT-BGTVT,"các phương pháp có thể xác định từ dữ liệu về chi phí quản lý, bảo trì, vận hành các công trình tương tự đã hoặc đang thực hiện"
0b69d316fab7c8aed53621beceba195e8dae6ddf8cec705b5b7929a8872e4f9b,41/2021/TT-BGTVT,"trường hợp sử dụng phương pháp này, chi phí quản lý, vận hành khai thác bảo trì công trình được xác định trên cơ sở quy mô, công suất hoặc năng lực phục vụ của công trình"
0b69d316fab7c8aed53621beceba195e8dae6ddf8cec705b5b7929a8872e4f9b,41/2021/TT-BGTVT,chi phí còn được xác định trên cơ sở bộ phận kết cấu công trình đang xem xét
0b69d316fab7c8aed53621beceba195e8dae6ddf8cec705b5b7929a8872e4f9b,41/2021/TT-BGTVT,"chi phí còn được xác định trên cơ sở dữ liệu về chi phí quản lý, bảo trì, vận hành khai thác của công trình tương tự đã hoặc đang thực hiện có cùng loại, cấp công trình, quy mô, công suất hoặc năng lực phục vụ để xác định chi phí quản lý, bảo trì, vận hành khai thác"
0b69d316fab7c8aed53621beceba195e8dae6ddf8cec705b5b7929a8872e4f9b,41/2021/TT-BGTVT,"các dữ liệu về chi phí còn cần điều chỉnh, bổ sung các chi phí khác nếu có để phù hợp với điều kiện cụ thể của dự án, công trình"
dc05fe2fe00faf932f4686ed42bb8a0105d127725c80868b770e0d9db4ea6a5c,41/2021/TT-BGTVT,"chi phí quản lý, bảo trì, vận hành công trình đường bộ được sử dụng các phương pháp để xác định các loại chi phí cho phù hợp"
dc05fe2fe00faf932f4686ed42bb8a0105d127725c80868b770e0d9db4ea6a5c,41/2021/TT-BGTVT,"trường hợp cần xác định chi phí quản lý, vận hành khai thác và bảo trì phục vụ đấu thầu lựa chọn nhà đầu tư khi công trình chưa có thiết kế kỹ thuật, thiết kế bản vẽ thi công, chưa lập được quy trình bảo trì, quy trình vận hành khai thác, không có dữ liệu về chi phí quản lý, bảo trì, vận hành khai thác của công trình tương tự để xác định các chi phí theo quy định tại điểm a, điểm b và điểm d khoản này"
dc05fe2fe00faf932f4686ed42bb8a0105d127725c80868b770e0d9db4ea6a5c,41/2021/TT-BGTVT,thời hạn (tuổi thọ các hạng mục công trình) được xác định để xác định khối lượng công việc cần thực hiện
dc05fe2fe00faf932f4686ed42bb8a0105d127725c80868b770e0d9db4ea6a5c,41/2021/TT-BGTVT,"số lượng, khối lượng và thời điểm thay thế, bảo trì các loại thiết bị, bộ phận công trình ở giai đoạn vận hành khai thác, bảo trì công trình được xác định"
dc05fe2fe00faf932f4686ed42bb8a0105d127725c80868b770e0d9db4ea6a5c,41/2021/TT-BGTVT,"việc xác định chi phí quản lý, vận hành khai thác, bảo trì công trình được thực hiện theo hướng dẫn tại phụ lục v ban hành kèm theo thông tư này"
95316a630184d9c46a3ad0406cdb996e7b4920c5577e9814a4d8a409e02fdd54,41/2021/TT-BGTVT,"thời hạn sửa chữa định kỳ sẽ được xem xét thay đổi khi tải trọng, lưu lượng khai thác khác với thiết kế"
95316a630184d9c46a3ad0406cdb996e7b4920c5577e9814a4d8a409e02fdd54,41/2021/TT-BGTVT,thời hạn sửa chữa định kỳ sẽ được xem xét thay đổi khi công trình chịu tác động của các nguyên nhân bất khả kháng
95316a630184d9c46a3ad0406cdb996e7b4920c5577e9814a4d8a409e02fdd54,41/2021/TT-BGTVT,thời hạn sửa chữa định kỳ sẽ được xem xét thay đổi khi công trình chịu tác động của các nguyên nhân khách quan khác
ec51a0004c089a3ec80b36515c388ddb7e84c4855f3f0188531b14aff18e29bd,41/2021/TT-BGTVT,nhà đầu tư hoặc doanh nghiệp dự án phải thẩm định kế hoạch bảo trì theo quy định tại điều 17 thông tư này
ec51a0004c089a3ec80b36515c388ddb7e84c4855f3f0188531b14aff18e29bd,41/2021/TT-BGTVT,nhà đầu tư hoặc doanh nghiệp dự án phải phê duyệt kế hoạch bảo trì theo quy định tại điều 17 thông tư này
ec51a0004c089a3ec80b36515c388ddb7e84c4855f3f0188531b14aff18e29bd,41/2021/TT-BGTVT,nhà đầu tư hoặc doanh nghiệp dự án phải lập thiết kế sửa chữa định kỳ bảo đảm không vượt giá trị quy định trong hợp đồng
ec51a0004c089a3ec80b36515c388ddb7e84c4855f3f0188531b14aff18e29bd,41/2021/TT-BGTVT,nhà đầu tư hoặc doanh nghiệp dự án phải thẩm định thiết kế sửa chữa định kỳ bảo đảm không vượt giá trị quy định trong hợp đồng
ec51a0004c089a3ec80b36515c388ddb7e84c4855f3f0188531b14aff18e29bd,41/2021/TT-BGTVT,nhà đầu tư hoặc doanh nghiệp dự án phải phê duyệt thiết kế sửa chữa định kỳ bảo đảm không vượt giá trị quy định trong hợp đồng
ec51a0004c089a3ec80b36515c388ddb7e84c4855f3f0188531b14aff18e29bd,41/2021/TT-BGTVT,nhà đầu tư hoặc doanh nghiệp dự án phải lập dự toán chi phí sửa chữa định kỳ bảo đảm không vượt giá trị quy định trong hợp đồng
ec51a0004c089a3ec80b36515c388ddb7e84c4855f3f0188531b14aff18e29bd,41/2021/TT-BGTVT,nhà đầu tư hoặc doanh nghiệp dự án phải lập dự toán bảo dưỡng thường xuyên bảo đảm không vượt giá trị quy định trong hợp đồng
ec51a0004c089a3ec80b36515c388ddb7e84c4855f3f0188531b14aff18e29bd,41/2021/TT-BGTVT,nhà đầu tư hoặc doanh nghiệp dự án phải tổ chức quản lý chi phí đúng quy định của nhà nước
22481f0ba0b470d240e8df196e53d77ef1119bd22e5b3bf7562f40874f194368,41/2021/TT-BGTVT,"cầu đường bộ, cầu phao đường bộ và nút giao thông khác mức cấp ii trở lên bị hư hỏng, xuống cấp không bảo đảm an toàn cho khai thác sử dụng trước khi đến thời hạn sửa chữa định kỳ"
22481f0ba0b470d240e8df196e53d77ef1119bd22e5b3bf7562f40874f194368,41/2021/TT-BGTVT,phụ lục iv được ban hành kèm theo thông tư số 41/2021/tt-bgtvt ngày 31 tháng 12 năm 2021 của bộ trưởng bộ giao thông vận tải
22481f0ba0b470d240e8df196e53d77ef1119bd22e5b3bf7562f40874f194368,41/2021/TT-BGTVT,"khi cần xác định một hoặc nhiều trong số các chi phí quản lý, bảo trì, vận hành khai thác cho công trình, hạng mục công trình, công việc theo quy định tại điểm đ khoản 4 điều 27 thông tư này thì việc xác định chi phí phải thực hiện theo quy định"
8dca0596305a1e8dddde65927973066164334aec70c827ba4301dd45a2c05843,41/2021/TT-BGTVT,chi phí bảo trì định kỳ hàng năm của các hạng mục công trình dân dụng gồm các chi phí quy định tại điểm a khoản 3 điều 35 nghị định số 06/2021/nđ-cp
8dca0596305a1e8dddde65927973066164334aec70c827ba4301dd45a2c05843,41/2021/TT-BGTVT,chi phí bảo trì định kỳ hàng năm được xác định theo công thức sau: cbtctdd năm = gxdctdd x kdd
8dca0596305a1e8dddde65927973066164334aec70c827ba4301dd45a2c05843,41/2021/TT-BGTVT,gxdctdd được xác định trong dự án
0b5e5f810659f21839cce80bbfef020e61513fdf7192adfa01a9806808f2ae06,41/2021/TT-BGTVT,chi phí bảo trì định kỳ hàng năm của các hạng mục công trình hạ tầng kỹ thuật (gọi tắt là các hạng mục công trình hạ tầng kỹ thuật htkt) gồm các chi phí quy định tại điểm a khoản 3 điều 35 nghị định số 06/2021/nđ-cp
0b5e5f810659f21839cce80bbfef020e61513fdf7192adfa01a9806808f2ae06,41/2021/TT-BGTVT,chi phí bảo trì định kỳ hàng năm của các hạng mục công trình hạ tầng kỹ thuật htkt được xác định theo công thức: cbthtkt năm = gxdhtkt x khtkt
5980149981e5087e9bfbbdd4e6b47559901b127ce16450aae74ad8f44baf8379,41/2021/TT-BGTVT,chi phí bảo trì định kỳ hàng năm của một trạm đường ô tô cao tốc các cấp được xác định theo công thức sau: cbtnăm = (cbtctdd năm + cbthtkt năm)
8de783ca63d66c964f2f0420350a8d332848d219eb37ee7db3196dd61ec538f6,41/2021/TT-BGTVT,i bằng 1 đến n
817009bee9d61310b458c0b5e60f7553c444429439d14730c1ae9803775ebe65,41/2021/TT-BGTVT,khối lượng công việc thực hiện được xác định theo quy trình vận hành khai thác của công trình trạm
817009bee9d61310b458c0b5e60f7553c444429439d14730c1ae9803775ebe65,41/2021/TT-BGTVT,khối lượng công việc được xác định theo các thiết bị lắp đặt vào công trình trạm
817009bee9d61310b458c0b5e60f7553c444429439d14730c1ae9803775ebe65,41/2021/TT-BGTVT,khối lượng công việc được xác định theo thiết bị rời cần huy động trong quá trình vận hành
817009bee9d61310b458c0b5e60f7553c444429439d14730c1ae9803775ebe65,41/2021/TT-BGTVT,khối lượng công việc được xác định theo các yêu cầu cụ thể của công việc
817009bee9d61310b458c0b5e60f7553c444429439d14730c1ae9803775ebe65,41/2021/TT-BGTVT,danh mục khối lượng công việc bao gồm số người trực tiếp tham gia
817009bee9d61310b458c0b5e60f7553c444429439d14730c1ae9803775ebe65,41/2021/TT-BGTVT,danh mục khối lượng công việc bao gồm các loại máy móc thiết bị
817009bee9d61310b458c0b5e60f7553c444429439d14730c1ae9803775ebe65,41/2021/TT-BGTVT,"danh mục khối lượng công việc bao gồm nhiên liệu, năng lượng, điện năng, vật tư, phụ tùng thay thế chưa tính trong giá ca máy"
817009bee9d61310b458c0b5e60f7553c444429439d14730c1ae9803775ebe65,41/2021/TT-BGTVT,"danh mục khối lượng công việc bao gồm khối lượng, số lượng các công việc cần thiết khác"
72867338e1022ac33c3c887554586272c9e8c9b17079b8aba51224b0d27f205e,41/2021/TT-BGTVT,1 mục 2 phụ lục này
72867338e1022ac33c3c887554586272c9e8c9b17079b8aba51224b0d27f205e,41/2021/TT-BGTVT,số lượng người trực tiếp làm việc bao gồm chỉ huy ca và ngày làm việc tại trạm
72867338e1022ac33c3c887554586272c9e8c9b17079b8aba51224b0d27f205e,41/2021/TT-BGTVT,chỉ huy ca và ngày làm việc tại trạm là trạm trưởng hoặc trạm phó
72867338e1022ac33c3c887554586272c9e8c9b17079b8aba51224b0d27f205e,41/2021/TT-BGTVT,các nhân sự khác ở trạm thu phí bao gồm những người thực hiện việc điều khiển các thiết bị công nghệ
72867338e1022ac33c3c887554586272c9e8c9b17079b8aba51224b0d27f205e,41/2021/TT-BGTVT,những người này còn bao gồm người điều khiển các thiết bị khác
72867338e1022ac33c3c887554586272c9e8c9b17079b8aba51224b0d27f205e,41/2021/TT-BGTVT,"số lượng người trực tiếp làm việc bao gồm người hướng dẫn tổ chức giao thông, phân luồng, phân làn đảm bảo giao thông"
72867338e1022ac33c3c887554586272c9e8c9b17079b8aba51224b0d27f205e,41/2021/TT-BGTVT,"số lượng người trực tiếp làm việc bao gồm thủ quỹ, kế toán và các nhân viên khác cần thiết cho việc vận hành khai thác trạm được an toàn và thông suốt"
72867338e1022ac33c3c887554586272c9e8c9b17079b8aba51224b0d27f205e,41/2021/TT-BGTVT,"những vị trí công việc trùng gồm tổ chức giao thông, trực phân làn, phân luồng giao thông, nhân viên kỹ thuật trực tại trạm và một số vị trí khác"
72867338e1022ac33c3c887554586272c9e8c9b17079b8aba51224b0d27f205e,41/2021/TT-BGTVT,"căn cứ quy định về bậc lương và thang bảng lương của nhà nước và yêu cầu thực tế các vị trí làm việc để xác định mức lương, thang bảng lương và các chế độ phụ cấp nếu có"
72867338e1022ac33c3c887554586272c9e8c9b17079b8aba51224b0d27f205e,41/2021/TT-BGTVT,việc xác định mức lương và các chế độ phụ cấp đối với những người trực tiếp tham gia làm việc trong ca
72867338e1022ac33c3c887554586272c9e8c9b17079b8aba51224b0d27f205e,41/2021/TT-BGTVT,không xác định chi phí tại mục này đối với các trường hợp nêu tại điểm b và c khoản 2
72867338e1022ac33c3c887554586272c9e8c9b17079b8aba51224b0d27f205e,41/2021/TT-BGTVT,1 mục 2 phụ lục này
6c08ab43e1fc75c1096d6db8a4147b62799fb5882881fe2bfc856c62c1ead041,41/2021/TT-BGTVT,"đường ô tô cấp i trở lên xác định các loại máy móc thiết bị, thiết bị công nghệ và thời gian làm việc trong ca hoặc ngày làm việc"
6c08ab43e1fc75c1096d6db8a4147b62799fb5882881fe2bfc856c62c1ead041,41/2021/TT-BGTVT,"phương tiện đưa đón gồm ô tô, xe máy và phương tiện khác"
6c08ab43e1fc75c1096d6db8a4147b62799fb5882881fe2bfc856c62c1ead041,41/2021/TT-BGTVT,"máy móc thiết bị còn gồm máy tính, các thiết bị điện tử và phần mềm điện toán phục vụ quản lý vận hành khai thác"
6c08ab43e1fc75c1096d6db8a4147b62799fb5882881fe2bfc856c62c1ead041,41/2021/TT-BGTVT,máy móc thiết bị còn gồm máy phát điện dự phòng
6c08ab43e1fc75c1096d6db8a4147b62799fb5882881fe2bfc856c62c1ead041,41/2021/TT-BGTVT,đường ô tô cấp i trở lên xác định giá ca máy của từng loại máy móc thiết bị
b20fa7672cf3d321f5651828165c0576c6b3385cdf6f2f6f5d2e964b70015303,41/2021/TT-BGTVT,"đường ô tô cấp i trở lên xác định số lượng và khối lượng vật liệu, vật tư tiêu hao trong ca, ngày làm việc của trạm theo quy trình vận hành khai thác hoặc theo yêu cầu thực tế công việc"
b20fa7672cf3d321f5651828165c0576c6b3385cdf6f2f6f5d2e964b70015303,41/2021/TT-BGTVT,"vật liệu, vật tư tiêu hao bao gồm cả tiền điện chưa tính trong giá ca máy"
b20fa7672cf3d321f5651828165c0576c6b3385cdf6f2f6f5d2e964b70015303,41/2021/TT-BGTVT,"), đường ô tô cấp i trở lên xác định mức tiêu hao trung bình ngày bằng khối lượng tiêu hao trong kỳ chia số ngày làm việc trong kỳ"
b20fa7672cf3d321f5651828165c0576c6b3385cdf6f2f6f5d2e964b70015303,41/2021/TT-BGTVT,"đơn giá vật tư, vật liệu xác định theo thông báo giá của sở xây dựng hoặc theo quy định của bộ xây dựng"
