code,date,summary,pdf
292/2025/NĐ-CP,06/11/2025,Quy định chi tiết và hướng dẫn thi hành Nghị quyết số 216/2025/QH15 ngày 26 tháng 6 năm 2025 của Quốc hội về việc kéo dài thời hạn miễn thuế sử dụng đất nông nghiệp,https://datafiles.chinhphu.vn/cpp/files/vbpq/2025/11/292-nd.signed.pdf
291/2025/NĐ-CP,06/11/2025,"Sửa đổi, bổ sung một số điều của Nghị định số 103/2024/NĐ-CP ngày 30 tháng 7 năm 2024 của Chính phủ quy định về tiền sử dụng đất, tiền thuê đất và Nghị định số 104/2024/NĐ-CP ngày 31 tháng 7 năm 2024 của Chính phủ quy định về Quỹ phát triển đất",https://datafiles.chinhphu.vn/cpp/files/vbpq/2025/11/291-nd.signed.pdf
261/2025/NĐ-CP,10/10/2025,"Sửa đổi, bổ sung một số điều của Nghị định số 100/2024/NĐ-CP ngày 26 tháng 7 năm 2024 của Chính phủ quy định chi tiết một số điều của Luật Nhà ở về phát triển và quản lý nhà ở xã hội và Nghị định số 192/2025/NĐ-CP ngày 01 tháng 7 năm 2025 của Chính phủ quy định chi tiết một số điều và biện pháp thi hành Nghị quyết số 201/2025/QH15 ngày 29 tháng 5 năm 2025 của Quốc hội thí điểm về một số cơ chế, chính sách đặc thù phát triển nhà ở xã hội",https://datafiles.chinhphu.vn/cpp/files/vbpq/2025/10/261nd.signed.pdf
66.3/2025/NQ-CP,15/09/2025,"Tháo gỡ, xử lý vướng mắc để triển khai các dự án trong thời gian Quy hoạch sử dụng đất quốc gia thời kỳ 2021 - 2030, tầm nhìn đến năm 2050 chưa được phê duyệt điều chỉnh",https://datafiles.chinhphu.vn/cpp/files/vbpq/2025/9/66.3-cp.signed.pdf
154/2025/QĐ-UBND,10/09/2025,Ban hành Quy định một số chỉ tiêu cụ thể khi áp dụng phương pháp định giá đất theo Nghị định số 71/2024/NĐ-CP ngày 27 tháng 6 năm 2024 của Chính phủ trên địa bàn thành phố Hải Phòng,https://datafiles.chinhphu.vn/cpp/files/vbpq/2025/9/154hp.signed.pdf
230/2025/NĐ-CP,19/08/2025,"Quy định các trường hợp khác được miễn, giảm tiền sử dụng đất, tiền thuê đất theo quy định tại khoản 2 Điều 157 Luật Đất đai năm 2024",https://datafiles.chinhphu.vn/cpp/files/vbpq/2025/8/230nd.signed.pdf
226/2025/NĐ-CP,15/08/2025,"Sửa đổi, bổ sung một số điều của các nghị định quy định chi tiết thi hành Luật Đất đai",https://datafiles.chinhphu.vn/cpp/files/vbpq/2025/8/226nd.signed.pdf
77/2025/QĐ-UBND,29/07/2025,"Về việc ban hành Quy chế phối hợp trong công tác bồi thường, hỗ trợ và tái định cư khi Nhà nước thu hồi đất trên địa bàn thành phố Hải Phòng",https://datafiles.chinhphu.vn/cpp/files/vbpq/2025/8/77-ubnd.pdf
192/2025/NĐ-CP,01/07/2025,"Quy định chi tiết một số điều và biện pháp thi hành Nghị quyết số 201/2025/QH15 ngày 29 tháng 5 năm 2025 của Quốc hội thí điểm về một số cơ chế, chính sách đặc thù phát triển nhà ở xã hội",https://datafiles.chinhphu.vn/cpp/files/vbpq/2025/7/192nd.signed.pdf
50/2025/QĐ-UBND,25/06/2025,"Sửa đổi, bổ sung một số điều của Quy định ban hành kèm theo Quyết định số 44/2024/QĐ-UBND ngày 23/10/2024 của UBND tỉnh ban hành Quy định về bồi thường, hỗ trợ, tái định cư khi Nhà nước thu hồi đất trên địa bàn tỉnh Bến Tre",https://datafiles.chinhphu.vn/cpp/files/vbpq/2025/7/qd-50_26062025025435.pdf
33/2025/QĐ-UBND,12/06/2025,Quy định mức nộp tiền để Nhà nước bổ sung diện tích đất chuyên trồng lúa bị mất hoặc tăng hiệu quả sử dụng đất trồng lúa trên địa bàn tỉnh Lâm Đồng,https://datafiles.chinhphu.vn/cpp/files/vbpq/2025/6/33-ubnd-ld.pdf
32/2025/QĐ-UBND,12/06/2025,"Sửa đổi, bổ sung một số điều của Quyết định số 27/2024/QĐ-UBND ngày 30 tháng 9 năm 2024 của Ủy ban nhân dân tỉnh Lâm Đồng quy định điều kiện, diện tích tối thiểu được tách thửa đất, hợp thửa đất đối với từng loại đất trên địa bàn tỉnh Lâm Đồng",https://datafiles.chinhphu.vn/cpp/files/vbpq/2025/6/32-ubnd-ld.pdf
45/2025/QĐ-UBND,10/06/2025,"Quy định việc phối hợp cung cấp thông tin về nhà ở giữa cơ quan nhà nước có thẩm quyền làm thủ tục cấp giấy chứng nhận quyền sử dụng đất, quyền sở hữu nhà ở và tài sản khác gắn liền với đất và cơ quan quản lý nhà ở trên địa bàn tỉnh Bến Tre",https://datafiles.chinhphu.vn/cpp/files/vbpq/2025/6/vanbangoc_45.signed.pdf
43/2025/QĐ-UBND,10/06/2025,Ban hành định mức kinh tế - kỹ thuật đo đạc lập bản đồ địa chính trên địa bàn tỉnh Bến Tre,https://datafiles.chinhphu.vn/cpp/files/vbpq/2025/6/vanbangoc_43.signed.pdf
42/2025/QĐ-UBND (file 1),10/06/2025,"Ban hành Định mức kinh tế - kỹ thuật lĩnh vực xây dựng cơ sở dữ liệu đất đai trên địa bàn tỉnh Bến Tre (Cơ sở dữ liệu địa chính; Cơ sở dữ liệu thống kê, kiểm kê đất đai)",https://datafiles.chinhphu.vn/cpp/files/vbpq/2025/6/vanbangoc_42.signed.pdf
42/2025/QĐ-UBND (file 2),10/06/2025,"Ban hành Định mức kinh tế - kỹ thuật lĩnh vực xây dựng cơ sở dữ liệu đất đai trên địa bàn tỉnh Bến Tre (Cơ sở dữ liệu địa chính; Cơ sở dữ liệu thống kê, kiểm kê đất đai)",https://datafiles.chinhphu.vn/cpp/files/vbpq/2025/6/vanbangoc_42-pl.pdf
41/2025/QĐ-UBND,10/06/2025,"Ban hành định mức kinh tế - kỹ thuật đăng ký đất đai, cấp Giấy chứng nhận quyền sử dụng đất, quyền sở hữu tài sản gắn liền với đất trên địa bàn tỉnh Bến Tre",https://datafiles.chinhphu.vn/cpp/files/vbpq/2025/6/vanbangoc_41.signed.pdf
201/2025/QH15,29/05/2025,"Thí điểm về một số cơ chế, chính sách đặc thù phát triển nhà ở xã hội",https://datafiles.chinhphu.vn/cpp/files/vbpq/2025/6/201-qh15.signed.pdf
23/2025/QĐ-UBND,26/04/2025,Quy định khung giá cho thuê nhà lưu trú công nhân trong khu công nghiệp trên địa bàn tỉnh Lâm Đồng,https://datafiles.chinhphu.vn/cpp/files/vbpq/2025/5/23-qdqp-28.04.2025_09h37p22-_signed.pdf
91/2025/NĐ-CP,24/04/2025,"Quy định thời điểm xác định giá đất của quỹ đất thanh toán theo hợp đồng Xây dựng – Chuyển giao tại Khu đô thị mới Thủ Thiêm, Thành phố Hồ Chí Minh",https://datafiles.chinhphu.vn/cpp/files/vbpq/2025/4/91-ndcp.signed.pdf
28/2025/QĐ-UBND (file 1),09/04/2025,"Điều chỉnh, bổ sung Bảng giá đất trên địa bàn tỉnh Hà Nam ban hành kèm theo Quyết định số 12/2020/QĐ-UBND ngày 20 tháng 5 năm 2020 Ủy ban nhân dân tỉnh Hà Nam về việc ban hành quy định Bảng giá đất giai đoạn năm 2020-2024 trên địa bàn tỉnh",https://datafiles.chinhphu.vn/cpp/files/vbpq/2025/4/vanbangoc_qd-28.-09.4.2025.-ubnd.pdf
28/2025/QĐ-UBND (file 2),09/04/2025,"Điều chỉnh, bổ sung Bảng giá đất trên địa bàn tỉnh Hà Nam ban hành kèm theo Quyết định số 12/2020/QĐ-UBND ngày 20 tháng 5 năm 2020 Ủy ban nhân dân tỉnh Hà Nam về việc ban hành quy định Bảng giá đất giai đoạn năm 2020-2024 trên địa bàn tỉnh",https://datafiles.chinhphu.vn/cpp/files/vbpq/2025/4/vanbangoc_phu-luc-1-2025-.pdf
28/2025/QĐ-UBND (file 3),09/04/2025,"Điều chỉnh, bổ sung Bảng giá đất trên địa bàn tỉnh Hà Nam ban hành kèm theo Quyết định số 12/2020/QĐ-UBND ngày 20 tháng 5 năm 2020 Ủy ban nhân dân tỉnh Hà Nam về việc ban hành quy định Bảng giá đất giai đoạn năm 2020-2024 trên địa bàn tỉnh",https://datafiles.chinhphu.vn/cpp/files/vbpq/2025/4/vanbangoc_phu-luc-2-2025-.pdf
28/2025/QĐ-UBND (file 4),09/04/2025,"Điều chỉnh, bổ sung Bảng giá đất trên địa bàn tỉnh Hà Nam ban hành kèm theo Quyết định số 12/2020/QĐ-UBND ngày 20 tháng 5 năm 2020 Ủy ban nhân dân tỉnh Hà Nam về việc ban hành quy định Bảng giá đất giai đoạn năm 2020-2024 trên địa bàn tỉnh",https://datafiles.chinhphu.vn/cpp/files/vbpq/2025/4/vanbangoc_phu-luc-3-2025-.pdf
75/2025/NĐ-CP,01/04/2025,Quy định chi tiết thi hành Nghị quyết số 171/2024/QH15 ngày 30 tháng 11 năm 2024 của Quốc hội về thí điểm thực hiện dự án nhà ở thương mại thông qua thỏa thuận về nhận quyền sử dụng đất hoặc đang có quyền sử dụng đất,https://datafiles.chinhphu.vn/cpp/files/vbpq/2025/3/75-cp.signed.pdf
17/2025/QĐ-UBND,31/03/2025,"Ban hành quy định việc quản lý, sử dụng nhà chung cư trên địa bàn tỉnh Lâm Đồng",https://datafiles.chinhphu.vn/cpp/files/vbpq/2025/3/17-ld.signed.pdf
03/2025/NQ-HĐND,27/03/2025,Quy định tiêu chí cụ thể để xác định vị trí đối với từng loại đất; số lượng vị trí đất trong bảng giá đất tại tỉnh Ninh Bình,https://datafiles.chinhphu.vn/cpp/files/vbpq/2025/3/03-nb.signed.pdf
08/2025/QĐ-UBND,05/02/2025,"Quy định điều kiện, tiêu chí, quy mô, tỷ lệ phần diện tích đất để tách thành dự án độc lập trên địa bàn tỉnh Bến Tre",https://datafiles.chinhphu.vn/cpp/files/vbpq/2025/01/08.signed.pdf
07/2025/QĐ-UBND,05/02/2025,"Quy định việc rà soát, công bố công khai, lập danh mục các thửa đất nhỏ hẹp, nằm xen kẹt và việc giao đất, cho thuê đất đối với các thửa đất nhỏ hẹp, nằm xen kẹt do Nhà nước quản lý trên địa bàn tỉnh Bến Tre",https://datafiles.chinhphu.vn/cpp/files/vbpq/2025/01/07.signed.pdf
05/2025/QĐ-UBND,17/01/2025,"Sửa đổi, bổ sung một số điều của Quy định ban hành kèm theo Quyết định số 62/2019/QĐ-UBND ngày 31 tháng 12 năm 2019 của UBND tỉnh về việc ban hành quy định giá các loại đất trên địa bàn tỉnh Vĩnh Phúc 5 năm 2020-2024",https://datafiles.chinhphu.vn/cpp/files/vbpq/2025/01/05qp20012025.pdf
03/2025/NĐ-CP,01/01/2025,"Quy định việc sắp xếp lại, xử lý tài sản công là nhà, đất",https://datafiles.chinhphu.vn/cpp/files/vbpq/2025/01/03-1cp.signed.pdf
53/2024/QĐ-UBND,31/12/2024,Quy định Giấy tờ khác về quyền sử dụng đất có trước ngày 15 tháng 10 năm 1993 trên địa bàn tỉnh Lâm Đồng,https://datafiles.chinhphu.vn/cpp/files/vbpq/2025/01/53.2024.qd-ubnd.pdf
50/2024/TT-BTNMT,31/12/2024,"Quy định định mức kinh tế - kỹ thuật điều tra, đánh giá đất đai cấp vùng và cả nước",https://datafiles.chinhphu.vn/cpp/files/vbpq/2025/01/50-btnmt.pdf
48/2024/TT-BTNMT,31/12/2024,"Quy định định mức kinh tế - kỹ thuật thống kê, kiểm kê đất đai, lập bản đồ hiện trạng sử dụng đất và xây dựng cơ sở dữ liệu quốc gia về đất đai",https://datafiles.chinhphu.vn/cpp/files/vbpq/2025/01/48-btnmt.pdf
25/2024/QĐ-TTg,31/12/2024,"Bãi bỏ một phần, toàn bộ một số Quyết định của Thủ tướng Chính phủ thuộc lĩnh vực tài chính đất đai",https://datafiles.chinhphu.vn/cpp/files/vbpq/2025/01/25-ttg.signed.pdf
23/2024/NQ-HĐND,09/12/2024,"Sửa đổi, bổ sung một số Điều của các Nghị quyết của Hội đồng nhân dân tỉnh về Bảng giá đất 05 năm (2020 - 2024) trên địa bàn tỉnh Trà Vinh",https://datafiles.chinhphu.vn/cpp/files/vbpq/2024/12/23.pdf
20/2024/NQ-HĐND,09/12/2024,"Quy định chế độ ưu đãi miễn tiền thuê đất đối với dự án sử dụng đất vào mục đích sản xuất, kinh doanh thuộc lĩnh vực ưu đãi đầu tư hoặc tại địa bàn ưu đãi đầu tư thuộc danh mục các loại hình, tiêu chí, quy mô, tiêu chuẩn xã hội hóa và dự án phi lợi nhuận trên địa bàn tỉnh Trà Vinh",https://datafiles.chinhphu.vn/cpp/files/vbpq/2024/12/saoy-20-2024-nq-hdnd.pdf
19/2024/NQ-HĐND,09/12/2024,"Thông qua mức tỷ lệ phần trăm (%) để tính đơn giá thuê đất, mức đơn giá thuê đất xây dựng công trình ngầm, mức đơn giá thuê đất đối với đất có mặt nước trên địa bàn tỉnh Trà Vinh",https://datafiles.chinhphu.vn/cpp/files/vbpq/2024/12/saoy-19-2024-nq-hdnd-1-.pdf
45/2024/QĐ-UBND,29/11/2024,"Ban hành Quy định các địa điểm, vị trí phải phát triển nhà ở theo dự án không thuộc khu vực đô thị; tiêu chí đối với dự án đầu tư xây dựng nhà ở thương mại tại các đô thị loại IV, loại V phải bố trí quỹ đất để phát triển nhà ở xã hội trên địa bàn tỉnh Lâm Đồng",https://datafiles.chinhphu.vn/cpp/files/vbpq/2024/11/45-ld.signed.pdf
25/2024/TT-BTNMT,26/11/2024,Quy định về quy trình xây dựng cơ sở dữ liệu quốc gia về đất đai,https://datafiles.chinhphu.vn/cpp/files/vbpq/2025/01/25-btnmt.pdf
40/2024/QĐ-UBND,31/10/2024,"Đơn giá bồi thường thiệt hại thực tế về nhà, nhà ở và công trình xây dựng để làm căn cứ tính bồi thường khi thu hồi đất trên địa bàn tỉnh Lâm Đồng",https://datafiles.chinhphu.vn/cpp/files/vbpq/2024/11/40-ld.signed.pdf
23/2024/NQ-HĐND,30/10/2024,"Bãi bỏ Nghị quyết số 38/2023/NQ-HĐND ngày 10 tháng 3 năm 2023 của Hội đồng nhân dân tỉnh Ninh Bình quy định mức chi đối với một số nội dung chi tổ chức thực hiện bồi thường, hỗ trợ, tái định cư và cưỡng chế kiểm đếm, cưỡng chế thu hồi đất trên địa bàn tỉnh Ninh Bình",https://datafiles.chinhphu.vn/cpp/files/vbpq/2024/11/23-nb.signed.pdf
17/2024/NQ-HĐND,30/10/2024,"Về việc cấp lại số thu tiền sử dụng đất phần ngân sách tỉnh được hưởng cho các huyện, thành phố để thực hiện các công trình, dự án do cấp huyện làm chủ đầu tư, giai đoạn 2024 - 2025",https://datafiles.chinhphu.vn/cpp/files/vbpq/2024/11/17-nb.signed.pdf
34/2024/QĐ-UBND,17/10/2024,Ban hành Quy định điều chỉnh Bảng giá các loại đất giai đoạn 2020 - 2024 trên địa bàn tỉnh Lâm Đồng,https://datafiles.chinhphu.vn/cpp/files/vbpq/2024/10/vanbangoc_34.2024.qd-ubnd.pdf
57/2024/QĐ-UBND,07/10/2024,"Ban hành Quy định hạn mức công nhận đất ở; hạn mức giao đất ở, đất nông nghiệp do tự khai hoang, đất chưa sử dụng; hạn mức nhận chuyển quyền sử dụng đất nông nghiệp và hạn mức giao đất cho tổ chức tôn giáo, tổ chức tôn giáo trực thuộc trên địa bàn tỉnh Hà Nam",https://datafiles.chinhphu.vn/cpp/files/vbpq/2024/9/57-hnam.signed.pdf
56/2024/QĐ-UBND,07/10/2024,"Ban hành Quy định về suất tái định cư tối thiểu; điều kiện, diện tích tối thiếu của việc tách thửa, hợp thửa đất và Giấy tờ khác về quyền sử dụng đất có trước ngày 15 tháng 10 năm 1993 trên địa bàn tỉnh Hà Nam",https://datafiles.chinhphu.vn/cpp/files/vbpq/2024/9/56-hn.signed.pdf
123/2024/NĐ-CP,04/10/2024,Quy định về xử phạt vi phạm hành chính trong lĩnh vực đất đai,https://datafiles.chinhphu.vn/cpp/files/vbpq/2024/9/123-cp.signed.pdf
27/2024/QĐ-UBND,30/09/2024,"Quy định điều kiện, diện tích tối thiểu được tách thửa đất, hợp thửa đất đối với từng loại đất trên địa bàn tỉnh Lâm Đồng",https://datafiles.chinhphu.vn/cpp/files/vbpq/2024/9/27-ld.signed.pdf
108/2024/NĐ-CP,23/08/2024,"Quy định việc quản lý, sử dụng và khai thác nhà, đất là tài sản công không sử dụng vào mục đích để ở giao cho tổ chức có chức năng quản lý, kinh doanh nhà địa phương quản lý, khai thác",https://datafiles.chinhphu.vn/cpp/files/vbpq/2024/8/108-cp-nd.signed.pdf
33/2024/QĐ-UBND,01/08/2024,Ban hành Quy định một số chỉ tiêu cụ thể khi áp dụng phương pháp định giá đất theo Nghị định 71/2024/NĐ-CP ngày 27/6/2024 của Chính phủ trên địa bàn tỉnh Hà Nam,https://datafiles.chinhphu.vn/cpp/files/vbpq/2024/8/33-ha-nam.signed.pdf
17/2024/QĐ-UBND,01/08/2024,"Ban hành Quy định về bồi thường nhà, nhà ở, công trình xây dựng gắn liền với đất; bồi thường di chuyển mồ mả; chi phí tháo dỡ, phá dỡ, di chuyển tài sản và bồi thường cải tạo, sửa chữa nhà ở thuộc sở hữu nhà nước khi Nhà nước thu hồi đất trên địa bàn tỉnh Phú Thọ",https://datafiles.chinhphu.vn/cpp/files/vbpq/2024/9/17-pt.signed.pdf
16/2024/QĐ-UBND,01/08/2024,"Ban hành Quy định một số nội dung về quản lý, sử dụng đất trên địa bàn tỉnh Phú Thọ",https://datafiles.chinhphu.vn/cpp/files/vbpq/2024/8/16-pt.signed.pdf
15/2024/QĐ-UBND,01/08/2024,"Ban hành Quy định một số nội dung về bồi thường, hỗ trợ, tái định cư khi Nhà nước thu hồi đất trên địa bàn tỉnh Phú Thọ",https://datafiles.chinhphu.vn/cpp/files/vbpq/2024/8/15-pt.signed.pdf
10/2024/TT-BTNMT,31/07/2024,"Quy định về hồ sơ địa chính, Giấy chứng nhận quyền sử dụng đất, quyền sở hữu tài sản gắn liền với đất",https://datafiles.chinhphu.vn/cpp/files/vbpq/2024/8/10-btnmt.pdf
,,,
104/2024/NĐ-CP,31/07/2024,Quy định về Quỹ phát triển đất,https://datafiles.chinhphu.vn/cpp/files/vbpq/2024/8/104-nd.signed.pdf
23/2024/QĐ-UBND,31/07/2024,"Về việc sửa đổi, bổ sung Bảng giá các loại đất trên địa bàn tỉnh Bến Tre giai đoạn 2020 - 2024",https://datafiles.chinhphu.vn/cpp/files/vbpq/2024/8/23-bt.signed.pdf
103/2024/NĐ-CP,30/07/2024,"Quy định về tiền sử dụng đất, tiền thuê đất",https://datafiles.chinhphu.vn/cpp/files/vbpq/2024/8/103-nd.signed.pdf
102/2024/NĐ-CP (file 1),30/07/2024,Quy định chi tiết thi hành một số điều của Luật Đất đai,https://datafiles.chinhphu.vn/cpp/files/vbpq/2025/10/102-cp.signed.pdf
102/2024/NĐ-CP (file 2),30/07/2024,Quy định chi tiết thi hành một số điều của Luật Đất đai,https://datafiles.chinhphu.vn/cpp/files/vbpq/2025/10/pl.pdf
101/2024/NĐ-CP,29/07/2024,"Quy định về điều tra cơ bản đất đai; đăng ký, cấp Giấy chứng nhận quyền sử dụng đất, quyền sở hữu tài sản gắn liền với đất và Hệ thống thông tin đất đai",https://datafiles.chinhphu.vn/cpp/files/vbpq/2024/7/101-nd.signed.pdf
100/2024/NĐ-CP,26/07/2024,Quy định chi tiết một số điều của Luật Nhà ở về phát triển và quản lý nhà ở xã hội,https://datafiles.chinhphu.vn/cpp/files/vbpq/2025/11/100-2024-cp.signed.pdf
98/2024/NĐ-CP,25/07/2024,"Quy định chi tiết một số điều của Luật Nhà ở về cải tạo, xây dựng lại nhà chung cư",https://datafiles.chinhphu.vn/cpp/files/vbpq/2024/7/98-cp.signed.pdf
96/2024/NĐ-CP,24/07/2024,Quy định chi tiết một số điều của Luật Kinh doanh bất động sản,https://datafiles.chinhphu.vn/cpp/files/vbpq/2024/8/96-nd.signed.pdf
94/2024/NĐ-CP,24/07/2024,"Quy định chi tiết một số điều của Luật Kinh doanh bất động sản về xây dựng và quản lý hệ thống thông tin, cơ sở dữ liệu về nhà ở và thị trường bất động sản",https://datafiles.chinhphu.vn/cpp/files/vbpq/2024/8/94-nd.signed.pdf
88/2024/NĐ-CP,15/07/2024,"Quy định về bồi thường, hỗ trợ, tái định cư khi Nhà nước thu hồi đất",https://datafiles.chinhphu.vn/cpp/files/vbpq/2024/7/88nd.signed.pdf
17/2024/QĐ-UBND,15/07/2024,"Sửa đổi, bổ sung số thứ tự 66 Phụ lục I Quy định ban hành kèm theo Quyết định số 40/2022/QĐ-UBND ngày 20 tháng 12 năm 2022 của Ủy ban nhân dân tỉnh Quảng Nam quy định đơn giá bồi thường, hỗ trợ đối với cây trồng, vật nuôi là thủy sản khi Nhà nước thu hồi đất trên địa bàn tỉnh Quảng Nam",https://datafiles.chinhphu.vn/cpp/files/vbpq/2024/7/17quangnam.signed.pdf
05/2024/NQ-HĐND,10/07/2024,Về việc thông qua Hệ số điều chỉnh giá đất năm 2024 trên địa bàn tỉnh Ninh Bình,https://datafiles.chinhphu.vn/cpp/files/vbpq/2024/7/05-nb.signed.pdf
71/2024/NĐ-CP,27/06/2024,Quy định về giá đất,https://datafiles.chinhphu.vn/cpp/files/vbpq/2024/7/71-cp.signed.pdf
20/2024/QĐ-UBND,18/06/2024,Quy định hệ số điều chỉnh giá đất làm cơ sở xác định nghĩa vụ tài chính đối với người sử dụng đất trên địa bàn tỉnh Bến Tre năm 2024,https://datafiles.chinhphu.vn/cpp/files/vbpq/2024/6/20-btre.signed.pdf
08/2024/QĐ-UBND,05/04/2024,"Sửa đổi, bổ sung một số điều của Quy định hệ số điều chỉnh giá đất năm 2024 trên địa bàn tỉnh Quảng Nam ban hành kèm theo Quyết định số 36/2023/QĐ-UBND ngày 20 tháng 12 năm 2023 của UBND tỉnh",https://datafiles.chinhphu.vn/cpp/files/vbpq/2024/4/08-qn.signed.pdf
12/2024/NĐ-CP,05/02/2024,"Sửa đổi, bổ sung một số điều của Nghị định số 44/2014/NĐ-CP ngày 15 tháng 5 năm 2014 của Chính phủ quy định về giá đất và Nghị định số 10/2023/NĐ-CP ngày 03 tháng 4 năm 2023 của Chính phủ sửa đổi, bổ sung một số điều của các nghị định hướng dẫn thi hành Luật Đất đai",https://datafiles.chinhphu.vn/cpp/files/vbpq/2024/02/12-cp.signed.pdf
31/2024/QH15 (file 1),18/01/2024,Luật Đất đai,https://datafiles.chinhphu.vn/cpp/files/vbpq/2024/9/31-2024-qh15_1.pdf
31/2024/QH15 (file 2),18/01/2024,Luật Đất đai,https://datafiles.chinhphu.vn/cpp/files/vbpq/2024/9/31-2024-qh15_2.pdf
31/2024/QH15 (file 3),18/01/2024,Luật Đất đai,https://datafiles.chinhphu.vn/cpp/files/vbpq/2024/9/31-2024-qh15_3.pdf
28/2023/QĐ-UBND,21/12/2023,Quy định hệ số điều chỉnh giá đất năm 2024 trên địa bàn tỉnh Phú Thọ,https://datafiles.chinhphu.vn/cpp/files/vbpq/2024/01/28-pt.signed.pdf
55/2023/QĐ-UBND,20/12/2023,"Về việc ban hành giá dịch vụ đăng ký đất đai, tài sản gắn liền với đất, cấp giấy chứng nhận quyền sử dụng đất, quyền sở hữu nhà ở và tài sản khác gắn liền với đất trên địa bàn tỉnh Bến Tre",https://datafiles.chinhphu.vn/cpp/files/vbpq/2024/01/55-2023-bt.signed.pdf
36/2023/QĐ-UBND,20/12/2023,Ban hành Quy định hệ số điều chỉnh giá đất năm 2024 trên địa bàn tỉnh Quảng Nam,https://datafiles.chinhphu.vn/cpp/files/vbpq/2024/01/36-qn.signed.pdf
24/2023/NQ-HĐND,08/12/2023,Về việc thông qua hệ số điều chỉnh giá đất năm 2024 trên địa bàn tỉnh Trà Vinh,https://datafiles.chinhphu.vn/cpp/files/vbpq/2023/12/24-tvinh.signed.pdf
06/2023/NQ-HĐND,08/12/2023,"Về việc thông qua Hệ số điều chỉnh giá đất năm 2024 để xác định giá đất cụ thể tính thu tiền sử dụng đất, tiền thuê đất, giá khởi điểm để đấu giá quyền sử dụng đất trên địa bàn tỉnh Ninh Bình",https://datafiles.chinhphu.vn/cpp/files/vbpq/2024/01/06-nb.signed.pdf
29/2023/QH15,28/11/2023,Luật Kinh doanh bất động sản,https://datafiles.chinhphu.vn/cpp/files/vbpq/2024/01/luat29.pdf
27/2023/QH15 (file 1),27/11/2023,Luật Nhà ở,https://datafiles.chinhphu.vn/cpp/files/vbpq/2024/01/luat27.pdf
27/2023/QH15 (file 2),27/11/2023,Luật Nhà ở,https://datafiles.chinhphu.vn/cpp/files/vbpq/2024/01/luat27_tiep.pdf
52/2023/QĐ-UBND,07/11/2023,"Sửa đổi, bổ sung một số điều của Quy định hạn mức giao đất, công nhận quyền sử dụng đất; chia tách, hợp thửa đất trên địa bàn tỉnh Hà Nam ban hành kèm theo Quyết định số 36/2017/QĐ-UBND ngày 31 tháng 8 năm 2017 của Ủy ban nhân dân tỉnh Hà Nam",https://datafiles.chinhphu.vn/cpp/files/vbpq/2023/11/52-hn.signed.pdf
28/2023/QĐ-UBND,26/10/2023,"Sửa đổi, bổ sung một số điều của Quy định về đấu giá quyền sử dụng đất để giao đất có thu tiền sử dụng đất hoặc cho thuê đất trên địa bàn tỉnh Quảng Nam ban hành kèm theo Quyết định số 21/2021/QĐ-UBND ngày 28 tháng 9 năm 2021 của UBND tỉnh",https://datafiles.chinhphu.vn/cpp/files/vbpq/2023/10/28-qn.signed.pdf
47/2023/QĐ-UBND,27/09/2023,"Quy định mức chi tổ chức thực hiện bồi thường, hỗ trợ, tái định cư và cưỡng chế kiểm đếm, cưỡng chế thu hồi đất khi Nhà nước thu hồi đất trên địa bàn tỉnh Hà Nam",https://datafiles.chinhphu.vn/cpp/files/vbpq/2023/9/47-hn.signed.pdf
20/2023/NQ-HĐND,31/07/2023,Hỗ trợ hộ mới thoát nghèo đã được hỗ trợ nhà ở từ nguồn Quỹ An sinh xã hội tỉnh được vay vốn để xây dựng nhà ở trên địa bàn tỉnh Trà Vinh,https://datafiles.chinhphu.vn/cpp/files/vbpq/2023/8/20-tv.signed.pdf
34/2023/QĐ-UBND,19/07/2023,"Ban hành Quy chế phối hợp xây dựng, duy trì hệ thống thông tin, chia sẻ, cung cấp thông tin, dữ liệu về nhà ở và thị trường bất động sản trên địa bàn tỉnh Hà Nam",https://datafiles.chinhphu.vn/cpp/files/vbpq/2023/7/34-hn.signed.pdf
06/2023/NQ-HĐND,14/07/2023,"Quy định một số mức chi liên quan công tác tổ chức thực hiện bồi thường, hỗ trợ, tái định cư và cưỡng chế kiểm đếm, cưỡng chế thu hồi đất khi Nhà nước thu hồi đất trên địa bàn tỉnh Phú Thọ",https://datafiles.chinhphu.vn/cpp/files/vbpq/2023/7/06-pt.signed.pdf
14/2023/QĐ-UBND,13/07/2023,"Sửa đổi, bổ sung một số điều của các Quyết định quy định cụ thể về quản lý, sử dụng đất đai trên địa bàn tỉnh Phú Thọ",https://datafiles.chinhphu.vn/cpp/files/vbpq/2023/7/14phutho.signed.pdf
97/2023/NQ-HĐND,12/07/2023,"Thông qua điều chỉnh, bổ sung nội dung Bảng giá các loại đất giai đoạn 2020 - 2024 trên địa bàn tỉnh Ninh Bình ban hành kèm theo Nghị quyết số 59/2019/NQ-HĐND ngày 06 tháng 12 năm 2019 của Hội đồng nhân dân tỉnh",https://datafiles.chinhphu.vn/cpp/files/vbpq/2023/8/97-nbinh.signed.pdf
29/2023/QĐ-UBND,22/06/2023,"Sửa dổi, bổ sung một số điều của quy định một số nội dung về bồi thường, hỗ trợ và tái định cư khi nhà nước thu hồi đất ban hành kèm theo quyết định số 38/2014/QĐ-UBND ngày 12 tháng 9 năm 2014 của Ủy ban nhân dân tỉnh Hà Nam",https://datafiles.chinhphu.vn/cpp/files/vbpq/2023/6/29-ha-nam.signed.pdf
08/2023/QĐ-UBND,26/05/2023,"Sửa đổi, bổ sung một số điều của Quy định về Bảng giá các loại đất giai đoạn 2020 - 2024 trên địa bàn tỉnh Tiền Giang ban hành kèm theo Quyết định số 32/2020/QĐ-UBND ngày 21/12/2020 của Ủy ban nhân dân tỉnh Tiền Giang",https://datafiles.chinhphu.vn/cpp/files/vbpq/2023/6/08-tiengiang.signed.pdf
10/2023/NĐ-CP,03/04/2023,"Sửa đổi, bổ sung một số điều của các nghị định hướng dẫn thi hành Luật Đất đai",https://datafiles.chinhphu.vn/cpp/files/vbpq/2023/4/10-2023-cp.signed.pdf
01/2023/QĐ-UBND,09/01/2023,Về việc quy định hệ số điều chỉnh giá đất làm cơ sở xác định nghĩa vụ tài chính đối với người sử dụng đất trên địa bàn tỉnh Bến Tre năm 2023,https://datafiles.chinhphu.vn/cpp/files/vbpq/2023/01/01btre.signed.pdf
13/2023/QĐ-UBND,06/01/2023,"Ban hành Bảng hệ số điều chỉnh giá các loại đất năm 2023 trên địa bàn huyện Đam Rông, tỉnh Lâm Đồng",https://datafiles.chinhphu.vn/cpp/files/vbpq/2023/01/13ld.signed.pdf
12/2023/QĐ-UBND,06/01/2023,"Ban hành Bảng hệ số điều chỉnh giá các loại đất năm 2023 trên địa bàn huyện Đạ Huoai, tỉnh Lâm Đồng",https://datafiles.chinhphu.vn/cpp/files/vbpq/2023/01/12ld.signed.pdf
11/2023/QĐ-UBND,06/01/2023,"Ban hành Bảng hệ số điều chỉnh giá các loại đất năm 2023 trên địa bàn huyện Cát Tiên, tỉnh Lâm Đồng",https://datafiles.chinhphu.vn/cpp/files/vbpq/2023/01/11ld.signed.pdf
10/2023/QĐ-UBND,06/01/2023,"Ban hành Bảng hệ số điều chỉnh giá các loại đất năm 2023 trên địa bàn thành phố Đà Lạt, tỉnh Lâm Đồng",https://datafiles.chinhphu.vn/cpp/files/vbpq/2023/01/10ld.signed.pdf
09/2023/QĐ-UBND,06/01/2023,"Ban hành Bảng hệ số điều chỉnh giá các loại đất năm 2023 trên địa bàn huyện Đức Trọng, tỉnh Lâm Đồng",https://datafiles.chinhphu.vn/cpp/files/vbpq/2023/01/09ld.signed.pdf
08/2023/QĐ-UBND,06/01/2023,"Ban hành Bảng hệ số điều chỉnh giá các loại đất năm 2023 trên địa bàn huyện Đơn Dương, tỉnh Lâm Đồng",https://datafiles.chinhphu.vn/cpp/files/vbpq/2023/01/08ld.signed.pdf
07/2023/QĐ-UBND,06/01/2023,"Ban hành Bảng hệ số điều chỉnh giá các loại đất năm 2023 trên địa bàn thành phố Bảo Lộc, tỉnh Lâm Đồng",https://datafiles.chinhphu.vn/cpp/files/vbpq/2023/01/07ld.signed.pdf
06/2023/QĐ-UBND,06/01/2023,"Ban hành Bảng hệ số điều chỉnh giá các loại đất năm 2023 trên địa bàn huyện Lâm Hà, tỉnh Lâm Đồng",https://datafiles.chinhphu.vn/cpp/files/vbpq/2023/01/06ld.signed.pdf
05/2023/QĐ-UBND,06/01/2023,"Ban hành Bảng hệ số điều chỉnh giá các loại đất năm 2023 trên địa bàn huyện Đạ Tẻh, tỉnh Lâm Đồng",https://datafiles.chinhphu.vn/cpp/files/vbpq/2023/01/05ld.signed.pdf
04/2023/QĐ-UBND,06/01/2023,"Ban hành Bảng hệ số điều chỉnh giá các loại đất năm 2023 trên địa bàn huyện Bảo Lâm, tỉnh Lâm Đồng",https://datafiles.chinhphu.vn/cpp/files/vbpq/2023/01/04ld.signed.pdf
03/2023/QĐ-UBND,06/01/2023,"Ban hành Bảng hệ số điều chỉnh giá các loại đất năm 2023 trên địa bàn huyện Lạc Dương, tỉnh Lâm Đồng",https://datafiles.chinhphu.vn/cpp/files/vbpq/2023/01/03ld.signed.pdf
02/2023/QĐ-UBND,06/01/2023,"Ban hành Bảng hệ số điều chỉnh giá các loại đất năm 2023 trên địa bàn huyện Di Linh, tỉnh Lâm Đồng",https://datafiles.chinhphu.vn/cpp/files/vbpq/2023/01/02ld.signed.pdf
53/2022/QĐ-UBND,30/12/2022,Về việc quy định giá lúa thu thuế sử dụng đất nông nghiệp năm 2023 và nợ thuế sử dụng đất nông nghiệp những năm trước trên địa bàn tỉnh Bến Tre,https://datafiles.chinhphu.vn/cpp/files/vbpq/2023/01/53btre.signed.pdf
41/2022/QĐ-UBND,20/12/2022,"Ban hành Quy định cụ thể một số nội dung về bồi thường, hỗ trợ, tái định cư khi Nhà nước thu hồi đất trên địa bàn tỉnh Phú Thọ",https://datafiles.chinhphu.vn/cpp/files/vbpq/2023/01/41pt.signed.pdf
44/2022/QĐ-UBND,20/12/2022,Quy định hệ số điều chỉnh giá đất năm 2023 trên địa bàn tỉnh Phú Thọ,https://datafiles.chinhphu.vn/cpp/files/vbpq/2023/01/44pt.signed.pdf
40/2022/QĐ-UBND,20/12/2022,"Ban hành Quy định đơn giá bồi thường, hỗ trợ đối với cây trồng, vật nuôi là thủy sản khi Nhà nước thu hồi đất trên địa bàn tỉnh Quảng Nam",https://datafiles.chinhphu.vn/cpp/files/vbpq/2023/01/40qnam.signed.pdf
40/2022/QĐ-UBND,19/12/2022,"Quy định định mức giao đất ở, định mức bình quân đất sản xuất để thực hiện Dự án 1: Giải quyết tình trạng thiếu đất ở, nhà ở, đất sản xuất, nước sinh hoạt theo Quyết định số 1719/QĐ-TTg ngày 14 tháng 10 năm 2021 của Thủ tướng Chính phủ",https://datafiles.chinhphu.vn/cpp/files/vbpq/2023/01/40pt.signed.pdf
47/2022/QĐ-UBND,28/10/2022,"Về việc quy định điều kiện tách thửa đất, hợp thửa đất, diện tích tối thiểu được tách thửa đất đối với từng loại đất trên địa bàn tỉnh Bến Tre",https://datafiles.chinhphu.vn/cpp/files/vbpq/2023/01/47bt.signed.pdf
29/2022/QĐ-UBND,20/10/2022,"Sửa đổi, bổ sung một số điều của Quy định về bồi thường, hỗ trợ, tái định cư khi Nhà nước thu hồi đất trên địa bàn tỉnh Quảng Nam ban hành kèm theo Quyết định số 42/2021/QĐ-UBND ngày 21 tháng 12 năm 2021 của UBND tỉnh",https://datafiles.chinhphu.vn/cpp/files/vbpq/2023/01/29qnam-1.signed.pdf
34/2022/QĐ-UBND,07/10/2022,"Ban hành Quy định về quản lý, sử dụng nhà chung cư trên địa bàn tỉnh Vĩnh Phúc",https://datafiles.chinhphu.vn/cpp/files/vbpq/2022/10/34vp.signed.pdf
08/2022/NQ-HĐND,15/07/2022,"Quy định diện tích nhà ở tối thiểu để đăng ký thường trú tại chỗ ở hợp pháp do thuê, mượn, ở nhờ trên địa bàn tỉnh Phú Thọ",https://datafiles.chinhphu.vn/cpp/files/vbpq/2022/08/08pt.signed.pdf
07/2022/NQ-HĐND,15/07/2022,Bãi bỏ Nghị quyết số 19/2017/NQ-HĐND ngày 14 tháng 12 năm 2017 của Hội đồng nhân dân tỉnh về Chương trình phát triển nhà ở tỉnh Phú Thọ đến năm 2020 và định hướng đến năm 2030,https://datafiles.chinhphu.vn/cpp/files/vbpq/2022/08/07pt.signed.pdf
06/2022/NQ-HĐND,15/07/2022,"Thông qua Danh mục các dự án phát triển kinh tế  - xã hội vì lợi ích quốc gia công cộng phải thu hồi đất; danh mục các dự án có sử dụng đất trồng lúa phải chuyển mục đích thuộc thẩm quyền của Hội đồng nhân dân tỉnh chấp thuận; danh mục các dự án chuyển tiếp tại Nghị quyết số 09/2019/NQ-HĐND ngày 16/7/2019 của Hội đồng nhân dân tỉnh; danh mục các dự án điều chỉnh, bổ sung tại các nghị quyết của Hội đồng nhân dân tỉnh đang còn hiệu lực; danh mục các dự án chuyển mục đích đất trồng lúa thuộc thẩm quyền Thủ tướng Chính phủ chấp thuận",https://datafiles.chinhphu.vn/cpp/files/vbpq/2022/08/06pt.signed.pdf
29/2022/QĐ-UBND,08/07/2022,"Quy định việc rà soát, công bố công khai danh mục các thửa đất nhỏ hẹp do Nhà nước trực tiếp quản lý, việc lấy ý kiến người dân và công khai việc giao đất, cho thuê đất đối với các thửa đất nhỏ hẹp tại địa phương để sử dụng vào mục đích công cộng hoặc giao, cho thuê cho người sử dụng đất liền kề trên địa bàn tỉnh Bến Tre",https://datafiles.chinhphu.vn/cpp/files/vbpq/2022/07/29btre.signed.pdf
44/2022/NĐ-CP,29/06/2022,"Về xây dựng, quản lý và sử dụng hệ thống thông tin về nhà ở và thị trường bất động sản",https://datafiles.chinhphu.vn/cpp/files/vbpq/2022/06/44nd.signed.pdf
26/2022/QĐ-UBND,14/06/2022,"Về việc sửa đổi, bổ sung một số điều của Quy định ban hành kèm Quyết định số 12/2017/QĐ-UBND ngày 31/3/2017 và thay thế Quyết định số 24/2018/QĐ-UBND ngày 15/10/2018 của UBND thành phố Hà Nội",https://datafiles.chinhphu.vn/cpp/files/vbpq/2022/08/26hn.signed.pdf
24/2022/QĐ-UBND,03/06/2022,"Về việc sửa đổi, bổ sung một số điều của bản Quy định ban hành kèm theo Quyết định số 27/2020/QĐ-UBND ngày 18/11/2020 của UBND Thành phố quy định về đấu giá quyền sử dụng đất để giao đất có thu tiền sử dụng đất hoặc cho thuê đất trên địa bàn thành phố Hà Nội",https://datafiles.chinhphu.vn/cpp/files/vbpq/2022/07/24hn.signed.pdf
23/2022/QĐ-UBND,30/05/2022,"Về việc sửa đổi, bổ sung một số điều của Quy định ban hành kèm theo Quyết định số 13/2017/QĐ-UBND ngày 31/3/2017 và bãi bỏ Quyết định số 25/2018/QĐ-UBND ngày 15/10/2018 của Ủy ban nhân dân thành phố Hà Nội",https://datafiles.chinhphu.vn/cpp/files/vbpq/2022/06/23hn.signed.pdf
22/2022/QĐ-UBND,25/05/2022,"Sửa đổi, bổ sung một số điều của Quy định ban hành kèm theo Quyết định số 11/2017/QĐ-UBND ngày 31/3/2017 của UBND Thành phố về một số nội dung về thu hồi đất, giao đất, cho thuê đất, chuyển mục đích sử dụng đất để thực hiện dự án đầu tư trên địa bàn thành phố Hà Nội",https://datafiles.chinhphu.vn/cpp/files/vbpq/2022/06/22hn.signed.pdf
20/2022/QĐ-UBND,06/05/2022,"Về việc sửa đổi, bổ sung khoản 2 Điều 26 Quy định ban hành kèm theo Quyết định số 10/2017/QĐ-UBND ngày 29/3/2017 của UBND Thành phố ban hành quy định các nội dung thuộc thẩm quyền của UBND Thành phố về bồi thường, hỗ trợ và tái định cư khi Nhà nước thu hồi đất trên địa bàn Thành phố",https://datafiles.chinhphu.vn/cpp/files/vbpq/2022/06/20hn.signed.pdf
10/2022/QĐ-TTg,06/04/2022,"Quy định trình tự, thủ tục chấp thuận chuyển mục đích sử dụng đất trồng lúa nước từ 02 vụ trở lên với quy mô dưới 500 ha; đất rừng đặc dụng, đất rừng phòng hộ đầu nguồn dưới 50 ha",https://datafiles.chinhphu.vn/cpp/files/vbpq/2022/03/10_2022_ttg.signed.pdf
21/2022/QĐ-UBND,23/02/2022,"Quy định việc rà soát, công bố công khai danh mục các thửa đất nhỏ hẹp do Nhà nước trực tiếp quản lý, việc lấy ý kiến người dân và công khai việc giao đất, cho thuê đất đối với các thửa đất nhỏ hẹp tại địa phương để sử dụng vào mục đích công cộng hoặc giao đất, cho thuê đất cho người sử dụng đất liền kề trên địa bàn tỉnh Lâm Đồng",https://datafiles.chinhphu.vn/cpp/files/vbpq/2022/03/21ld.pdf
04/2022/QĐ-UBND,09/02/2022,Quy định hệ số điều chỉnh giá đất làm cơ sở xác định nghĩa vụ tài chính đối với người  sử dụng đất trên địa bàn tỉnh Bến Tre năm 2022,https://datafiles.chinhphu.vn/cpp/files/vbpq/2022/03/04btre.signed.pdf
02/2022/QĐ-UBND,10/01/2022,"Về việc sửa đổi, bổ sung một số điều của Quy định về bồi thường, hỗ trợ, tái định cư khi Nhà nước thu hồi đất trên địa bàn tỉnh Bến Tre ban hành kèm theo Quyết định số 29/2019/QĐ-UBND ngày 14 tháng 8 năm 2019 của Ủy ban nhân dân tỉnh Bến Tre",https://datafiles.chinhphu.vn/cpp/files/vbpq/2022/01/02btre.signed.pdf
85/2021/QĐ-UBND,31/12/2021,"Ban hành Quy định điều kiện tách thửa đất, điều kiện hợp thửa đất và diện tích tối thiểu được tách thửa đối với từng loại đất trên địa bàn tỉnh Quảng Ngãi",https://datafiles.chinhphu.vn/cpp/files/vbpq/2022/01/85qn.signed.pdf
84/2021/QĐ-UBND,31/12/2021,"Ban hành Quy định việc rà soát, công bố công khai danh mục các thửa đất nhỏ hẹp do Nhà nước trực tiếp quản lý, việc lấy ý kiến người dân và công khai việc giao đất, cho thuê đất đối với các thửa đất nhỏ hẹp để sử dụng vào mục đích công cộng hoặc giao đất, cho thuê đất cho người sử dụng đất kiền kề trên địa bàn tỉnh Quảng Ngãi",https://datafiles.chinhphu.vn/cpp/files/vbpq/2022/01/84qn.signed.pdf
54/2021/QĐ-UBND,31/12/2021,"Về việc quy định hệ số điều chỉnh giá đất để xác định giá đất cụ thể tính tiền sử dụng đất đối với các trường hợp giao đất, công nhận quyền sử dụng đất, chuyển mục đích sử dụng đất năm 2022 trên địa bàn tỉnh Hà Nam",https://datafiles.chinhphu.vn/cpp/files/vbpq/2022/01/54hnam.signed.pdf
53/2021/QĐ-UBND (file 1),31/12/2021,Về việc quy định hệ số điều chỉnh giá đất để xác định giá đất cụ thể tính đơn giá thuê đất năm 2022 trên địa bàn tỉnh Hà Nam,https://datafiles.chinhphu.vn/cpp/files/vbpq/2022/01/53hnam.signed.pdf
53/2021/QĐ-UBND (file 2),31/12/2021,Về việc quy định hệ số điều chỉnh giá đất để xác định giá đất cụ thể tính đơn giá thuê đất năm 2022 trên địa bàn tỉnh Hà Nam,https://datafiles.chinhphu.vn/cpp/files/vbpq/2022/01/dc.signed.pdf
48/2021/QĐ-UBND,31/12/2021,"Về việc bãi bỏ Quyết định số 19/2019/QĐ-UBND ngày 31 tháng 10 năm 2019 của UBND tỉnh quy định đơn giá xây dựng nhà ở, vật kiến trúc, công trình, tài sản trên đất để thực hiện công tác bồi thường, hỗ trợ và tái định cư khi Nhà nước thu hồi đất trên địa bàn tỉnh Quảng Nam",https://datafiles.chinhphu.vn/cpp/files/vbpq/2022/01/48qnam.signed.pdf
42/2021/QĐ-UBND,28/12/2021,"Ban hành Quy định tiêu chí đảm bảo yêu cầu phòng, chống thiên tai đối với nhà ở, công trình của hộ gia đình, cá nhân trên địa bàn tỉnh Bến Tre",https://datafiles.chinhphu.vn/cpp/files/vbpq/2022/01/42btre.signed.pdf
41/2021/QĐ-UBND,24/12/2021,Về việc quy định giá lúa thu thuế sử dụng đất nông nghiệp năm 2022 và nợ thuế sử dụng đất nông nghiệp những năm trước trên địa bàn tỉnh Bến Tre,https://datafiles.chinhphu.vn/cpp/files/vbpq/2022/01/41btre.signed.pdf
42/2021/QĐ-UBND,21/12/2021,"Ban hành Quy định về bồi thường, hỗ trợ, tái định cư khi Nhà nước thu hồi đất trên địa bàn tỉnh Quảng Nam",https://datafiles.chinhphu.vn/cpp/files/vbpq/2021/12/42qnam.signed.pdf
25/2021/QĐ-UBND,21/12/2021,Quy định hệ số điều chỉnh giá đất năm 2022 trên địa bàn tỉnh Phú Thọ,https://datafiles.chinhphu.vn/cpp/files/vbpq/2021/12/25pt.signed.pdf
48/2021/QĐ-UBND,20/12/2021,"Về việc Ban hành Đơn giá bồi thường nhà, vật kiến trúc, công trình xây dựng khác và di chuyển mồ mả khi Nhà nước thu hồi đất trên địa bàn tỉnh Hà Nam",https://datafiles.chinhphu.vn/cpp/files/vbpq/2022/01/48hnam.signed.pdf
125/2021/NQ-HĐND,10/12/2021,"Quy định về điều kiện diện tích nhà ở tối thiểu để được đăng ký thường trú tại chỗ ở hợp pháp do thuê, mượn, ở nhờ trên địa bàn tỉnh Ninh Bình",https://datafiles.chinhphu.vn/cpp/files/vbpq/2021/12/125nb.signed.pdf
114/2021/NQ-HĐND,10/12/2021,"Về việc cấp lại 15% số thu tiền sử dụng đất để trích lập Quỹ Phát triển đất năm 2021 cho Ủy ban nhân dân huyện Nho Quan và cho Ủy ban nhân dân thị trấn Nho Quan, huyện Nho Quan",https://datafiles.chinhphu.vn/cpp/files/vbpq/2021/12/114nb.signed.pdf
24/2021/NQ-HĐND,09/12/2021,"Sửa đổi, bổ sung Điều 1, Nghị quyết số 22/2019/NQ-HĐND ngày 14 tháng 12 năm 2019 của Hội đồng nhân dân tỉnh thông qua Bảng giá các loại đất trên địa bàn tỉnh Phú Thọ 5 năm (2020-2024)",https://datafiles.chinhphu.vn/cpp/files/vbpq/2022/01/24pt.signed.pdf
23/2021/NQ-HĐND,09/12/2021,"Thông qua danh mục các dự án quốc phòng - an ninh, dự án phát triển kinh tế - xã hội vì lợi ích quốc gia công cộng phải thu hồi đất; danh mục các dự án có sử dụng đất phải chuyển mục đích đất trồng lúa, đất rừng đặc dụng, rừng phòng hộ, chủ trương chuyển mục đích sử dụng rừng sang mục đích khác thuộc thẩm quyền của Hội đồng nhân dân tỉnh chấp thuận; danh mục các dự án chuyển tiếp tại Nghị quyết số 09/2018/NQ-HĐND ngày 13/12/2018 của Hội đồng nhân dân tỉnh; danh mục các dự án điều chỉnh, bổ sung tại các Nghị quyết của Hội đồng nhân dân tỉnh đang còn hiệu lực; danh mục các dự án thuộc thẩm quyền Thủ tướng Chính phủ chấp thuận",https://datafiles.chinhphu.vn/cpp/files/vbpq/2022/01/23pt.signed.pdf
41/2021/QĐ-UBND,01/12/2021,Bổ sung Hệ số điều chỉnh giá đất năm 2021 vào Quyết định số 31/2020/QĐ-UBND ngày 22/12/2020 của Ủy ban nhân dân tỉnh Quy định Hệ số điều chỉnh giá đất năm 2021 trên địa bàn tỉnh Cà Mau,https://datafiles.chinhphu.vn/cpp/files/vbpq/2021/12/41cm.signed.pdf
35/2021/QĐ-UBND,01/12/2021,"Bãi bỏ Quyết định số 13/2019/QĐ-UBND ngày 29/8/2019 của UBND tỉnh quy định đơn giá đối với các loại cây trồng, hoa màu, các loại con vật nuôi; mật độ cây trồng; mức hỗ trợ đối với tài sản khai thác nghề biển, nghề sông để thực hiện bồi thường, hỗ trợ, tái định cư khi Nhà nước thu hồi đất trên địa bàn tỉnh Quảng Nam",https://datafiles.chinhphu.vn/cpp/files/vbpq/2021/12/35qnam.signed.pdf
27/2021/QĐ-UBND,16/11/2021,"Ban hành Quy định đơn giá thuê đất, thuê mặt nước trên địa bàn tỉnh Quảng Nam",https://datafiles.chinhphu.vn/cpp/files/vbpq/2021/11/27qnam.signed.pdf
39/2021/QH15,13/11/2021,"Về Quy hoạch sử dụng đất quốc gia thời kỳ 2021 - 2030, tầm nhìn đến năm 2050, Kế hoạch sử dụng đất quốc gia 5 năm 2021 - 2025",https://datafiles.chinhphu.vn/cpp/files/vbpq/2021/11/39.signed.pdf
49/2021/QĐ-UBND,04/11/2021,"Quy định chi tiết việc rà soát, công bố công khai danh mục các thửa đất nhỏ hẹp do nhà nước trực tiếp quản lý trên địa bàn tinh Đồng Nai",https://datafiles.chinhphu.vn/cpp/files/vbpq/2021/11/49dnai.signed.pdf
43/2021/QĐ-UBND,11/10/2021,"Quy định đơn giá đo đạc địa chính; đăng ký đất đai, tài sản gắn liền với đất, lập hồ sơ địa chính, cấp giấy chứng nhận quyền sử dụng đất, quyền sở hữu nhà ở và tài sản khác gắn liền với đất trên địa bàn tỉnh Tiền Giang",https://datafiles.chinhphu.vn/cpp/files/vbpq/2021/11/43tg.signed.pdf
21/2021/QĐ-UBND (file 1),28/09/2021,Ban hành Quy định về đấu giá quyền sử dụng đất để giao đất có thu tiền sử dụng đất hoặc cho thuê đất trên địa bàn tỉnh Quảng Nam,https://datafiles.chinhphu.vn/cpp/files/vbpq/2021/11/2835.signed.pdf
21/2021/QĐ-UBND (file 2),28/09/2021,Ban hành Quy định về đấu giá quyền sử dụng đất để giao đất có thu tiền sử dụng đất hoặc cho thuê đất trên địa bàn tỉnh Quảng Nam,https://datafiles.chinhphu.vn/cpp/files/vbpq/2021/11/21qn.signed.pdf
33/2021/QĐ-UBND,16/09/2021,Bãi bỏ Quyết định số 22/2020/QĐ-UBND ngày 31 tháng 3 năm 2020 của Ủy ban nhân dân tỉnh ban hành đơn giá bồi thường thiệt hại đối với cây trồng khi nhà nước thu hồi đất trên địa bàn tỉnh Lâm Đồng,https://datafiles.chinhphu.vn/cpp/files/vbpq/2021/09/33ld.signed.pdf
40/2021/QĐ-UBND,06/09/2021,Quy định về mức độ khôi phục lại tình trạng của đất đối với từng hành vi vi phạm quy định tại Nghị định số 91/2019/NĐ-CP ngày 19 tháng 11 năm 2019 của Chính phủ trên địa bàn tỉnh Đồng Nai,https://datafiles.chinhphu.vn/cpp/files/vbpq/2021/11/40dnai.signed.pdf
15/2021/QĐ-UBND,26/08/2021,Ban hành Bộ đơn giá xây dựng cơ sở dữ liệu đất đai trên địa bàn tỉnh Phú Thọ,https://datafiles.chinhphu.vn/cpp/files/vbpq/2021/09/15pt.signed_01.pdf
14/2021/QĐ-UBND,23/08/2021,"Quy định cụ thể một số nội dung tại Nghị định số 148/2020/NĐ-CP ngày 18 tháng 12 năm 2020 của Chính phủ sửa đổi, bổ sung một số nghị định quy định chi tiết thi hành Luật Đất đai",https://datafiles.chinhphu.vn/cpp/files/vbpq/2021/09/14pt.signed.pdf
16/2021/QĐ-UBND,20/08/2021,"Ban hành Quy định chi tiết thi hành một số điều, khoản của Luật Đất đai ngày 29 tháng 11 năm 2013, Nghị định số 47/2014/NĐ-CP ngày 15 tháng 5 năm 2014, Nghị định số 01/2017/NĐ-CP ngày 06 tháng 01 năm 2017 và Nghị định số 148/2020/NĐ-CP ngày 18 tháng 12 năm 2020 của Chính phủ",https://datafiles.chinhphu.vn/cpp/files/vbpq/2021/09/16yb.signed.pdf
15/2021/QĐ-UBND,20/08/2021,"Ban hành Quy định chi tiết thi hành một số điều, khoản của Luật Đất đai ngày 29 tháng 11 năm 2013, Nghị định số 43/2014/NĐ-CP ngày 15 tháng 5 năm 2014, Nghị định số 01/2017/NĐ-CP ngày 06 tháng 01 năm 2017 và Nghị định số 148/2020/NĐ-CP ngày 18 tháng 12 năm 2020 của Chính phủ quy định chi tiết thi hành một số điều của Luật Đất đai",https://datafiles.chinhphu.vn/cpp/files/vbpq/2021/09/15yb.signed.pdf
11/2021/QĐ-UBND,16/08/2021,"Quy định điều kiện tách thửa, hợp thửa và diện tích tối thiểu được tách thửa đối với từng loại đất trên địa bàn tỉnh Kiên Giang",https://datafiles.chinhphu.vn/cpp/files/vbpq/2021/09/11kg.signed.pdf
11/2021/NQ-HĐND,12/08/2021,"Thông qua danh mục các dự án quốc phòng, dự án phát triển kinh tế - xã hội vì lợi ích quốc gia, công cộng phải thu hồi đất; danh mục các dự án có sử dụng đất phải chuyển mục đích sử dụng đất trồng lúa, đất rừng thuộc thẩm quyền của Hội đồng nhân dân tỉnh chấp thuận; danh mục các dự án chuyển tiếp tại Nghị quyết số 02/2018/NQ-HĐND ngày 20/7/2018 của Hội đồng nhân dân tỉnh; danh mục các dự án điều chỉnh, bổ sung tại các Nghị quyết của Hội đồng nhân dân tỉnh đang còn hiệu lực; danh mục các dự án thuộc thẩm quyền Thủ tướng Chính phủ chấp thuận",https://datafiles.chinhphu.vn/cpp/files/vbpq/2021/09/11pt.signed_01.pdf
23/2021/QĐ-UBND,27/07/2021,"Về việc sửa đổi, bổ sung một số điều của Quy định Bảng giá các loại đất trên địa bàn tỉnh Bến Tre giai đoạn 2020 - 2024 ban hành kèm theo Quyết định số 20/2020/QĐ-UBND ngày 06 tháng 5 năm 2020 của Ủy ban nhân dân tỉnh Bến Tre",https://datafiles.chinhphu.vn/cpp/files/vbpq/2021/08/23btre.signed.pdf
23/2021/QĐ-UBND,19/07/2021,"Sửa đổi, bổ sung một số điều của Quy định về bồi thường, hỗ trợ, tái định cư khi Nhà nước thu hồi đất trên địa bàn tỉnh Tiền Giang ban hành kèm theo Quyết định số 40/2014/QĐ-UBND ngày 16/12/2014 của Ủy ban nhân dân tỉnh Tiền Giang",https://datafiles.chinhphu.vn/cpp/files/vbpq/2021/08/23tg.signed.pdf
05/2021/QĐ-UBND,24/06/2021,Quy định Hệ số điều chỉnh giá đất năm 2021 trên địa bàn tỉnh Kiên Giang,https://datafiles.chinhphu.vn/cpp/files/vbpq/2021/07/05kg.signed.pdf
16/2021/QĐ-UBND,10/05/2021,"Điều chỉnh, bổ sung Bảng giá các loại đất giai đoạn 2020 - 2024 trên địa bàn thành phố Bảo Lộc, huyện Đạ Huoai, huyện ĐạTẻh và huyện Cát Tiên, tỉnh Lâm Đồng",https://datafiles.chinhphu.vn/cpp/files/vbpq/2021/09/11byt.pdf
06/2021/QĐ-UBND,06/05/2021,Sửa đổi Điều 14 Quy định về đấu giá quyền sử dụng đất để giao đất có thu tiền sử dụng đất hoặc cho thuê đất trên địa bàn tỉnh Phú Thọ ban hành kèm theo Quyết định số 02/2019/QĐ-UBND ngày 27/02/2019 của Ủy ban nhân dân tỉnh Phú Thọ,https://datafiles.chinhphu.vn/cpp/files/vbpq/2021/05/06pt.signed.pdf
10/2021/QĐ-UBND,29/04/2021,"Ban hành ""Quy định về trình tự thủ tục lập, thẩm định, phê duyệt và tổ chức thực hiện đầu tư xây dựng hạ tầng kỹ thuật Khu đấu giá quyền sử dụng đất trên địa bàn tỉnh Hà Nam""",https://datafiles.chinhphu.vn/cpp/files/vbpq/2021/05/10hnam.signed.pdf
05/2021/QĐ-UBND,29/04/2021,"Ban hành Quy định về bồi thường đối với cây trồng, vật nuôi là thủy sản và đơn giá bồi thường cây trồng khi Nhà nước thu hồi đất trên địa bàn tỉnh Phú Thọ",https://datafiles.chinhphu.vn/cpp/files/vbpq/2021/05/05pt.signed.pdf
02/2021/NQ-HĐND,19/04/2021,"Thông qua danh mục các dự án quốc phòng, dự án phát triển kinh tế - xã hội vì lợi ích quốc gia, công cộng phải thu hồi đất; danh mục các dự án có sử dụng đất phải chuyển mục đích sử dụng đất trồng lúa, đất rừng thuộc thẩm quyền của Hội đồng nhân dân tỉnh chấp thuận; danh mục các dự án điều chỉnh, bổ sung tại các Nghị quyết của Hội đồng nhân dân tỉnh đang còn hiệu lực",https://datafiles.chinhphu.vn/cpp/files/vbpq/2021/05/02pt.signed.pdf
04/2021/QĐ-UBND,09/03/2021,Về việc quy định hệ số điều chỉnh giá đất làm cơ sở xác định nghĩa vụ tài chính đối với người sử dụng đất trên địa bàn tỉnh Bến Tre năm 2021,https://datafiles.chinhphu.vn/cpp/files/vbpq/2021/04/04btre.signed.pdf
03/2021/QĐ-UBND,08/03/2021,"Quy định Hệ số điều chỉnh giá đất năm 2021 để xác định giá đất cụ thể tính thu tiền sử dụng đất, tiền thuê đất, giá khởi điểm để đấu giá quyền sử dụng đất và xác định số lợi bất hợp pháp do việc thực hiện hành vi vi phạm hành chính trong lĩnh vực đất đai trên địa bàn tỉnh Ninh Bình",https://datafiles.chinhphu.vn/cpp/files/vbpq/2021/04/03nb.signed.pdf
44/2020/QĐ-UBND,31/12/2020,"Về việc quy định hệ số điều chỉnh giá đất để xác định giá đất cụ thể tính tiền sử dụng đất đối với các trường hợp giao đất, công nhận quyền sử dụng đất, chuyển mục đích sử dụng đất năm 2021 trên địa bàn tỉnh Hà Nam",https://datafiles.chinhphu.vn/cpp/files/vbpq/2021/01/44hnam.signed.pdf
43/2020/QĐ-UBND,31/12/2020,Về việc quy định hệ số điều chỉnh giá đất để xác định giá đất cụ thể tính đơn giá thuê đất năm 2021 trên địa bàn tỉnh Hà Nam,https://datafiles.chinhphu.vn/cpp/files/vbpq/2021/01/43hnam.signed.pdf
29/2020/QĐ-UBND,29/12/2020,Quy định hệ số điều chỉnh giá đất năm 2021 trên địa bàn tỉnh Phú Thọ,https://datafiles.chinhphu.vn/cpp/files/vbpq/2021/01/29pt.signed.pdf
33/2020/QĐ-UBND,22/12/2020,"Ban hành Đơn giá bồi thường nhà, vật kiến trúc, công trình xây dựng khác và di chuyển mồ mả khi Nhà nước thu hồi đất trên địa bàn tỉnh Hà Nam năm 2021",https://datafiles.chinhphu.vn/cpp/files/vbpq/2021/01/33hnam.signed.pdf
32/2020/QĐ-UBND,22/12/2020,"Về việc quy định về mức tỷ lệ phần trăm (%) để tính đơn giá thuê đất đối với các trường hợp thuê đất hàng năm, thuê đất có mặt nước, thuê đất để xây dựng công trình ngầm trên địa bàn tỉnh Hà Nam",https://datafiles.chinhphu.vn/cpp/files/vbpq/2021/01/32hnam.signed.pdf
148/2020/NĐ-CP,18/12/2020,"Sửa đổi, bổ sung một số nghị định quy định chi tiết thi hành Luật Đất đai",https://datafiles.chinhphu.vn/cpp/files/vbpq/2020/12/148.signed.pdf
17/2020/NQ-HĐND,09/12/2020,"Sửa đổi, bổ sung một số điều Bảng giá đất 05 năm (2020-2024) trên địa bàn tỉnh Trà Vinh ban hành kèm theo Nghị quyết số 97/2019/NQ-HĐND ngày 10 tháng 12 năm 2019 của Hội đồng nhân dân tỉnh Trà Vinh",https://datafiles.chinhphu.vn/cpp/files/vbpq/2020/12/17tv.signed.pdf
22/2020/QĐ-TTg,10/08/2020,Về việc giảm tiền thuê đất của năm 2020 đối với các đối tượng bị ảnh hưởng bởi dịch COVID-19 theo Nghị quyết số 84/NQ-CP ngày 29 tháng 5 năm 2020 của Chính phủ,https://datafiles.chinhphu.vn/cpp/files/vbpq/2020/08/22.signed.pdf
17/2020/QĐ-UBND,31/07/2020,"Ban hành Quy chế phối hợp trong quản lý nhà nước về đăng ký thế chấp quyền sử dụng đất, tài sản gắn liền với đất trên địa bàn tỉnh Phú Thọ",https://datafiles.chinhphu.vn/cpp/files/vbpq/2020/09/17pt.signed.pdf
09/2020/NQ-HĐND,15/07/2020,"Thông qua danh mục các dự án thu hồi đất; danh mục các dự án có sử dụng đất phải chuyển mục đích sử dụng đất trồng lúa, đất rừng thuộc thẩm quyền của Hội đồng nhân dân tỉnh chấp thuận; danh mục các dự án chuyển tiếp tại Nghị quyết số 08/2017/NQ-HĐND ngày 14/7/2017 của Hội đồng nhân dân tỉnh; danh mục các dự án điều chỉnh, bổ sung diện tích tại các nghị quyết của Hội đồng nhân dân tỉnh đang còn hiệu lực; danh mục các dự án thuộc thẩm quyền Thủ tướng Chính phủ chấp thuận",https://datafiles.chinhphu.vn/cpp/files/vbpq/2020/09/09pt.signed.pdf
08/2020/NQ-HĐND,10/07/2020,"Sửa đổi, bổ sung một số điều của Nghị quyết số 15/2017/NQ-HĐND ngày 14 tháng 7 năm 2017 về việc thông qua điều chỉnh quy hoạch sử dụng đất đến năm 2020 và kế hoạch sử dụng đất kỳ cuối (2016 -2020) tỉnh An Giang và Nghị quyết số 03/2020/NQ-HĐND ngày 05 tháng 5 năm 2020 về việc sửa đổi, bổ sung một số điều của Nghị quyết số 15/2017/NQ-HĐND ngày 14 tháng 7 năm 2017 của Hội đồng nhân dân tỉnh An Giang",https://datafiles.chinhphu.vn/cpp/files/vbpq/2020/10/08ag.pdf
07/2020/NQ-HĐND,10/07/2020,"Sửa đổi, bổ sung Danh mục ban hành kèm theo Nghị quyết số 16/2017/NQ-HĐND về việc ban hành danh mục bổ sung dự án cần thu hồi đất và dự án có sử dụng đất trồng lúa năm 2017 và Danh mục ban hành kèm theo Nghị quyết số 17/2019/NQ-HĐND hủy bỏ dự án có thu hồi đất và sử dụng đất trồng lúa, đất rừng phòng hộ năm 2017; ban hành Danh mục dự án có thu hồi đất và sử dụng đất trồng lúa năm 2020 của Hội đồng nhân dân tỉnh An Giang",https://datafiles.chinhphu.vn/cpp/files/vbpq/2020/10/07ag.pdf
14/2020/QĐ-UBND,03/07/2020,"Quy định cụ thể một số nội dung tại Nghị định số 01/2017/NĐ-CP ngày 06 tháng 01 năm 2017 của Chính phủ sửa đổi, bổ sung một số nghị định quy định chi tiết thi hành Luật đất đai",https://datafiles.chinhphu.vn/cpp/files/vbpq/2020/10/14pt.signed.pdf
09/2020/QĐ-UBND,22/05/2020,"Ban hành Quy định về đối tượng, điều kiện, tiêu chí ưu tiên, hình thức xét duyệt đối tượng mua, thuê, thuê mua nhà ở xã hội trên địa bàn tỉnh Kiên Giang",https://datafiles.chinhphu.vn/cpp/files/vbpq/2020/07/09kg.signed.pdf
12/2020/QĐ-UBND,20/05/2020,V/v ban hành Quy định Bảng giá đất giai đoạn năm 2020-2024 trên địa bàn tỉnh Hà Nam,https://datafiles.chinhphu.vn/cpp/files/vbpq/2020/07/12hnam.signed.pdf
14/2020/QĐ-UBND,08/05/2020,"Về việc sửa đổi, bổ sung một số Khoản tại Điều 4 của Quy định về nguồn, mức trích kinh phí, nội dung chi, mức chi tổ chức thực hiện bồi thường, hỗ trợ và tái định cư khi Nhà nước thu hồi đất ban hành kèm theo Quyết định số 08/2016/QĐ-UBND ngày 09/3/2016 của UBND tỉnh Đắk Lắk",https://datafiles.chinhphu.vn/cpp/files/vbpq/2020/07/14dl.signed.pdf
04/2020/NQ-HĐND,05/05/2020,"Sửa đổi, bổ sung Nghị quyết số 17/2019/NQ-HĐND ngày 11 tháng 12 năm 2019 của Hội đồng nhân dân tỉnh hủy bỏ dự án có thu hồi đất và sử dụng đất trồng lúa, đất rừng phòng hộ năm 2017; ban hành danh mục dự án có thu hồi đất và sử dụng đất trồng lúa năm 2020",https://datafiles.chinhphu.vn/cpp/files/vbpq/2020/07/04-2020-ag.signed.pdf
03/2020/NQ-HĐND,05/05/2020,"Sửa đổi, bổ sung một số điều của Nghị quyết số 15/2017/NQ-HĐND ngày 14 tháng 7 năm 2017 của Hội đồng nhân dân tỉnh về việc thông qua điều chỉnh quy hoạch sử dụng đất đến năm 2020 và kế hoạch sử dụng đất kỳ cuối (2016 - 2020) tỉnh An Giang",https://datafiles.chinhphu.vn/cpp/files/vbpq/2020/07/03-2020-ag.signed.pdf
11/2020/QĐ-UBND,14/04/2020,"Quy định hệ số điều chỉnh giá đất năm 2020 để xác định giá đất cụ thể tính tiền sử dụng đất, tiền thuê đất, giá khởi điểm để đấu giá quyền sử dụng đất trên địa bàn tỉnh Ninh Bình",https://datafiles.chinhphu.vn/cpp/files/vbpq/2020/04/11.signed.pdf
05/2020/QĐ-UBND,10/04/2020,Quy định hệ số điều chỉnh giá đất năm 2020 trên địa bàn tỉnh Kiên Giang,https://datafiles.chinhphu.vn/cpp/files/vbpq/2020/04/05kg.signed.pdf
02/2020/NQ-HĐND,04/03/2020,"Thông qua danh mục bổ sung các dự án phát triển kinh tế - xã hội vì lợi ích quốc gia, công cộng phải thu hồi đất; danh mục các dự án có sử dụng đất phải chuyển mục đích sử dụng đất trồng lúa, đất rừng sản xuất thuộc thẩm quyền của Hội đồng nhân dân tỉnh chấp thuận thực hiện; danh mục các dư án điều chỉnh, bổ sung tại các Nghị quyết của Hội đồng nhân dân tỉnh đang còn hiệu lực trên địa  bàn tỉnh Phú Thọ",https://datafiles.chinhphu.vn/cpp/files/vbpq/2020/03/02pt.signed.pdf
03/2020/QĐ-UBND,13/01/2020,Ban hành Quy định Bảng giá đất giai đoạn 2020 - 2024 trên địa bàn tỉnh Kiên Giang,https://datafiles.chinhphu.vn/cpp/files/vbpq/2020/02/03kg.signed.pdf
06/2020/NĐ-CP,03/01/2020,"Sửa đổi, bổ sung Điều 17 của Nghị định số 47/2014/NĐ-CP ngày 15 tháng 5 năm 2014 của Chính phủ quy định về bồi thường, hỗ trợ, tái định cư khi Nhà nước thu hồi đất",https://datafiles.chinhphu.vn/cpp/files/vbpq/2020/01/06.signed.pdf
62/2019/QĐ-UBND (file 1),31/12/2019,Về việc ban hành quy định về giá các loại đất trên địa bàn tỉnh Vĩnh Phúc 5 năm 2020-2024,https://datafiles.chinhphu.vn/cpp/files/vbpq/2020/02/62vp.signed.pdf
62/2019/QĐ-UBND (file 2),31/12/2019,Về việc ban hành quy định về giá các loại đất trên địa bàn tỉnh Vĩnh Phúc 5 năm 2020-2024,https://datafiles.chinhphu.vn/cpp/files/vbpq/2020/02/62vp-tiep-.pdf
61/2019/QĐ-UBND,31/12/2019,Quy định về hệ số điều chỉnh giá đất năm 2020 trên địa bàn tỉnh Vĩnh Phúc,https://datafiles.chinhphu.vn/cpp/files/vbpq/2020/03/61vp.signed.pdf
54/2019/QĐ-UBND (file 1),31/12/2019,Về việc ban hành Quy định về bảng giá các loại đất trên địa bàn thành phố Hải Phòng 05 năm (2020-2024),https://datafiles.chinhphu.vn/cpp/files/vbpq/2020/03/54hp.signed.pdf
54/2019/QĐ-UBND (file 2),31/12/2019,Về việc ban hành Quy định về bảng giá các loại đất trên địa bàn thành phố Hải Phòng 05 năm (2020-2024),https://datafiles.chinhphu.vn/cpp/files/vbpq/2020/03/54hp-tiep.pdf
25/2019/QĐ-UBND,30/12/2019,Quy định hệ số điều chỉnh giá đất năm 2020 trên địa bàn tỉnh Phú Thọ,https://datafiles.chinhphu.vn/cpp/files/vbpq/2020/02/25pt.signed.pdf
51/2019/QĐ-UBND,26/12/2019,Về việc quy định hệ số điều chỉnh giá đất làm cơ sở xác định nghĩa vụ tài chính đối với người sử dụng đất trên địa bàn tỉnh Bến Tre năm 2020,https://datafiles.chinhphu.vn/cpp/files/vbpq/2020/04/51btre.signed.pdf
48/2019/QĐ-UBND,20/12/2019,V/v ban hành Quy định tạm thời Bảng giá đất giai đoạn năm 2020-2024 trên địa bàn tỉnh Hà Nam,https://datafiles.chinhphu.vn/cpp/files/vbpq/2020/02/48hnam.signed.pdf
37/2019/QĐ-UBND,20/12/2019,Ban hành Quy định về Bảng giá các loại đất trên địa bàn tỉnh Bình Thuận áp dụng từ ngày 01/01/2020 đến ngày 31/12/2024,https://datafiles.chinhphu.vn/cpp/files/vbpq/2020/04/37bt.signed.pdf
28/2019/QĐ-UBND,20/12/2019,"Về việc kéo dài thời gian thực hiện Quyết định số 43/2014/QĐ-UBND ngày 22/12/2014 của UBND tỉnh ban hành Quy định bảng giá các loại đất trên địa bàn tỉnh Đắk Lắk và các Quyết định điều chỉnh, bổ sung có liên quan của UBND tỉnh",https://datafiles.chinhphu.vn/cpp/files/vbpq/2020/02/28dl.signed.pdf
96/2019/NĐ-CP,19/12/2019,Quy định về khung giá đất,https://datafiles.chinhphu.vn/cpp/files/vbpq/2019/12/96.signed_01.pdf
48/2019/QĐ-UBND,19/12/2019,Về việc quy định giá lúa thu thuế sử dụng đất nông nghiệp năm 2020 và nợ thuế sử dụng đất nông nghiệp những năm trước trên địa bàn tỉnh Bến Tre,https://datafiles.chinhphu.vn/cpp/files/vbpq/2020/02/48btre.signed.pdf
27/2019/QĐ-UBND,19/12/2019,"Sửa đổi, bổ sung một số quy định liên quan đến bồi thường, hỗ trợ, tái định cư khi Nhà nước thu hồi đất trên địa bàn tỉnh tại các Quyết định của UBND tỉnh Đắk Lắk",https://datafiles.chinhphu.vn/cpp/files/vbpq/2020/02/27dl.signed.pdf
53/2019/QĐ-UBND,18/12/2019,Ban hành Quy định chi tiết việc cưỡng chế thi hành quyết định giải quyết tranh chấp đất đai đã có hiệu lực pháp luật thuộc thẩm quyền của cơ quan hành chính nhà nước trên địa bàn tỉnh Tây Ninh,https://datafiles.chinhphu.vn/cpp/files/vbpq/2020/03/53tn.signed.pdf
21/2019/QĐ-UBND,18/12/2019,"Sửa đổi Điều 18 của Quy định ban hành kèm theo Quyết định số 11/2014/QĐ-UBND ngày 10 tháng 9 năm 2014 của UBND tỉnh Phú Thọ ban hành Quy định cụ thể một số nôi dung về bồi thường, hỗ trợ, tái định cư và đơn giá bồi thường về vật kiến trúc, cây cối khi Nhà nước thu hồi đất trên địa bàn tỉnh Phú Thọ",https://datafiles.chinhphu.vn/cpp/files/vbpq/2020/02/21pt.signed_01.pdf
22/2019/NQ-HĐND,14/12/2019,Thông qua Bảng giá các loại đất trên địa bàn tỉnh Phú Thọ 5 năm (2020 - 2024),https://datafiles.chinhphu.vn/cpp/files/vbpq/2020/02/22pt.signed.pdf
21/2019/NQ-HĐND,14/12/2019,"Thông qua danh mục các dự án phát triển kinh tế - xã hội vì lợi ích quốc gia, công cộng phải thu hồi đất; danh mục các dự án có sử dụng đất phải chuyển mục đích sử dụng đất trồng lúa, đất rừng sản xuất, rừng phòng hộ thuộc thẩm quyền của Hội đồng nhân dân tỉnh chấp thuận; danh mục các dự án chuyển tiếp tại Nghị quyết số 10/2016/NQ-HĐND ngày 08/12/2016 của Hội đồng nhân dân tỉnh; danh mục các dự án điều chỉnh, bổ sung diện tích tại các Nghị quyết của Hội đồng nhân dân tỉnh đang còn hiệu lực trên địa bàn tỉnh Phú Thọ",https://datafiles.chinhphu.vn/cpp/files/vbpq/2020/02/21pt.signed.pdf
17/2019/NQ-HĐND,11/12/2019,"Hủy bỏ dự án có thu hồi đất và sử dụng đất trồng lúa, đất rừng phòng hộ năm 2017; ban hành Danh mục dự án có thu hồi đất và sử dụng đất trồng lúa năm 2020",https://datafiles.chinhphu.vn/cpp/files/vbpq/2020/01/17ag.signed.pdf
16/2019/NQ-HĐND,11/12/2019,Thông qua Bảng giá các loại đất áp dụng giai đoạn 2020 - 2024 trên địa bàn tỉnh An Giang,https://datafiles.chinhphu.vn/cpp/files/vbpq/2020/01/16ag.signed.pdf
97/2019/NQ-HĐND,10/12/2019,Về việc thông qua Bảng giá đất 05 năm (2020 - 2024) trên địa bàn tỉnh Trà Vinh,https://datafiles.chinhphu.vn/cpp/files/vbpq/2020/02/97tv.signed.pdf
19/2019/QĐ-UBND (file 1),31/10/2019,"Quy định đơn giá xây dựng nhà ở, vật kiến trúc, công trình, tài sản trên đất để thực hiện công tác bồi thường, hỗ trợ và tái định cư khi Nhà nước thu hồi đất trên địa bàn tỉnh Quảng Nam",https://datafiles.chinhphu.vn/cpp/files/vbpq/2020/04/556.signed.pdf
19/2019/QĐ-UBND (file 2),31/10/2019,"Quy định đơn giá xây dựng nhà ở, vật kiến trúc, công trình, tài sản trên đất để thực hiện công tác bồi thường, hỗ trợ và tái định cư khi Nhà nước thu hồi đất trên địa bàn tỉnh Quảng Nam",https://datafiles.chinhphu.vn/cpp/files/vbpq/2019/12/19qnam.signed.pdf
79/2019/NĐ-CP,26/10/2019,Sửa đổi Điều 16 Nghị định số 45/2014/NĐ-CP ngày 15 tháng 5 năm 2014 của Chính phủ quy định về thu tiền sử dụng đất,https://datafiles.chinhphu.vn/cpp/files/vbpq/2019/10/79.signed_01.pdf
38/2019/QĐ-UBND,18/10/2019,Ban hành Quy định về đấu giá quyền sử dụng đất để giao đất có thu tiền sử dụng đất hoặc cho thuê đất trên địa bàn tỉnh Ninh Bình,https://datafiles.chinhphu.vn/cpp/files/vbpq/2019/10/38nb.signed.pdf
37/2019/QĐ-UBND,15/10/2019,"Ban hành Quy định việc thu, nộp, quản lý và sử dụng tiền bảo vệ, phát triển đất trồng lúa trên địa bàn tỉnh Ninh Bình",https://datafiles.chinhphu.vn/cpp/files/vbpq/2019/10/37nb.signed.pdf
41/2019/QĐ-UBND,04/10/2019,"Về việc sửa đổi, bổ sung một số điều của Quyết định số 38/2018/QĐ-UBND ngày 04 tháng 9 năm 2018 của Ủy ban nhân dân tỉnh về việc quy định diện tích tối thiểu được tách thửa đối với các loại đất trên địa bàn tỉnh Bến Tre",https://datafiles.chinhphu.vn/cpp/files/vbpq/2019/10/41btre.signed.pdf
47/2019/QĐ-UBND,03/10/2019,"Sửa đổi, bổ sung một số điều của Quy định ban hành kèm theo Quyết định số 08/2018/QĐ-UBND ngày 04 tháng 4 năm 2018 của Ủy ban nhân dân tỉnh An Giang",https://datafiles.chinhphu.vn/cpp/files/vbpq/2019/10/47ag.signed.pdf
40/2019/QĐ-UBND,29/08/2019,"Về việc điều chỉnh, bổ sung giá đất vào Bảng giá đất 5 năm 2015 - 2019 trên địa bàn tỉnh Vĩnh Phúc đã được phê duyệt tại Quyết định số 61/2014/QĐ-UBND ngày 31/12/2014 (lần 5)",https://datafiles.chinhphu.vn/cpp/files/vbpq/2019/09/40vp.signed.pdf
13/2019/QĐ-UBND,29/08/2019,"Quy định đơn giá đối với các loại cây trồng, hoa màu, các loại con vật nuôi; mật độ cây trồng; mức hỗ trợ đối với tài sản khai thác nghề biển, nghề sông để thực hiện bồi thường, hỗ trợ, tái định cư khi Nhà nước thu hồi đất trên địa bàn tỉnh Quảng Nam",https://datafiles.chinhphu.vn/cpp/files/vbpq/2019/09/13qn.signed.pdf
10/2019/NQ-HĐND,26/08/2019,"Thông qua Danh mục bổ sung các dự án phát triển kinh tế - xã hội vì lợi ích quốc gia, công cộng phải thu hồi đất; danh mục các dự án phải chuyển mục đích sử dụng đất trồng lúa dưới 10 héc ta, đất rừng sản xuất dưới 50 héc ta thuộc thẩm quyền cùa HĐND tỉnh chấp thuận; danh mục các dự án chuyển mục đích sử dụng đất trồng lúa trên 10 héc ta, đất rừng sản xuất trên 50 héc ta trình Thủ tướng Chính phủ chấp thuận",https://datafiles.chinhphu.vn/cpp/files/vbpq/2019/09/10hdnd-pt.signed.pdf
29/2019/QĐ-UBND,14/08/2019,"Ban hành Quy định về bồi thường, hỗ trợ, tái định cư khi Nhà nước thu hồi đất trên địa bàn tỉnh Bến Tre",https://datafiles.chinhphu.vn/cpp/files/vbpq/2019/09/29btre.signed.pdf
21/2019/QĐ-UBND,09/08/2019,"Ban hành Quy định về hạn mức giao đất để xây dựng nhà ở; hạn mức công nhận diện tích đất ở và xác định diện tích đất ở để tính tiền bồi thường, hỗ trợ khi Nhà nước thu hồi đất và Cấp Giấy chứng nhận quyền sử dụng đất, quyền sở hữu nhà ở và tài sản khác gắn liền với đất đối với hộ gia đình, cá nhân trên địa bàn tỉnh Quảng Ngãi",https://datafiles.chinhphu.vn/cpp/files/vbpq/2019/09/21qn.signed.pdf
28/2019/QĐ-UBND,05/08/2019,"Ban hành Bảng giá nhà, vật kiến trúc xây dựng mới trên địa bàn tỉnh Bến Tre",https://datafiles.chinhphu.vn/cpp/files/vbpq/2019/08/28bt.signed.pdf
24/2019/QĐ-UBND,26/07/2019,Bổ sung giá đất vào Bảng giá đất điều chỉnh Bảng giá các loại đất giai đoạn 2015 - 2019 trên địa bàn tỉnh Ninh Bình ban hành kèm theo Quyết định số 26/2017/QĐ-UBND ngày 05/9/2017 của Ủy ban nhân dân tỉnh Ninh Bình,https://datafiles.chinhphu.vn/cpp/files/vbpq/2019/08/24nb.signed.pdf
28/2019/QĐ-UBND,19/07/2019,"Sửa đổi, bổ sung Quy định được ban hành kèm theo Quyết định số 66/2016/QĐ-UBND ngày 28/9/2016 của Ủy ban nhân dân tỉnh",https://datafiles.chinhphu.vn/cpp/files/vbpq/2019/08/28ag.signed.pdf
16/2019/QĐ-UBND,16/07/2019,Quy định diện tích tối thiểu được tách thửa đối với từng loại đất trên địa bàn tỉnh Kiên Giang,https://datafiles.chinhphu.vn/cpp/files/vbpq/2019/08/16kg.signed.pdf
15/2019/QĐ-UBND,16/07/2019,"Quy định hạn mức giao đất, hạn mức công nhận quyền sử dụng đất đối với hộ gia đình, cá nhân trên địa bàn tỉnh Kiên Giang",https://datafiles.chinhphu.vn/cpp/files/vbpq/2019/08/15kg.signed.pdf
09/2019/NQ-HĐND,16/07/2019,"Thông qua Danh mục bổ sung các dự án phát triển kinh tế - xã hội vì lợi ích quốc gia, công cộng phải thu hồi đất; danh mục các dự án phải chuyển mục đích sử dụng đất trồng lúa dưới 10 héc ta, đất rừng sản xuất dưới 50 héc ta thuộc thẩm quyền của Hội đồng nhân dân tỉnh chấp thuận; danh mục các dự án điều chỉnh bổ sung tại các Nghị quyết đang còn hiệu lực; danh mục các dự án chuyển mục đích sử dụng đất trồng lúa trình Thủ tướng Chính phủ chấp thuận",https://datafiles.chinhphu.vn/cpp/files/vbpq/2019/08/09hdndpt.signed.pdf
06/2019/NQ-HĐND,16/07/2019,"Điều chỉnh quy mô, địa điểm cụm công nghiệp tại địa bàn huyện Thanh Ba trong điều chỉnh Quy hoạch sử dụng đất đến năm 2020 và Kế hoạch sử dụng đất kỳ cuối (2016-2020) tỉnh Phú Thọ",https://datafiles.chinhphu.vn/cpp/files/vbpq/2019/08/06hdndpt.signed.pdf
40/2019/QĐ-UBND,28/06/2019,"Về việc sửa đổi, bổ sung một số điều Quyết định số 30/2016/QĐ-UBND ngày 04/7/2016 của Ủy ban nhân dân tỉnh về việc quy định mức trích kinh phí tổ chức thực hiện bồi thường, hỗ trợ và tái định cư khi nhà nước thu hồi đất trên địa bàn tỉnh Hà Tĩnh",https://datafiles.chinhphu.vn/cpp/files/vbpq/2019/08/40ht.signed.pdf
28/2019/QĐ-UBND,28/06/2019,"Ban hành quy định về việc thực hiện và trách nhiệm của các cơ quan trong công tác kiểm đếm bắt buộc, cưỡng chế thực hiện quyết định kiểm đếm bắt buộc và cưỡng chế thực hiện quyết định thu hồi đất trên địa bàn tỉnh Vĩnh Phúc",https://datafiles.chinhphu.vn/cpp/files/vbpq/2019/08/28vp.signed.pdf
82/2019/QH14,14/06/2019,"Về tiếp tục hoàn thiện, nâng cao hiệu lực, hiệu quả thực hiện chính sách, pháp luật về quy hoạch, quản lý, sử dụng đất đai tại đô thị",https://datafiles.chinhphu.vn/cpp/files/vbpq/2019/07/82.signed_01.pdf
24/2019/QĐ-UBND,14/06/2019,"Sửa đổi, bổ sung một số Điều của Quyết định số 45/2018/QĐ-UBND ngày 19/12/2018 của UBND tỉnh Cà Mau Quy định Hệ số điều chỉnh giá đất năm 2019 trên địa bàn tỉnh Cà Mau",https://datafiles.chinhphu.vn/cpp/files/vbpq/2019/07/24cm.signed.pdf
22/2019/QĐ-UBND,29/05/2019,"Ủy quyền cho UBND các huyện, thành phố quyết định cho phép miễn, giảm tiền sử dụng đất cho từng đối tượng người có công với Cách mạng",https://datafiles.chinhphu.vn/cpp/files/vbpq/2019/07/22vp.signed.pdf
19/2019/QĐ-UBND,08/05/2019,Quy định hạn mức bình quân diện tích đất ở và đất sản xuất đối với hộ gia đình vùng dân tộc thiểu số trên địa bàn tỉnh Cà Mau,https://datafiles.chinhphu.vn/cpp/files/vbpq/2019/05/19cm.signed.pdf
20/2019/QĐ-UBND,06/05/2019,"Điều chỉnh, sửa đổi và bổ sung một số nội dung tại Bảng giá đất trên địa bàn tỉnh Thừa Thiên Huế áp dụng trong thời gian 05 năm (2015-2019)",https://datafiles.chinhphu.vn/cpp/files/vbpq/2019/05/20tth.signed.pdf
07/2019/QĐ-UBND,25/04/2019,Quy định hệ số điều chỉnh giá đất năm 2019 trên địa bàn tỉnh Kiên Giang,https://datafiles.chinhphu.vn/cpp/files/vbpq/2019/06/07kg.signed.pdf
19/2019/QĐ-UBND,05/04/2019,"Điều chỉnh, bổ sung một số nội dung tại Bảng giá đất trên địa bàn tỉnh Thừa Thiên Huế áp dụng trong thời gian 05 năm (2015-2019)",https://datafiles.chinhphu.vn/cpp/files/vbpq/2019/04/19tth.signed.pdf
24/2019/QĐ-UBND,20/03/2019,"Ban hành Bảng hệ số điều chỉnh giá các loại đất năm 2019 trên địa bàn huyện Cát Tiên, tỉnh Lâm Đồng",https://datafiles.chinhphu.vn/cpp/files/vbpq/2019/04/24ld.signed.pdf
23/2019/QĐ-UBND,20/03/2019,"Ban hành Bảng hệ số điều chỉnh giá các loại đất năm 2019 trên địa bàn huyện Đạ Tẻh, tỉnh Lâm Đồng",https://datafiles.chinhphu.vn/cpp/files/vbpq/2019/04/23ld.signed.pdf
22/2019/QĐ-UBND,20/03/2019,"Ban hành Bảng hệ số điều chỉnh giá các loại đất năm 2019 trên địa bàn huyện Đạ Huoai, tỉnh Lâm Đồng",https://datafiles.chinhphu.vn/cpp/files/vbpq/2019/04/22ld.signed.pdf
21/2019/QĐ-UBND,20/03/2019,"Ban hành Bảng hệ số điều chỉnh giá các loại đất năm 2019 trên địa bàn huyện Bảo Lâm, tỉnh Lâm Đồng",https://datafiles.chinhphu.vn/cpp/files/vbpq/2019/04/21ld.signed.pdf
20/2019/QĐ-UBND,20/03/2019,"Ban hành Bảng hệ số điều chỉnh giá các loại đất năm 2019 trên địa bàn huyện Di Linh, tỉnh Lâm Đồng",https://datafiles.chinhphu.vn/cpp/files/vbpq/2019/04/20ld.signed.pdf
19/2019/QĐ-UBND,20/03/2019,"Ban hành Bảng hệ số điều chỉnh giá các loại đất năm 2019 trên địa bàn huyện Lâm Hà, tỉnh Lâm Đồng",https://datafiles.chinhphu.vn/cpp/files/vbpq/2019/04/19ld.signed.pdf
18/2019/QĐ-UBND,20/03/2019,"Ban hành Bảng hệ số điều chỉnh giá các loại đất năm 2019 trên địa bàn huyện Đơn Dương, tỉnh Lâm Đồng",https://datafiles.chinhphu.vn/cpp/files/vbpq/2019/04/18ld.signed.pdf
17/2019/QĐ-UBND (file 1),20/03/2019,"Ban hành Bảng hệ số điều chỉnh giá các loại đất năm 2019 trên địa bàn huyện Đức Trọng, tỉnh Lâm Đồng",https://datafiles.chinhphu.vn/cpp/files/vbpq/2019/04/17ld.signed.pdf
17/2019/QĐ-UBND (file 2),20/03/2019,"Ban hành Bảng hệ số điều chỉnh giá các loại đất năm 2019 trên địa bàn huyện Đức Trọng, tỉnh Lâm Đồng",https://datafiles.chinhphu.vn/cpp/files/vbpq/2019/04/17ld-kem.pdf
16/2019/QĐ-UBND,20/03/2019,"Ban hành Bảng hệ số điều chỉnh giá các loại đất năm 2019 trên địa bàn huyện Đam Rông, tỉnh Lâm Đồng",https://datafiles.chinhphu.vn/cpp/files/vbpq/2019/04/16ld.signed.pdf
15/2019/QĐ-UBND,20/03/2019,"Ban hành Bảng hệ số điều chỉnh giá các loại đất năm 2019 trên địa bàn huyện Lạc Dương, tỉnh Lâm Đồng",https://datafiles.chinhphu.vn/cpp/files/vbpq/2019/04/15ld.signed.pdf
14/2019/QĐ-UBND,20/03/2019,"Ban hành Bảng hệ số điều chỉnh giá các loại đất năm 2019 trên địa bàn thành phố Bảo Lộc, tỉnh Lâm Đồng",https://datafiles.chinhphu.vn/cpp/files/vbpq/2019/04/14ld.signed.pdf
13/2019/QĐ-UBND,20/03/2019,"Ban hành Bảng hệ số điều chỉnh giá các loại đất năm 2019 trên địa bàn thành phố Đà Lạt, tỉnh Lâm Đồng",https://datafiles.chinhphu.vn/cpp/files/vbpq/2019/04/13ld.signed.pdf
08/2019/QĐ-UBND,08/03/2019,Về việc điều chỉnh giá một số loại đất thuộc Bảng giá đất thành phố Hải Phòng 05 năm (2015-2019) trên địa bàn 07 huyện,https://datafiles.chinhphu.vn/cpp/files/vbpq/2019/03/08hp.signed.pdf
07/2019/QĐ-UBND,06/03/2019,Quy định hệ số điều chỉnh giá đất áp dụng trên địa bàn tỉnh An Giang,https://datafiles.chinhphu.vn/cpp/files/vbpq/2019/03/07ag.signed.pdf
05/2019/QĐ-UBND,05/03/2019,Điều chỉnh Bảng giá các loại đất năm 2015 ban hành kèm theo Quyết định số 31/2014/QĐ-UBND ngày 19/12/2014 và Quyết định số 41/2016/QĐ-UBND ngày 19/12/2016 của Ủy ban nhân dân tỉnh Cà Mau,https://datafiles.chinhphu.vn/cpp/files/vbpq/2019/03/05cm.signed.pdf
11/2019/QĐ-UBND,26/02/2019,"Ban hành quy định chế độ miễn, giảm về tiền thuê đất và giá cho thuê cơ sở hạ tầng đối với cơ sở thực hiện xã hội hóa trong lĩnh vực giáo dục - đào tạo, dạy nghề, y tế, văn hóa, thể thao, môi trường, giám định tư pháp tại các đô thị trên địa bàn tỉnh Vĩnh Phúc",https://datafiles.chinhphu.vn/cpp/files/vbpq/2019/03/11vp.signed.pdf
05/2019/QĐ-UBND,30/01/2019,"Quy định hệ số điều chỉnh giá đất năm 2019 để xác định giá đất cụ thể tính tiền sử dụng đất, tiền thuê đất, giá khởi điểm để đấu giá quyền sử dụng đất  trên địa bàn tỉnh Ninh Bình",https://datafiles.chinhphu.vn/cpp/files/vbpq/2019/03/05nb.signed.pdf
07/2019/QĐ-UBND,21/01/2019,Quy định hệ số điều chỉnh giá đất làm cơ sở xác định nghĩa vụ tài chính đối với người sử dụng đất trên địa bàn tỉnh Bến Tre năm 2019,https://datafiles.chinhphu.vn/cpp/files/vbpq/2019/03/07btre.signed.pdf
04/2019/QĐ-UBND,14/01/2019,Quy định về hệ số điều chỉnh giá đất năm 2019 trên địa bàn tỉnh Vĩnh Phúc,https://datafiles.chinhphu.vn/cpp/files/vbpq/2019/03/04vp.signed.pdf
03/2019/QĐ-UBND,10/01/2019,"Về việc sửa đổi, bổ sung một số điều của Quy định chi tiết một số nội dung về bồi thường, hỗ trợ, tái định cư khi Nhà nước thu hồi đất trên địa bàn thành phố Hải Phòng ban hành kèm theo Quyết định số 2680/2014/QĐ-UBND ngày 03/12/2014 của Ủy ban nhân dân thành phố",https://datafiles.chinhphu.vn/cpp/files/vbpq/2019/03/03hp.signed.pdf
01/2019/QĐ-UBND,10/01/2019,"Ban hành Quy định mức trích, nội dung chi và mức chi cho công tác tổ chức thực hiện bồi thường, hỗ trợ, tái định cư khi Nhà nước thu hồi đất trên địa bàn tỉnh Ninh Bình",https://datafiles.chinhphu.vn/cpp/files/vbpq/2019/03/01nb.signed.pdf
59/2018/QĐ-UBND,28/12/2018,Quy định diện tích tối thiểu được phép tách thửa đối với một số loại đất trên địa bàn tỉnh Cà Mau,https://datafiles.chinhphu.vn/cpp/files/vbpq/2019/03/59cm.signed.pdf
58/2018/QĐ-UBND,28/12/2018,Ban hành Quy định về đấu giá quyền sử dụng đất để giao đất có thu tiền sử dụng đất hoặc cho thuê đất và biện pháp thi hành Luật đấu giá tài sản trên địa bàn tỉnh Cà Mau,https://datafiles.chinhphu.vn/cpp/files/vbpq/2019/03/58cm.signed.pdf
57/2018/QĐ-UBND,28/12/2018,"Ban hành bộ ""Đơn giá bồi thường các loại nhà cửa, vật kiến trúc, mồ mả, tàu thuyền, máy móc thiết bị, nông cụ, ngư cụ, cây cối, hoa màu và nuôi trồng thủy hải sản"" khi Nhà nước thu hồi đất trên địa bàn tỉnh Hà Tĩnh",https://datafiles.chinhphu.vn/cpp/files/vbpq/2019/01/57ht.signed.pdf
42/2018/QĐ-UBND,21/12/2018,Về việc quy định hệ số điều chỉnh giá đất năm 2019 trên địa bàn tỉnh Phú Thọ,https://datafiles.chinhphu.vn/cpp/files/vbpq/2019/01/42pt.signed.pdf
39/2018/QĐ-UBND,21/12/2018,"Điều chỉnh, bổ sung Bảng giá đất 05 năm (2015-2019) trên địa bàn tỉnh Phú Thọ ban hành kèm theo Quyết định số 24/2014/QĐ-UBND ngày 29/12/2014 của UBND tỉnh Phú Thọ, Quyết định số 41/2016/QĐ-UBND ngày 28/12/2016 và Quyết định số 31/2017/QĐ-UBND ngày 19/12/2017 của UBND tỉnh Phú Thọ",https://datafiles.chinhphu.vn/cpp/files/vbpq/2019/01/39pt.signed.pdf
59/2018/QĐ-UBND,20/12/2018,Ban hành Quy định về đấu giá quyền sử dụng đất để giao đất có thu tiền sử dụng đất hoặc cho thuê đất áp dụng trên địa bàn tỉnh An Giang,https://datafiles.chinhphu.vn/cpp/files/vbpq/2019/03/59ag.signed.pdf
45/2018/QĐ-UBND,19/12/2018,"Quy đinh đơn giá dịch vụ đăng ký đất đai, tài sản gắn liến với đất, cấp giấy chứng nhận quyền sử dụng đất, quyền sở hữu nhà ở và tài sản khác gắn liền với đất trên địa bàn tỉnh Bến Tre",https://datafiles.chinhphu.vn/cpp/files/vbpq/2019/01/45bt.signed.pdf
45/2018/QĐ-UBND,19/12/2018,Quy định Hệ số điều chỉnh giá đất năm 2019 trên địa bàn tỉnh Cà Mau,https://datafiles.chinhphu.vn/cpp/files/vbpq/2019/03/45cm.signed.pdf
44/2018/QĐ-UBND,19/12/2018,"Ban hành Đơn giá bồi thường nhà, vật kiến trúc, công trình xây dựng khác và di chuyển mồ mả khi nhà nước thu hồi đất trên địa bàn tỉnh Hà Nam năm 2019",https://datafiles.chinhphu.vn/cpp/files/vbpq/2019/01/44hnam.signed.pdf
54/2018/QĐ-UBND,17/12/2018,"Bãi bỏ quy định về phí cung cấp thông tin về giao dịch bảo đảm bằng quyền sử dụng đất, tài sản gắn liền với đất trên địa bàn tỉnh An Giang tại Quyết định số 86/2016/QĐ-UBND ngày 22 tháng 12 năm 2016 của Ủy ban nhân dân tỉnh",https://datafiles.chinhphu.vn/cpp/files/vbpq/2019/03/54ag.signed.pdf
30/2018/NQ-HĐND,07/12/2018,"Ban hành Danh mục dự án có thu hồi đất, sử dụng đất trồng lúa, đất rừng phòng hộ năm 2019 và Danh mục dự án có thu hồi đất, sử dụng đất trồng lúa năm 2016 bị hủy bỏ",https://datafiles.chinhphu.vn/cpp/files/vbpq/2019/01/30nqag.signed.pdf
25/2018/NQ-HĐND,07/12/2018,"Quy định mức thu, chế độ thu, nộp, quản lý và sử dụng phí thẩm định hồ sơ cấp giấy chứng nhận quyền sử dụng đất trên địa bàn tỉnh An Giang",https://datafiles.chinhphu.vn/cpp/files/vbpq/2019/01/25nqag.signed.pdf
24/2018/NQ-HĐND,07/12/2018,"Quy định mức thu, chế độ thu, miễn, nộp, quản lý và sử dụng phí cung cấp thông tin về giao dịch bảo đảm bằng quyền sử dụng đất, tài sản gắn liền với đất trên địa bàn tỉnh An Giang",https://datafiles.chinhphu.vn/cpp/files/vbpq/2019/01/24nqag.signed.pdf
39/2018/QĐ-UBND,31/10/2018,"Về việc ban hành Đơn giá sản phẩm đo đạc bản đồ địa chính; đăng ký đất đai, tài sản gẳn liền với đất, lập hồ sơ địa chính, cấp giấy chứng nhận quyền sử dụng đất, quyền sở hữu nhà ở và tài sản khác gắn liền với đất",https://datafiles.chinhphu.vn/cpp/files/vbpq/2018/12/39ht.signed.pdf
40/2018/QĐ-UBND,15/10/2018,Về việc quy định góp quyền sử dụng đất và điều chỉnh lại quyền sử dụng đất để thực hiện dự án đầu tư trên địa bàn tỉnh Bến Tre,https://datafiles.chinhphu.vn/cpp/files/vbpq/2018/11/40btre.signed.pdf
25/2018/QĐ-UBND,15/10/2018,"Về việc sửa đổi, bổ sung một số điều của Quy định về đăng ký, cấp Giấy chứng nhận quyền sử dụng đất, quyền sở hữu nhà ở và tài sản khác gắn liền với đất; đăng ký biến động về sử dụng đất, sở hữu tài sản gắn liền với đất cho các tổ chức trên địa bàn thành phố Hà Nội ban hành kèm theo Quyết định số 13/2017/QĐ-UBND ngày 31/3/2017 của Ủy ban nhân dân thành phố Hà Nội",https://datafiles.chinhphu.vn/cpp/files/vbpq/2018/11/25hnoi.signed.pdf
24/2018/QĐ-UBND,15/10/2018,"Về việc sửa đổi, bổ sung một số điều của Quy định về đăng ký, cấp Giấy chứng nhận quyền sử dụng đất, quyền sở hữu nhà ở và tài sản gắn liền với đất cho hộ gia đình, cá nhân, cộng đồng dân cư, người Việt Nam định cư ở nước ngoài, cá nhân nước ngoài; chuyển mục đích sử dụng đất vườn, ao liền kề và đất nông nghiệp xem kẹt trong khu dân cư sang đất ở trên địa bàn thành phố Hà Nội ban hành kèm theo Quyết định số 12/2017/QĐ-UBND ngày 31/3/2017 của Ủy ban nhân dân thành phố Hà Nội",https://datafiles.chinhphu.vn/cpp/files/vbpq/2018/11/24hnoi.signed.pdf
33/2018/QĐ-UBND,09/10/2018,"Ban hành Quy định về bồi thường, hỗ trợ và tái định cư khi nhà nước thu hồi đất trên địa bàn tỉnh An Giang",https://datafiles.chinhphu.vn/cpp/files/vbpq/2018/11/33ag.signed.pdf
35/2018/QĐ-UBND,03/10/2018,"Bãi bỏ và bổ sung một số danh mục Đơn giá bồi thường các loại nhà cửa, vật kiến trúc, mồ mả, tàu thuyền, máy mốc thiết bị, nông cụ, ngư cụ, cây cối, hoa màu và nuôi trông thủy sản khi Nhà nước thu hồi đất trên địa bàn tỉnh Hà Tĩnh ban hành kèm theo Quyết định số 03/2017/QĐ-UBND ngày 20/01/2017 của UBND tỉnh Hà Tĩnh",https://datafiles.chinhphu.vn/cpp/files/vbpq/2018/11/35ht.signed.pdf
34/2018/QĐ-UBND,02/10/2018,"Sửa đổi, bổ sung một số điều của quy định chính sách bồi thường, hỗ trợ, tái định cư khi Nhà nước thu hồi đất trên địa bàn tỉnh Hà Tĩnh",https://datafiles.chinhphu.vn/cpp/files/vbpq/2018/11/34ht.signed.pdf
23/2018/QĐ-UBND,13/09/2018,"Quy định nội dung chi và mức chi cho hoạt động của Hội đồng thẩm định bảng giá đất, Hội đồng thẩm định giá đất và Tổ giúp việc của Hội đồng thẩm định bảng giá đất, Hội đồng thẩm định giá đất",https://datafiles.chinhphu.vn/cpp/files/vbpq/2018/11/23dl.signed.pdf
38/2018/QĐ-UBND,04/09/2018,Về việc quy định diện tích tối thiểu được tách thửa đối với các loại đất trên địa bàn tỉnh Bến Tre,https://datafiles.chinhphu.vn/cpp/files/vbpq/2018/11/38btre.signed.pdf
20/2018/QĐ-UBND,14/08/2018,"Bổ sung vào Khoản 1, Điều 2 và Điều 3 của Quy định Bảng giá các loại đất trên địa bàn tỉnh Đắk Lắk ban hành kèm theo Quyết định số 43/2014/QĐ-UBND ngày 22/12/2014 của UBND tỉnh",https://datafiles.chinhphu.vn/cpp/files/vbpq/2018/10/20dl.signed.pdf
18/2018/QĐ-UBND,03/08/2018,"Quy định thu hồi đất đối với trường hợp không đưa đất vào sử dụng, chậm đưa đất vào sử dụng so với tiến độ sử dụng đất đã giao kết trong hợp đồng thuê đất, thuê lại đất với doanh nghiệp đầu tư kinh doanh kết cấu hạ tầng trong khu công nghiệp, khu chế xuất, cụm công nghiệp, làng nghề trên địa bàn tỉnh Đắk Lắk",https://datafiles.chinhphu.vn/cpp/files/vbpq/2018/08/18dl.signed.pdf
22/2018/QĐ-UBND,30/07/2018,"Bãi bỏ quy định về lệ phí cấp giấy chứng nhận quyền sử dụng đất, quyền sở hữu nhà ở, tài sản gắn liền với đất tại Quyết định số 87/2016/QĐ-UBND ngày 22 tháng 12 năm 2016 của Ủy ban nhân dân tỉnh",https://datafiles.chinhphu.vn/cpp/files/vbpq/2018/08/22ag.signed.pdf
33/2018/QĐ-UBND,25/07/2018,"Ban hành Quy chế phối hợp cung cấp thông tin, dữ liệu về nhà ở và thị trường bất động sản trên địa bàn tỉnh Bến Tre",https://datafiles.chinhphu.vn/cpp/files/vbpq/2018/10/33btre.signed.pdf
01/2018/NQ-HĐND,20/07/2018,"Về việc điều chỉnh, bổ sung quy hoạch sử dụng đất đến năm 2020 và kế hoạch sử dụng đất kỳ cuối (2016 - 2020) tỉnh Phú Thọ",https://datafiles.chinhphu.vn/cpp/files/vbpq/2018/10/01hdnd-ptho.signed.pdf
07/2018/NQ-HĐND,19/07/2018,"Quy định mức thu, chế độ thu, nộp lệ phí cấp giấy chứng nhận quyền sử dụng đất, quyền sở hữu nhà, tài sản gắn liền với đất trên địa bàn tỉnh An Giang",https://datafiles.chinhphu.vn/cpp/files/vbpq/2018/10/07ag.signed.pdf
02/2018/NQ-HĐND,19/07/2018,"Quy định mức thu, chế độ thu, miễn, giảm, nộp, quản lý và sử dụng phí khai thác và sử dụng tài liệu đất đai trên địa bàn tỉnh An Giang",https://datafiles.chinhphu.vn/cpp/files/vbpq/2018/10/02ag.signed.pdf
69/2018/NQ-HĐND,11/07/2018,Về quy định chính sách hỗ trợ đất ở cho hộ nghèo giai đoạn 2018 - 2020 trên địa bàn tỉnh Trà Vinh (ngoài đối tượng theo Quyết định số 29/2013/QĐ-TTg ngày 20/5/2013 của Thủ tướng Chính phủ),https://datafiles.chinhphu.vn/cpp/files/vbpq/2018/08/69hdnd-tv.signed.pdf
16/2018/QĐ-UBND,27/06/2018,Về việc bổ sung giá đất vào Bảng giá đất 5 năm 2015 -2019 trên địa bàn tỉnh Vĩnh Phúc đã được phê duyệt tại Quyết định số 61/2014/QĐ-UBND ngày 31/12/2014 (Bổ sung lần 4),https://datafiles.chinhphu.vn/cpp/files/vbpq/2018/10/16vp.signed.pdf
28/2018/QĐ-UBND,25/06/2018,"Quy định mức hỗ trợ bố trí, ổn định dân cư tại các vùng sạt lở bờ sông, sạt lở bờ biển, sạt lở kênh rạch, sụt lún đất, lốc xoáy, xâm nhập mặn nước biển dâng, khu rừng đặc dụng trên địa bàn tỉnh Bến Tre",https://datafiles.chinhphu.vn/cpp/files/vbpq/2018/10/28btre.signed.pdf
24/2018/QĐ-UBND,21/06/2018,"Ban hành Quy chế phối hợp trong quản lý nhà nước về đăng ký biện pháp bảo đảm bằng quyền sử dụng đất, tài sản gắn liền với đất trên địa bàn tỉnh Hà Tĩnh",https://datafiles.chinhphu.vn/cpp/files/vbpq/2018/10/24ht.signed.pdf
22/20187/QĐ-UBND,04/06/2018,Quy định hệ số điều chỉnh giá đất năm 2018 trên địa bàn tỉnh Hà Tĩnh,https://datafiles.chinhphu.vn/cpp/files/vbpq/2018/07/22ht.signed.pdf
09/2018/QĐ-UBND,27/04/2018,"Về việc sửa đổi, bổ sung một số điều Quyết định số 46/2014/QĐ-UBND ngày 20/10/2014 của UBND tỉnh Vĩnh Phúc",https://datafiles.chinhphu.vn/cpp/files/vbpq/2018/11/09vp.signed.pdf
07/2018/QĐ-UBND,05/04/2018,"Ban hành quy định về nguồn, mức trích kinh phí, nội dung chi, mức chi tổ chức thực hiện bồi thường, hỗ trợ và tái định cư khi Nhà nước thu hồi đất trên địa bàn tỉnh Hà Nam",https://datafiles.chinhphu.vn/cpp/files/vbpq/2018/07/07hnam.signed.pdf
19/2018/QĐ-UBND,28/03/2018,Sửa đổi một số điều của Quy định đánh số và gắn biển số nhà trên địa bàn tỉnh Đồng Nai ban hành kèm theo Quyết định số 74/2006/QĐ-UBND ngày 12/10/2006 của Ủy ban nhân dân tỉnh,https://datafiles.chinhphu.vn/cpp/files/vbpq/2018/07/19dnai.signed.pdf
06/2018/QĐ-UBND,21/03/2018,Quy định hệ số điều chỉnh giá đất làm cơ sở xác định nghĩa vụ tài chính đối với người sử dụng đất trên địa bàn tỉnh Bến Tre năm 2018,https://datafiles.chinhphu.vn/cpp/files/vbpq/2018/06/06btre.signed.pdf
05/2018/QĐ-UBND,26/02/2018,"Bổ sung giá đất ở đô thị của một số tuyến đường vào Mục III, Bảng số 7 của Bảng giá các loại đất trên địa bàn thị xã Buôn Hồ ban hành kèm theo Quyết định số 43/2014/QĐ-UBND ngày 22/12/2014 của UBND tỉnh",https://datafiles.chinhphu.vn/cpp/files/vbpq/2018/04/05dk.signed.pdf
05/2018/QĐ-UBND,21/02/2018,"Ban hành Quy chế thực hiện dân chủ trong công tác thu hồi đất, bồi thường, hỗ trợ, tái định cư trên địa bàn tỉnh Bến Tre",https://datafiles.chinhphu.vn/cpp/files/vbpq/2018/04/05btre.signed.pdf
04/2018/QĐ-UBND,13/02/2018,"Quy định hệ số điều chỉnh giá đất năm 2018 để xác định giá đất cụ thể tính tiền sử dụng đất, tiền thuê đất, giá khởi điểm để đấu giá quyền sử dụng đất trên địa bàn tỉnh Ninh Bình",https://datafiles.chinhphu.vn/cpp/files/vbpq/2018/04/04nb.signed.pdf
04/2018/QĐ-UBND,07/02/2018,"Quy định kinh phí tổ chức thực hiện bồi thường, hỗ trợ, tái định cư và cưỡng chế kiểm đếm, cưỡng chế thu hồi đất trên địa bàn tỉnh Bến Tre",https://datafiles.chinhphu.vn/cpp/files/vbpq/2018/04/04btre.signed.pdf
09/2018/QĐ-UBND,05/02/2018,Về việc ban hành hệ số điều chỉnh giá đất trên địa bàn tỉnh Hòa Bình năm 2018,https://datafiles.chinhphu.vn/cpp/files/vbpq/2018/04/09hb.signed.pdf
03/2018/QĐ-UBND,02/02/2018,Về việc phê duyệt Chương trình phát triển nhà ở tỉnh Phú Thọ đến năm 2020 và định hướng đến năm 2030,https://datafiles.chinhphu.vn/cpp/files/vbpq/2018/06/03pt.signed.pdf
01/2018/QĐ-UBND,02/01/2018,"Sửa đổi, bổ sung một số điều của Quy định về bồi thường, hỗ trợ và tái định cư khi Nhà nước thu hồi đất trên địa bàn tỉnh Cà Mau",https://datafiles.chinhphu.vn/cpp/files/vbpq/2018/03/01cm.signed.pdf
102/2017/QĐ-UBND,29/12/2017,Ban hành Quy định thi hành quyết định giải quyết tranh chấp đất đai đã có hiệu lực pháp luật trên địa bàn tỉnh An Giang,https://datafiles.chinhphu.vn/cpp/files/vbpq/2018/04/102ag.signed.pdf
63/2017/QĐ-UBND,29/12/2017,"Sửa đổi, bổ sung một số quy định về giá đất tại Bảng giá đất ban hành kèm theo Quyết định số 50/2014/QĐ-UBND ngày 19/12/2014 và Quyết định số 14/2016/QĐ-UBND ngày 16/5/2016 của Ủy ban nhân dân tỉnh",https://datafiles.chinhphu.vn/cpp/files/vbpq/2018/03/63hnam.signed.pdf
50/2017/QĐ-UBND,29/12/2017,"Ban hành Quy định chi tiết một số nội dung về bồi thường, hỗ trợ, tái định cư khi Nhà nước thu hồi đất trên địa bàn tỉnh Lâm Đồng",https://datafiles.chinhphu.vn/cpp/files/vbpq/2018/03/50ld.signed.pdf
66/2017/QĐ-UBND,20/12/2017,"Về việc quy định giá lúa thu thuế sử dụng đất nông nghiệp năm 2018 và nợ thuế sử dụng đất nông nghiệp, thuế nhà đất những năm trước trên địa bàn tỉnh Bến Tre",https://datafiles.chinhphu.vn/cpp/files/vbpq/2018/03/66btre.signed.pdf
60/2017/QĐ-UBND,19/12/2017,Về việc quy định hệ số điều chỉnh giá đất để xác định giá đất cụ thể tính đơn giá thuê đất năm 2018 trên địa bàn tỉnh Hà Nam,https://datafiles.chinhphu.vn/cpp/files/vbpq/2018/03/60hnam.signed.pdf
34/2017/QĐ-UBND,19/12/2017,Ban hành quy định về quy trình luân chuyển hồ sơ xác định nghĩa vụ tài chính về đất đai của người sử dụng đất trên địa bàn tỉnh Phú Thọ,https://datafiles.chinhphu.vn/cpp/files/vbpq/2018/04/34pt.signed.pdf
31/2017/QĐ-UBND,19/12/2017,"Điều chỉnh, bổ sung Bảng giá đất 05 năm (2015-2019) trên địa bàn tỉnh Phú Thọ ban hành kèm theo Quyết định số 24/2014/QĐ-UBND ngày 29/12/2014 và Quyết định số 41/2016/QĐ-UBND ngày 28/12/2016 của UBND tỉnh Phú Thọ",https://datafiles.chinhphu.vn/cpp/files/vbpq/2018/04/31pt.signed.pdf
61/2017/QĐ-UBND,19/12/2017,"Về việc quy định hệ số điều chỉnh giá đất để xác định giá đất cụ thể tính tiền sử dụng đất đối với các trường hợp giao đất, công nhận quyền sử dụng đất, chuyển mục đích sử dụng đất trên địa bàn tỉnh Hà Nam",https://datafiles.chinhphu.vn/cpp/files/vbpq/2018/03/61hnam.signed.pdf
89/2017/QĐ-UBND,18/12/2017,Quy định hệ số điều chỉnh giá đất áp dụng trên địa bàn tỉnh An Giang năm 2018,https://datafiles.chinhphu.vn/cpp/files/vbpq/2018/03/89ag.signed.pdf
48/2017/QĐ-UBND,18/12/2017,"Ban hành Đơn giá bồi thường nhà, vật kiến trúc, công trình xây dựng khác và di chuyển mồ mả khi Nhà nước thu hồi đất trên địa bàn tỉnh Hà Nam năm 2018",https://datafiles.chinhphu.vn/cpp/files/vbpq/2018/03/48hnam.signed.pdf
29/2017/QĐ-UBND,12/12/2017,"Ban hành Quy định miễn tiền thuê đất đối với cơ sở thực hiện xã hội hóa trong lĩnh vực giáo dục - đào tạo, dạy nghề, y tế, văn hóa, thể dục thể thao, môi trường, giám định tư pháp sử dụng đất tại các đô thị trên địa bàn tỉnh Quảng Nam",https://datafiles.chinhphu.vn/cpp/files/vbpq/2018/04/29qnam.signed.pdf
28/2017/QĐ-UBND,08/12/2017,"Sửa đổi một số điều của Quy định về lập dự toán, sử dụng và thanh quyết toán kinh phí tổ chức thực hiện bồi thường, hỗ trợ và tái định cư khi Nhà nước thu hồi đất trên địa bàn tỉnh Cà Mau ban hành kèm theo Quyết định số 36/2015/QĐ-UBND ngày 10 tháng 11 năm 2015 của Ủy ban nhân dân tỉnh Cà Mau",https://datafiles.chinhphu.vn/cpp/files/vbpq/2018/04/28cm.signed.pdf
27/2017/QĐ-UBND,01/12/2017,"Về việc điều chỉnh, bổ sung giá đất tại Bảng giá các loại đất 05 năm (2015 - 2019) trên địa bàn xã Thủy Triều, huyện Thủy Nguyên",https://datafiles.chinhphu.vn/cpp/files/vbpq/2018/04/27hp.signed.pdf
46/2017/QĐ-UBND,30/11/2017,"Sửa đổi, bổ sung một số quy định về giá đất tại Bảng giá đất ban hành kèm theo Quyết định số 50/2014/QĐ-UBND ngày 19/12/2014 và Quyết định số 14/2016/QĐ-UBND ngày 16/5/2016 của Ủy ban nhân dân tỉnh",https://datafiles.chinhphu.vn/cpp/files/vbpq/2018/04/46hnam.signed.pdf
53/2017/QH14,24/11/2017,"Về Báo cáo nghiên cứu khả thi Dự án thu hồi đất, bồi thường, hỗ trợ, tái định cư Cảng hàng không quốc tế Long Thành",https://datafiles.chinhphu.vn/cpp/files/vbpq/2017/12/53.signed.pdf
123/2017/NĐ-CP,14/11/2017,"Sửa đổi, bổ sung một số điều của các Nghị định quy định về thu tiền sử dụng đất, thu tiền thuê đất, thuê mặt nước",https://datafiles.chinhphu.vn/cpp/files/vbpq/2017/11/123.signed.pdf
44/2017/QĐ-UBND,08/11/2017,Về việc bổ sung giá đất ở vào Bảng giá đất 5 năm 2015 - 2019 trên địa bàn tỉnh Vĩnh Phúc đã được phê duyệt tại Quyết định số 61/2014/QĐ-UBND ngày 31/12/2014 (Lần 3),https://datafiles.chinhphu.vn/cpp/files/vbpq/2018/04/44vp.signed.pdf
59/2017/QĐ-UBND,07/11/2017,Về việc Quy định diện tích tối thiểu được tách thửa đối với các loại đất trên địa bàn tỉnh Bến Tre,https://datafiles.chinhphu.vn/cpp/files/vbpq/2018/06/59btre.signed.pdf
26/2017/QĐ-UBND,07/11/2017,Ban hành Quy định quy trình luân chuyển hồ sơ xác định nghĩa vụ tài chính về đất đai của người sử dụng đất trên địa bàn tỉnh Cà Mau,https://datafiles.chinhphu.vn/cpp/files/vbpq/2018/06/26cmau.signed.pdf
45/2017/QĐ-UBND,21/09/2017,Ban hành Quy định về cưỡng chế thực hiện quyết định giải quyết tranh chấp đất đai trên địa bàn tỉnh Lâm Đồng,https://datafiles.chinhphu.vn/cpp/files/vbpq/2017/10/45ld.signed.pdf
39/2017/QĐ-UBND,15/09/2017,"Ban hành Quy định tiêu chí lựa chọn đối tượng được mua, thuê, thuê mua nhà ở xã hội trên địa bàn tỉnh Hà Nam",https://datafiles.chinhphu.vn/cpp/files/vbpq/2017/10/39hnam.signed.pdf
23/2017/QĐ-UBND,15/09/2017,Quy định về tách thửa đất trên địa bàn tỉnh Bà Rịa - Vũng Tàu,https://datafiles.chinhphu.vn/cpp/files/vbpq/2017/10/23br-vt.signed.pdf
43/2017/QĐ-UBND,10/08/2017,"Ban hành Quy định lộ giới và các chỉ tiêu về quản lý quy hoạch, xây dựng đối với nhà ở, công trình riêng lẻ thuộc phạm vi đồ án quy hoạch chung thị trấn Bằng Lăng, huyện Đam Rông, tỉnh Lâm Đồng đến năm 2025",https://datafiles.chinhphu.vn/cpp/files/vbpq/2018/01/43ld.signed.pdf
19/2017/QĐ-UBND,07/08/2017,"Ban hành bộ đơn giá về tư liệu môi trường; lưu trữ tài liệu đất đai; xây dựng cơ sở dữ liệu tài nguyên và môi trường, xây dựng ứng dụng phần mềm hỗ trợ việc quản lý, khai thác cơ sở dữ liệu tài nguyên và môi trường trên địa bàn tỉnh Tiền Giang",https://datafiles.chinhphu.vn/cpp/files/vbpq/2018/01/19kg.signed.pdf
22/2017/QĐ-UBND,24/07/2017,"Sửa đổi, bổ sung bảng giá các loại đất, quy điịnh áp dụng đối với bảng giá các loại đất; quy định hỗ trợ khi Nhà nước thu hồi đất trên địa bàn tỉnh Đắk Lắk tại các Quyết định của UBND tỉnh",https://datafiles.chinhphu.vn/cpp/files/vbpq/2018/01/22dl.signed.pdf
16/2017/NQ-HĐND,14/07/2017,Về việc ban hành danh mục bổ sung dự án cần thu hồi đất và dự án có sử dụng đất trồng lúa năm 2017,https://datafiles.chinhphu.vn/cpp/files/vbpq/2018/01/16nq-ag.signed.pdf
15/2017/NQ-HĐND,14/07/2017,Về việc thông qua điều chỉnh quy hoạch sử dụng đất đến năm 2020 và kế hoạch sử dụng đất kỳ cuối (2016 - 2020) tỉnh An Giang,https://datafiles.chinhphu.vn/cpp/files/vbpq/2018/01/15nq-ag.signed.pdf
01/2017/NQ-HĐND,14/07/2017,"Về việc bãi bỏ Nghị quyết số 10/2012/NQ-HĐND ngày 25/7/2012 của Hội đồng nhân dân tỉnh về quy định mức thu, tỷ lệ điều tiết phí đấu giá tài sản, phí tham gia đấu giá tài sản; mức thu phí tham gia đấu giá quyền sử dụng đất trên địa bàn tỉnh Phú Thọ",https://datafiles.chinhphu.vn/cpp/files/vbpq/2018/01/01nq-ptho.signed.pdf
31/2017/NQ-HĐND,13/07/2017,"Về sửa đổi, bổ sung một số điều của Bảng giá đất 05 năm (2015 - 2019) trên địa bàn tỉnh Trà Vinh ban hành kèm theo Nghị quyết 15/2014/NQ-HĐND ngày 05/12/2014 của Hội đồng nhân dân tỉnh",https://datafiles.chinhphu.vn/cpp/files/vbpq/2018/07/31nq-tv.signed.pdf
27/2017/NQ-HĐND,13/07/2017,"Quy định Lệ phí cấp giấy chứng nhận quyền sử dụng đất, quyền sở hữu nhà, tài sản gắn liền với đất trên địa bàn tỉnh Trà Vinh",https://datafiles.chinhphu.vn/cpp/files/vbpq/2018/07/27nq-tv.signed.pdf
34/2017/QĐ-UBND,12/07/2017,Ban hành Quy định quy trình luân chuyển hồ sơ xác định nghĩa vụ tài chính về đất đai của người sử dụng đất trên địa bàn tỉnh Bến Tre,https://datafiles.chinhphu.vn/cpp/files/vbpq/2018/01/34btre.signed.pdf
41/2017/QĐ-UBND,05/07/2017,"Ban hành Quy định lộ giới và các chỉ tiêu chủ yếu về quản lý quy hoạch, xây dựng đối với nhà ở, công trình riêng lẻ trên địa bàn thị trấn Đinh Văn, huyện Lâm Hà, tỉnh Lâm Đồng",https://datafiles.chinhphu.vn/cpp/files/vbpq/2018/01/41ld.signed.pdf
23/2017/QĐ-UBND,30/06/2017,"Ban hành Quy định về việc cưỡng chế thi hành quyết định giải quyết tranh chấp đất đai, quyết định công nhận hòa giải thành trên địa bàn tỉnh Kiên Giang",https://datafiles.chinhphu.vn/cpp/files/vbpq/2018/01/23kg.signed.pdf
29/2017/QĐ-UBND,22/06/2017,"Về việc ban hành Đơn giá sản phẩm đo đạc bản đồ địa chính; đăng ký đất đai, tài sản gắn liền với đất, lập đồ sơ địa chính, cấp giấy chứng nhận quyền sử dụng đất, quyền sở hữu nhà ờ và tài sản khác gắn liền với đất",https://datafiles.chinhphu.vn/cpp/files/vbpq/2018/01/29ht.signed.pdf
14/2017/QĐ-UBND,19/06/2017,"Ban hành Quy định về tiêu chí xét duyệt đối tượng được mua, thuê, thuê mua nhà ở xã hội trên địa bàn tỉnh Cà Mau",https://datafiles.chinhphu.vn/cpp/files/vbpq/2017/11/14-cm.signed.pdf
16/2017/QĐ-UBND,16/06/2017,"Sửa đổi một số nội dung của Quy định một số chính sách bồi thường, hỗ trợ và tái định cư khi Nhà nước thu hồi đất trên địa bàn tỉnh Ninh Bình ban hành kèm theo Quyết định số 26/2014/QĐ-UBND ngày 19/9/2014 của UBND tỉnh Ninh Bình",https://datafiles.chinhphu.vn/cpp/files/vbpq/2017/10/16nb.signed.pdf
01/2017/QĐ-UBND,16/06/2017,Về việc điều chỉnh bảng giá các loại đất trên địa bàn 07 quận thành phố Hải Phòng 05 năm (2015-2019),https://datafiles.chinhphu.vn/cpp/files/vbpq/2018/01/01hp.signed.pdf
13/2017/QĐ-UBND,19/05/2017,"Sửa đổi, bổ sung một số điều của Quy định về bồi thường, hỗ trợ và tái định cư khi Nhà nước thu hồi đất trên địa bàn tỉnh Cà Mau ban hành kèm theo Quyết định số 62/2015/QĐ-UBND ngày 31 tháng 12 năm 2015 của Ủy ban nhân dân tỉnh Cà Mau",https://datafiles.chinhphu.vn/cpp/files/vbpq/2017/09/13cm.signed.pdf
10/2017/QĐ-UBND,19/04/2017,Ban hành Quy định chi tiết việc cưỡng chế thi hành quyết định giải quyết tranh chấp đất đai trên địa bàn tỉnh Cà Mau,https://datafiles.chinhphu.vn/cpp/files/vbpq/2017/05/10cm.signed.pdf
23/2017/QĐ-UBND,10/04/2017,"Ban hành Bảng hệ số điều chỉnh giá đất năm 2017 trên địa bàn huyện Cát Tiên, tỉnh Lâm Đồng",https://datafiles.chinhphu.vn/cpp/files/vbpq/2017/05/23ld.signed.pdf
22/2017/QĐ-UBND,10/04/2017,"Ban hành Bảng hệ số điều chỉnh giá đất năm 2017 trên địa bàn huyện Đạ Tẻh, tỉnh Lâm Đồng",https://datafiles.chinhphu.vn/cpp/files/vbpq/2017/05/22ld.signed.pdf
21/2017/QĐ-UBND,10/04/2017,"Ban hành Bảng hệ số điều chỉnh giá đất năm 2017 trên địa bàn huyện Đạ Huoai, tỉnh Lâm Đồng",https://datafiles.chinhphu.vn/cpp/files/vbpq/2017/05/21ld.signed.pdf
20/2017/QĐ-UBND,10/04/2017,"Ban hành Bảng hệ số điều chỉnh giá đất năm 2017 trên địa bàn huyện Đam Rông, tỉnh Lâm Đồng",https://datafiles.chinhphu.vn/cpp/files/vbpq/2017/05/20ld.signed.pdf
19/2017/QĐ-UBND,10/04/2017,"Ban hành Bảng hệ số điều chỉnh giá đất năm 2017 trên địa bàn huyện Lạc Dương, tỉnh Lâm Đồng",https://datafiles.chinhphu.vn/cpp/files/vbpq/2017/05/19ld.signed.pdf
18/2017/QĐ-UBND,10/04/2017,"Ban hành Bảng hệ số điều chỉnh giá đất năm 2017 trên địa bàn huyện Bảo Lâm, tỉnh Lâm Đồng",https://datafiles.chinhphu.vn/cpp/files/vbpq/2017/05/18ld.signed.pdf
17/2017/QĐ-UBND,10/04/2017,"Ban hành Bảng hệ số điều chỉnh giá đất năm 2017 trên địa bàn thành phố Đà Lạt, tỉnh Lâm Đồng",https://datafiles.chinhphu.vn/cpp/files/vbpq/2017/05/17ld.signed.pdf
13/2017/QĐ-UBND,31/03/2017,"Về việc ban hành một số quy định về đăng ký, cấp Giấy chứng nhận quyền sử dụng đất, quyền sở hữu nhà ở và tài sản khác gắn liền với đất; đăng ký biến động về sử dụng đất, sở hữu tài sản gắn liền với đất cho các tổ chức trên địa bàn thành phố Hà Nội",https://datafiles.chinhphu.vn/cpp/files/vbpq/2017/05/13-17.pdf
12/2017/QĐ-UBND,31/03/2017,"Ban hành Quy định một số nội dung về đăng ký, cấp Giấy chứng nhận quyền sử dụng đất, quyền sở hữu nhà ở và tài sản khác gắn liền với đất cho hộ gia đình, cá nhân, cộng đồng dân cư, người Việt Nam định cư ở nước ngoài, cá nhân nước ngoài; chuyển mục đích sử dụng đất vườn, ao liền kề và đất nông nghiệp xen kẹt trong khu dân cư sang đất ở trên địa bàn thành phố Hà Nội",https://datafiles.chinhphu.vn/cpp/files/vbpq/2017/05/12hnoi.signed.pdf
11/2017/QĐ-UBND,31/03/2017,"Về việc ban hành quy định một số nội dung về thu hồi đất, giao đất, cho thuê đất, chuyển mục đích sử dụng đất để thực hiện dự án đầu tư trên địa bàn thành phố Hà Nội",https://datafiles.chinhphu.vn/cpp/files/vbpq/2017/04/11-17.pdf
10/2017/QĐ-UBND,29/03/2017,"Ban hành quy định các nội dung thuộc thẩm quyền của Ủy ban nhân dân thành phố Hà Nội về bồi thường, hỗ trợ và tái định cư khi Nhà nước thu hồi đất trên địa bàn thành phố Hà Nội",https://datafiles.chinhphu.vn/cpp/files/vbpq/2017/04/10-17.pdf
07/2017/QĐ-UBND,29/03/2017,"Về việc ban hành Quy chế phối hợp giữa Văn phòng Đăng ký đất đai, Chi nhánh Văn phòng Đăng ký đất đai với Phòng Tài nguyên và Môi trường, UBND cấp huyện, cơ quan tài chính, cơ quan thuế và các cơ quan, đơn vị khác có liên quan trong việc thực hiện một số nhiệm vụ của Văn phòng Đăng ký đất đai trực thuộc Sở Tài nguyên và Môi trường tỉnh Ninh Bình",https://datafiles.chinhphu.vn/cpp/files/vbpq/2017/04/07-nb.signed.pdf
19/2017/QĐ-UBND,23/03/2017,Quy định về hệ số điều chỉnh giá đất năm 2017 trên địa bàn thành phố Hồ Chí Minh,https://datafiles.chinhphu.vn/cpp/files/vbpq/2017/05/19-17.signed.pdf
14/2017/QĐ-UBND,23/03/2017,"Về việc ban hành quy định giá bồi thường cây trồng, hoa màu gắn liền với đất khi Nhà nước thu hồi đất trên địa bàn tỉnh Đắk Lắk",https://datafiles.chinhphu.vn/cpp/files/vbpq/2017/04/14-dlak.signed.pdf
04/2017/QĐ-UBND,15/03/2017,"V/v Quy định hệ số điều chỉnh giá đất năm 2017 để xác định giá đất tính thu tiền sử dụng đất, tiền thuê đất, giá khởi điểm để đấu giá đất trên địa bàn tỉnh Ninh Bình",https://datafiles.chinhphu.vn/cpp/files/vbpq/2017/04/04nb.signed.pdf
08/2017/QĐ-UBND,10/03/2017,Về việc quy định Hệ số điều chỉnh giá đất năm 2017 trên địa bàn tỉnh Hà Tĩnh,https://datafiles.chinhphu.vn/cpp/files/vbpq/2017/04/08ht.signed.pdf
09/2017/QĐ-UBND,09/03/2017,"Ban hành Quy định về trình tự, thủ tục giải quyết tranh chấp đất đai trên địa bàn tỉnh An Giang",https://datafiles.chinhphu.vn/cpp/files/vbpq/2017/04/09-ag.signed.pdf
06/2017/QĐ-UBND,03/03/2017,"Về việc Ban hành giá xây dựng mới nhà ở, nhà tạm, vật kiến trúc làm cơ sở xác định giá trị bồi thường, hỗ trợ khi nhà nước thu hồi đất trên địa bàn thành phố Hà Nội",https://datafiles.chinhphu.vn/cpp/files/vbpq/2017/04/06-17.pdf
11/2017/QĐ-UBND,27/02/2017,"Ban hành Bàng giá đất điều chỉnh trên địa bàn huyện Đơn Dương, tỉnh Lâm Đồng áp dụng trong chu kỳ theo Quyết định số 69/2014/QĐ-UBND ngày 19 tháng 12 năm 2014 của UBND tỉnh Lâm Đồng ban hành Bảng giá các loại đất trên địa bàn các huyện, thành phố Bảo Lộc và thành phố Đà Lạt - tỉnh Lâm Đồng",https://datafiles.chinhphu.vn/cpp/files/vbpq/2017/03/11ld.signed.pdf
10/2017/QĐ-UBND,27/02/2017,"Điều chỉnh, bổ sung Bảng giá các loại đất trên địa bàn thành phố Bảo Lộc, tỉnh Lâm Đồng ban hành kèm theo Quyết định số 69/2014/QĐ-UBND ngày 19 tháng 12 năm 2014 của UBND tỉnh Lâm Đồng ban hành Bảng giá các loại đất trên địa bàn các huyện, thành phố Bảo Lộc và thành phố Đà Lạt - tỉnh Lâm Đồng",https://datafiles.chinhphu.vn/cpp/files/vbpq/2017/03/10ld.signed.pdf
09/2017/QĐ-UBND,27/02/2017,"Điều chỉnh, bổ sung Bảng giá các loại đất trên địa bàn huyện Di Linh, tỉnh Lâm Đồng ban hành kèm theo Quyết định số 69/2014/QĐ-UBND ngày 19 tháng 12 năm 2014 của UBND tỉnh Lâm Đồng ban hành Bảng giá các loại đất trên địa bàn các huyện, thành phố Bảo Lộc và thành phố Đà Lạt - tỉnh Lâm Đồng",https://datafiles.chinhphu.vn/cpp/files/vbpq/2017/03/09ld.signed.pdf
08/2017/QĐ-UBND,27/02/2017,"Về việc sửa đổi, bổ sung một số điều của Quy định Bảng giá các loại đất trên địa bàn tỉnh Bến Tre giai đoạn 2015 - 2019 ban hành kèm theo Quyết định số 35/2014/QĐ-UBND ngày 19 tháng 12 năm 2014 của Ủy ban nhân dân tỉnh Bến Tre",https://datafiles.chinhphu.vn/cpp/files/vbpq/2017/04/08btre.signed.pdf
08/2017/QĐ-UBND,27/02/2017,"Điều chỉnh, bổ sung Bàng giá các loại đất trên địa bàn huyện Lâm Hà, tỉnh Lâm Đồng ban hành kèm theo Quyết định số 69/2014/QĐ-UBND ngày 19 tháng 12 năm 2014 của UBND tỉnh Lâm Đồng ban hành Bảng giá các loại đất trên địa bàn các huyện, thành phố Bảo Lộc và thành phố Đà Lạt - tỉnh Lâm Đồng",https://datafiles.chinhphu.vn/cpp/files/vbpq/2017/03/08ld.signed.pdf
07/2017/QĐ-UBND,27/02/2017,"Ban hành Bàng giá đất điều chỉnh trên địa bàn huyện Đức Trọng, tỉnh Lâm Đồng áp dụng trong chu kỳ theo Quyết định số 69/2014/QĐ-UBND ngày 19 tháng 12 năm 2014 của UBND tỉnh Lâm Đồng ban hành Bảng giá các loại đất trên địa bàn các huyện, thành phố Bảo Lộc và thành phố Đà Lạt - tỉnh Lâm Đồng",https://datafiles.chinhphu.vn/cpp/files/vbpq/2017/03/07ld.signed.pdf
04/2017/QĐ-UBND,24/02/2017,Ban hành quy định về đấu giá quyền sử dụng đất để giao đất có thu tiền sử dụng đất hoặc cho thuê đất trên địa bàn thành phố Hà Nội.,https://datafiles.chinhphu.vn/cpp/files/vbpq/2017/04/04-17.pdf
05/2017/QĐ-UBND,23/01/2017,Về việc quy định hệ số điều chỉnh giá đất làm cơ sở xác định nghĩa vụ tài chính đối với người sử dụng đất trên địa bàn tỉnh Bến Tre năm 2017,https://datafiles.chinhphu.vn/cpp/files/vbpq/2017/03/05bt.signed.pdf
04/2017/QĐ-UBND,20/01/2017,"Về ban hành bộ Đơn giá sản phẩm đo đạc bản đồ, xây dựng cơ sở dữ liệu địa chính và đăng ký cấp giấy chứng nhận quyền sử dụng đất, quyền sở hữu nhà ở và tài sản khác gắn liền với đất trên địa bàn Thành phố Hồ Chí Minh",https://datafiles.chinhphu.vn/cpp/files/vbpq/2017/05/04-17.signed.pdf
01/2017/QĐ-UBND,03/01/2017,"Ban hành hệ số K điều chỉnh giá đất đối với nhà ở cũ riêng lẻ thuộc sở hữu nhà nước có khả năng sinh lợi cao tại vị trí mặt đường, mặt phố khi bán nhà và cấp Giấy chứng nhận quyền sử dụng đất, quyền sở hữu nhà ở và tài sản khác gắn liền với đất trên địa bàn thành phố Hà Nội.",https://datafiles.chinhphu.vn/cpp/files/vbpq/2017/04/01-17.pdf
48/2016/QĐ-UBND,30/12/2016,Về hệ số điều chỉnh giá đất năm 2017 trên địa bàn tỉnh Vĩnh Phúc,https://datafiles.chinhphu.vn/cpp/files/vbpq/2017/03/48vp.signed.pdf
57/2016/QĐ-UBND,29/12/2016,"Sửa đổi, bổ sung một số nội dung quy định ban hành kèm theo Quyết định số 72/2014/QĐ-UBND ngày 24/10/2014 của UBND tỉnh",https://datafiles.chinhphu.vn/cpp/files/vbpq/2017/03/57-ht.signed.pdf
41/2016/QĐ-UBND,28/12/2016,"Điều chỉnh, bổ sung Bảng giá đất 05 năm (2015-2019) trên địa bàn tỉnh Phú Thọ ban hành kèm theo Quyết định số 24/2014/QĐ-UBND ngày 29/12/2014 của UBND tỉnh Phú Thọ",https://datafiles.chinhphu.vn/cpp/files/vbpq/2017/03/41-pt.signed.pdf
103/2016/QĐ-UBND,23/12/2016,Ban hành Quy định về định mức sử dụng đất trên địa bàn tỉnh An Giang,https://datafiles.chinhphu.vn/cpp/files/vbpq/2017/03/103-ag.signed.pdf
54/2016/QĐ-UBND,23/12/2016,"Ban hành Đơn giá bồi thường nhà, vật kiến trúc, công trình xây dựng khác và di chuyển mồ mả khi Nhà nước thu hồi đất trên địa bàn tỉnh Hà Nam năm 2017",https://datafiles.chinhphu.vn/cpp/files/vbpq/2017/02/54hn.signed.pdf
59/2016/QĐ-UBND,21/12/2016,"Ban hành Quy định việc thu nộp, quản lý, sử dụng kinh phí để bảo vệ, phát triển đất trồng lúa khi chuyển mục đích đất chuyên trồng lúa nước sang đất phi nông nghiệp trên địa bàn tỉnh Hà Nam",https://datafiles.chinhphu.vn/cpp/files/vbpq/2017/03/59-hn.signed.pdf
54/2016/QĐ-UBND,21/12/2016,"Ban hành Đơn giá bồi thường nhà, vật kiến trúc, công trình xây dựng khác và di chuyển mồ mả khi Nhà nước thu hồi đất trên địa bàn tỉnh Hà Nam năm 2017",https://datafiles.chinhphu.vn/cpp/files/vbpq/2017/03/54-hn.signed.pdf
41/2016/QĐ-UBND,19/12/2016,Ban hành bổ sung giá đất vào Bảng giá các loại đất năm 2015 ban hành kèm theo Quyết định số 31/2014/QĐ-UBND ngày 19/12/2014 của Ủy ban nhân dân tỉnh Cà Mau,https://datafiles.chinhphu.vn/cpp/files/vbpq/2017/03/41-cm.signed.pdf
39/2016/QĐ-UBND,16/12/2016,V/v quy định hệ số điều chỉnh giá đất năm 2017 trên địa bàn tỉnh Phú Thọ,https://datafiles.chinhphu.vn/cpp/files/vbpq/2017/03/39pt.signed.pdf
31/2016/NQ-HĐND,14/12/2016,Về việc chấp thuận danh mục dự án phải thu hồi đất và phê duyệt danh mục dự án không thuộc diện thu hồi đất nhưng chuyển mục đích sử dụng dưới 10 ha đất trồng lúa vào mục đích khác thuộc kế hoạch sử dụng đất năm 2017 trên địa bàn tỉnh Nam Định,https://datafiles.chinhphu.vn/cpp/files/vbpq/2017/02/31nq-nd.signed.pdf
44/2016/QĐ-UBND,12/12/2016,"Về việc điều chỉnh, bổ sung giá các loại đất trên địa bàn tỉnh Vĩnh Phúc đã được phê duyệt tại Quyết định số 61/2014/QĐ-UBND ngày 31/12/2014 của UBND tỉnh Vĩnh Phúc",https://datafiles.chinhphu.vn/cpp/files/vbpq/2017/03/44vp.signed.pdf
51/2016/NQ-HĐND,09/12/2016,"Về việc ban hành danh mục dự án cần thu hồi đất và dự án có sử dụng đất trồng lúa, đất rừng phòng hộ năm 2017",https://datafiles.chinhphu.vn/cpp/files/vbpq/2017/04/51hdnd-ag.signed.pdf
52/2016/QĐ-UBND,06/12/2016,"Bổ sung giá đất một số đoạn đường, tuyến đường vào Mục B - Bảng phân loại đường và giá đất ở đô thị ban hành kèm theo Quyết định số 41/2014/QĐ-UBND ngày 30/12/2014 của UBND tỉnh về việc ban hành bảng giá các loại đất trên địa bàn thành phố Pleiku năm 2015 (áp dụng trong giai đoạn 2015-2019)",https://datafiles.chinhphu.vn/cpp/files/vbpq/2017/04/52gl.signed.pdf
51/2016/QĐ-UBND,06/12/2016,"Bổ sung giá đất một số đoạn đường, tuyến đường vào Mục B - Bảng phân loại đường và giá đất ở đô thị ban hành kèm theo Quyết định số 26/2014/QĐ-UBND ngày 30/12/2014 của UBND tỉnh về việc ban hành bảng giá các loại đất trên địa bàn thị xã Ayun Pa, tỉnh Gia Lai năm 2015 (áp dụng trong giai đoạn 2015-2019)",https://datafiles.chinhphu.vn/cpp/files/vbpq/2017/04/51gl.signed.pdf
47/2016/QĐ-UBND,08/11/2016,Về việc phê duyệt mức hỗ trợ tự lo tái định cư bằng tiền đối với trường hợp được bố trí nhà tái định cư,https://datafiles.chinhphu.vn/cpp/files/vbpq/2017/04/47hnoi.signed.pdf
33/2016/QĐ-UBND,31/10/2016,"Sửa đổi Điều 5, Quy chế phối hợp giữa Trung tâm Phát triển quỹ đất tỉnh Cà Mau với các cơ quan, đơn vị có liên quan trong công tác bồi thường, hỗ trợ và tái định cư; quản lý và khai thác quỹ đất; đấu giá quyền sử dụng đất trên địa bàn tỉnh Cà Mau ban hành kèm theo Quyết định số 10/2016/QĐ-UBND ngày 28 tháng 4 năm 2016 của Ủy ban nhân dân tỉnh Cà Mau",https://datafiles.chinhphu.vn/cpp/files/vbpq/2017/04/33cm.signed.pdf
70/2016/QĐ-UBND,14/10/2016,"Về việc ban hành Quy định việc lập dự toán, sử dụng và thanh quyết toán kinh phí tổ chức thực hiện bồi thường, hỗ trợ, tái định cư khi Nhà nước thu hồi đất trên địa bàn tỉnh An Giang",https://datafiles.chinhphu.vn/cpp/files/vbpq/2017/03/70ag.signed.pdf
135/2016/NĐ-CP,09/09/2016,"Sửa đổi, bổ sung một số điều của các Nghị định quy định về thu tiền sử dụng đất, thu tiền thuê đất, thuế mặt nước",https://datafiles.chinhphu.vn/cpp/files/vbpq/2016/09/135.signed.pdf
43/2016/QĐ-UBND,05/08/2016,"Ban hành Quy định lộ giới và các chỉ tiêu chủ yếu về quản lý quy hoạch, xây dựng đối với nhà ờ, công trình riêng lẻ trên địa bàn thị trấn Mađaguôi, huyện Đạ Huoai, tỉnh Lâm Đồng",https://datafiles.chinhphu.vn/cpp/files/vbpq/2017/03/43ld.signed.pdf
37/2016/QĐ-UBND,05/08/2016,"Về việc ban hành Quy định trình tự, thủ tục xét duyệt và tiêu chí lựa chọn đối tượng mua, thuê, thuê mua nhà ở xã hội trên địa bàn tỉnh An Giang",https://datafiles.chinhphu.vn/cpp/files/vbpq/2017/03/37ag.signed.pdf
20/2016/QĐ-UBND,05/08/2016,Ban hành Quy chế đấu giá quyền sử dụng đất để giao đất có thu tiền sử dụng đất hoặc cho thuê đất trên địa bàn tỉnh Ninh Bình,https://datafiles.chinhphu.vn/cpp/files/vbpq/2017/03/20nb.signed.pdf
15/2016/NQ-HĐND,04/08/2016,"Về việc Quy định mức thu tiền bảo vệ, phát triển đất chuyên trồng lúa trên địa bàn tỉnh Ninh Bình",https://datafiles.chinhphu.vn/cpp/files/vbpq/2017/03/15hdnd-nb.signed.pdf
23/2016/NQ-HĐND,03/08/2016,Về việc ban hành danh mục bổ sung dự án cần thu hồi đất và dự án có sử dụng đất trồng lúa năm 2016,https://datafiles.chinhphu.vn/cpp/files/vbpq/2017/03/23hdnd-ag.signed.pdf
17/2016/NQ-HĐND,21/07/2016,Quy định tỷ lệ điều tiết khoản thu tiền đấu giá quyền sử dụng đất các khu đô thị tại thị trấn trung tâm các huyện trên địa bàn tỉnh,https://datafiles.chinhphu.vn/cpp/files/vbpq/2017/03/17-nd.signed.pdf
79/2016/NĐ-CP,01/07/2016,"Quy định điều kiện kinh doanh dịch vụ đào tạo, bồi dưỡng kiến thức chuyên môn, nghiệp vụ quản lý nhà chung cư, kiến thức hành nghề môi giới bất động sản, điều hành sàn giao dịch bất động sản",https://datafiles.chinhphu.vn/cpp/files/vbpq/2016/07/79.signed.pdf
31/2016/QĐ-UBND,30/06/2016,Về việc ban hành Quy chế đấu giá quyền sử dụng đất để giao đất có thu tiền sử dụng đất hoặc cho thuê đất áp dụng trên địa bàn tỉnh An Giang,https://datafiles.chinhphu.vn/cpp/files/vbpq/2017/02/31ag.signed.pdf
03/2016/NQ-HĐND,23/06/2016,"Về việc phê duyệt mức thu tiền bảo vệ, phát triển đất trồng lúa khi chuyển từ đất chuyên trồng lúa nước sang sử dụng vào mục đích phi nông nghiệp trên địa bàn tỉnh Trà Vinh",https://datafiles.chinhphu.vn/cpp/files/vbpq/2017/03/03-tv.signed.pdf
26/2016/QĐ-UBND,31/05/2016,Về việc ban hành hệ số điều chỉnh giá đất áp dụng năm 2016 trên địa bàn tỉnh An Giang,https://datafiles.chinhphu.vn/cpp/files/vbpq/2016/12/26ag.signed.pdf
23/2016/QĐ-UBND,24/05/2016,Về việc bổ sung Quy định về thời hạn áp dụng đối với giá đất tại Quyết định số 43/2014/QĐ-UBND ngày 22/12/2014 của UBND tỉnh Ban hành quy định bảng giá các loại đất trên địa bàn tỉnh Đắk Lắk,https://datafiles.chinhphu.vn/cpp/files/vbpq/2016/12/23dlak.signed.pdf
09/2016/QĐ-UBND,20/05/2016,"Ban hành Quy định mức trích, nội dung chi và mức chi cho công tác tổ chức thực hiện bồi thường, hỗ trợ, tái định cư khi Nhà nước thu hồi đất trên địa bàn tỉnh Bắc Kạn",https://datafiles.chinhphu.vn/cpp/files/vbpq/2016/09/09-bk.signed.pdf
28/2016/QĐ-UBND,18/05/2016,"Về việc sửa đổi, bổ sung một số điều của bản Quy định về giao đất xây dựng nhà ở, hạn mức giao đất ở, hạn mức công nhận diện tích đất ở và diện tích chia, tách thửa đất ở tối thiểu; hạn mức giao đất trống đồi núi trọc, đất có mặt nước thuộc nhóm đất chưa sử dụng cho hộ gia đình, cá nhân trên địa bàn tỉnh Vĩnh Phúc ban hành kèm theo Quyết định số 42/2014/QĐ-UBND ngày 15/9/2014 của UBND tỉnh Vĩnh Phúc",https://datafiles.chinhphu.vn/cpp/files/vbpq/2016/12/28vp.signed.pdf
20/2016/QĐ-UBND,17/05/2016,Về việc quy định hạn mức công nhận quyền sử dụng đất nông nghiệp do tự khai hoang trên địa bàn tỉnh Bến Tre,https://datafiles.chinhphu.vn/cpp/files/vbpq/2016/09/20-bt.signed.pdf
14/2016/QĐ-UBND,16/05/2016,"Sửa đổi, bổ sung một số nội dung Quy định và Bảng giá đất ban hành kèm theo Quyết định số 50/2014/QĐ-UBND của Ủy ban nhân dân tỉnh Hà Nam",https://datafiles.chinhphu.vn/cpp/files/vbpq/2016/09/14-hn.signed.pdf
11/2016/QĐ-UBND,05/05/2016,Ban hành Quy chế đấu giá quyền sử dụng đất để giao đất có thu tiền sử dụng đất hoặc cho thuê đất trên địa bàn tỉnh Quảng Nam,https://datafiles.chinhphu.vn/cpp/files/vbpq/2016/09/11-qn.signed.pdf
10/2016/QĐ-UBND,28/04/2016,"Ban hành Quy chế phối hợp giữa Trung tâm Phát triển quỹ đất tỉnh Cà Mau với các cơ quan, đơn vị có liên quan trong công tác bồi thường, hỗ trợ và tái định cư; quản lý và khai thác quỹ đất; đấu giá quyền sử dụng đất trên địa bàn tỉnh Cà Mau",https://datafiles.chinhphu.vn/cpp/files/vbpq/2016/12/10cm.signed.pdf
15/2016/QĐ-UBND,20/04/2016,"Về việc sửa đổi, bổ sung một số điều của Quy định ban hành kèm theo Quyết định số 23/2014/QĐ-UBND ngày 20/6/2014 của UBND Thành phố",https://datafiles.chinhphu.vn/cpp/files/vbpq/2016/11/15-16.pdf
13/2016/QĐ-UBND,14/04/2016,"Về việc: sửa đổi, bổ sung một số điều, khoản của bản Quy định ban hành kèm theo Quyết định số 21/2014/QĐ-UBND ngày 20/6/2014 của UBND Thành phố về thu hồi đất, giao đất, cho thuê đất, chuyển mục đích sử dụng đất để thực hiện dự án đấu tư trên địa bàn thành phố Hà Nội.",https://datafiles.chinhphu.vn/cpp/files/vbpq/2016/11/13-16.pdf
06/2016/QĐ-UBND,14/04/2016,"Bổ sung một số nội dung Quy định về bồi thường, hỗ trợ và tái định cư khi nhà nước thu hồi đất trên địa bàn tỉnh Hà Nam ban hành kèm theo Quyết định số 38/2014/QĐ-UBND ngày 12 tháng 9 năm 2014 của Ủy ban nhân dân tỉnh",https://datafiles.chinhphu.vn/cpp/files/vbpq/2016/08/06-hn.signed.pdf
09/2016/QĐ-UBND,25/03/2016,Quy định về hệ số điều chỉnh giá đất năm 2016 trên địa bàn Thành phố Hồ Chí Minh,https://datafiles.chinhphu.vn/cpp/files/vbpq/2016/04/09hcm.signed.pdf
06/2016/QĐ-UBND,25/03/2016,"V/v Quy định hệ số điều chỉnh giá đất năm 2016 để xác định giá đất tính thu tiền sử dụng đất, tiền thuê đất trên địa bàn tỉnh Ninh Bình",https://datafiles.chinhphu.vn/cpp/files/vbpq/2016/04/06.signed.pdf
20/2016/QĐ-UBND,18/03/2016,Ban hành Quy chế đấu giá quyền sử dụng đất ở do nhà nước quản lý để giao đất có thu tiền sử dụng đất hoặc cho thuê đất trên địa bàn tỉnh Thừa Thiên Huế,https://datafiles.chinhphu.vn/cpp/files/vbpq/2016/08/20tth.signed.pdf
19/2016/QĐ-UBND,18/03/2016,Ban hành Quy chế đấu giá quyền sử dụng đất để giao đất có thu tiền sử dụng đất hoặc cho thuê đất thực hiện dự án đầu tư trên địa bàn tỉnh Thừa Thiên Huế,https://datafiles.chinhphu.vn/cpp/files/vbpq/2016/08/19tth.signed.pdf
08/2016/QĐ-UBND,09/03/2016,"Ban hành Quy định về nguồn, mức trích kinh phí, nội dung chi, mức chi, mức chi tổ chức thực hiện bồi thường, hỗ trợ và tái định cư khi Nhà nước thu hồi đất trên địa bàn tỉnh Đắk Lắk",https://datafiles.chinhphu.vn/cpp/files/vbpq/2016/03/08dl.signed.pdf
11/2016/QĐ-TTg,07/03/2016,"Quy định việc quản lý, sử dụng số tiền thu được từ sắp xếp nhà, đất tại các đơn vị thuộc Bộ Công an",https://datafiles.chinhphu.vn/cpp/files/vbpq/2016/03/11.signed.pdf
05/2016/QĐ-UBND,07/03/2016,"V/v sửa đổi, bổ sung Quy chế đấu giá quyền sử dụng đất khi nhà nước giao đất có thu tiền sử dụng đất hoặc cho thuê đất trên địa bàn tỉnh",https://datafiles.chinhphu.vn/cpp/files/vbpq/2016/04/05bn.signed.pdf
10/2016/QĐ-UBND,01/03/2016,"Ban hành đơn giá lập, điều chỉnh quy hoạch, kế hoạch sử dụng đất trên địa bàn tỉnh Bình Phước",https://datafiles.chinhphu.vn/cpp/files/vbpq/2016/04/10bp.signed.pdf
09/2016/QĐ-UBND,01/03/2016,"Ban hành Đơn giá đo đạc địa chính, đăng ký đất đai, tài sản gắn liền với đất, lập hồ sơ địa chính, cấp giấy chứng nhận quyền sử dụng đất, quyền sở hữu nhà ở và tài sản khác gắn liền với đất, xây dựng cơ sở dữ liệu địa chính trên địa bàn tỉnh Bình Phước",https://datafiles.chinhphu.vn/cpp/files/vbpq/2016/04/09bp.signed.pdf
06/2016/QĐ-UBND,29/02/2016,Về việc ban hành đơn giá định giá đất cụ thể trên địa bàn tỉnh Bình Dương,https://datafiles.chinhphu.vn/cpp/files/vbpq/2016/04/06bd.signed.pdf
06/2016/QĐ-UBND,26/02/2016,"Về việc điều chỉnh, bổ sung mức giá các loại đất định kỳ 05 năm (2015-2019)",https://datafiles.chinhphu.vn/cpp/files/vbpq/2016/03/06ct.signed.pdf
11/2016/QĐ-UBND,25/02/2016,Về việc quy định hệ số điều chỉnh giá đất làm cơ sở xác định nghĩa vụ tài chính đối với người sử dụng đất trên địa bàn tỉnh Bến Tre năm 2016,https://datafiles.chinhphu.vn/cpp/files/vbpq/2016/03/11bt.signed.pdf
05/2016/QĐ-UBND,23/02/2016,Ban hành Quy chế đấu giá quyền sử dụng đất để giao đất có thu tiền sử dụng đất hoặc cho thuê đất trên địa bàn tỉnh Hòa Bình,https://datafiles.chinhphu.vn/cpp/files/vbpq/2016/07/05-hb.signed.pdf
21/2016/QĐ-UBND,05/02/2016,"Ban hành Bảng hệ số điều chỉnh giá đất năm 2016 trên địa bàn huyện Cát Tiên, tỉnh Lâm Đồng",https://datafiles.chinhphu.vn/cpp/files/vbpq/2016/03/21ld.signed.pdf
20/2016/QĐ-UBND,05/02/2016,"Ban hành Bảng hệ số điều chỉnh giá đất năm 2016 trên địa bàn huyện Đạ Tẻh, tỉnh Lâm Đồng",https://datafiles.chinhphu.vn/cpp/files/vbpq/2016/03/20ld.signed.pdf
19/2016/QĐ-UBND,05/02/2016,"Ban hành Bảng hệ số điều chỉnh giá đất năm 2016 trên địa bàn huyện Đạ Huoai, tỉnh Lâm Đồng",https://datafiles.chinhphu.vn/cpp/files/vbpq/2016/03/19ld.signed.pdf
18/2016/QĐ-UBND,05/02/2016,"Ban hành Bảng hệ số điều chỉnh giá đất năm 2016 trên địa bàn huyện Bảo Lâm, tỉnh Lâm Đồng",https://datafiles.chinhphu.vn/cpp/files/vbpq/2016/03/18ld.signed.pdf
17/2016/QĐ-UBND,05/02/2016,"Ban hành Bảng hệ số điều chỉnh giá đất năm 2016 trên địa bàn huyện Di Linh, tỉnh Lâm Đồng",https://datafiles.chinhphu.vn/cpp/files/vbpq/2016/03/17ld.signed.pdf
16/2016/QĐ-UBND,05/02/2016,"Ban hành Bảng hệ số điều chỉnh giá đất năm 2016 trên địa bàn huyện Lâm Hà, tỉnh Lâm Đồng",https://datafiles.chinhphu.vn/cpp/files/vbpq/2016/03/16ld.signed.pdf
15/2016/QĐ-UBND,05/02/2016,"Ban hành Bảng hệ số điều chỉnh giá đất năm 2016 trên địa bàn huyện Đơn Dương, tỉnh Lâm Đồng",https://datafiles.chinhphu.vn/cpp/files/vbpq/2016/03/15ld.signed.pdf
14/2016/QĐ-UBND,05/02/2016,"Ban hành Bảng hệ số điều chỉnh giá đất năm 2016 trên địa bàn huyện Đức Trọng, tỉnh Lâm Đồng",https://datafiles.chinhphu.vn/cpp/files/vbpq/2016/03/14ld.signed.pdf
13/2016/QĐ-UBND,05/02/2016,"Ban hành Bảng hệ số điều chỉnh giá đất năm 2016 trên địa bàn huyện Đam Rông, tỉnh Lâm Đồng",https://datafiles.chinhphu.vn/cpp/files/vbpq/2016/03/13ld.signed.pdf
12/2016/QĐ-UBND,05/02/2016,"Ban hành Bảng hệ số điều chỉnh giá đất năm 2016 trên địa bàn huyện Lạc Dương, tỉnh Lâm Đồng",https://datafiles.chinhphu.vn/cpp/files/vbpq/2016/03/12ld.signed.pdf
11/2016/QĐ-UBND,05/02/2016,"Ban hành Bảng hệ số điều chỉnh giá đất năm 2016 trên địa bàn thành phố Bảo Lộc, tỉnh Lâm Đồng",https://datafiles.chinhphu.vn/cpp/files/vbpq/2016/03/11ld.signed.pdf
10/2016/QĐ-UBND,05/02/2016,"Ban hành Bảng hệ số điều chỉnh giá đất năm 2016 trên địa bàn thành phố Đà Lạt, tỉnh Lâm Đồng",https://datafiles.chinhphu.vn/cpp/files/vbpq/2016/03/10ld.signed.pdf
09/2016/QĐ-UBND,05/02/2016,Về hệ số điều chỉnh giá đất năm 2016 trên địa bàn tỉnh VĨnh Phúc,https://datafiles.chinhphu.vn/cpp/files/vbpq/2016/03/09vp.signed.pdf
06/2016/QĐ-UBND,01/02/2016,"Ban hành Quy định cưỡng chế thi hành quyết định giải quyết tranh chấp đất đai, quyết định công nhận hòa giải thành trong lĩnh vực đất đai",https://datafiles.chinhphu.vn/cpp/files/vbpq/2016/03/06bt.signed.pdf
10/2016/QĐ-UBND,29/01/2016,Quy định Hệ số điều chỉnh giá đất năm 2016 áp dụng trên địa bàn tỉnh Thừa Thiên Huế,https://datafiles.chinhphu.vn/cpp/files/vbpq/2016/03/10tth.signed.pdf
03/2016/QĐ-UBND,18/01/2016,"Ban hành quy định về trình tự, thủ tục thu hồi đất do vi phạm pháp luật sử dụng đất đai trên địa bàn tỉnh Bà Rịa - Vũng Tàu",https://datafiles.chinhphu.vn/cpp/files/vbpq/2016/04/03vt.signed.pdf
39/2015/QĐ-UBND,31/12/2015,"Ban hành Bộ đơn giá đo đạc địa chính, đăng ký đất đai và tài sản gắn liền với đất, cấp Giấy chứng nhận quyền sử dụng đất, quyền sở hữu nhà ở và tài sản khác gắn liền với đất và lập hồ sơ địa chính trên địa bàn tỉnh Bến Tre",https://datafiles.chinhphu.vn/cpp/files/vbpq/2016/02/39-.signed.pdf
49/2015/QĐ-UBND,25/12/2015,"Về việc bổ sung khoản 1, Điều 2 Quyết định số 37/2014/QĐ-UBND ngày 31/12/2014 của Ủy ban nhân dân tỉnh về việc Quy định tỷ lệ phần trăm (%) để tính đơn giá thuê đất, đơn giá thuê đất đối với đất có mặt nước, đơn giá thuê đất để xây dựng công trình ngầm trên địa bàn tỉnh Cà Mau",https://datafiles.chinhphu.vn/cpp/files/vbpq/2016/01/49-cm.signed.pdf
23/2015/QĐ-UBND,23/12/2015,V/v quy định hệ số điều chỉnh giá đất năm 2016 trên địa bàn tỉnh Phú Thọ,https://datafiles.chinhphu.vn/cpp/files/vbpq/2016/01/23-pt.signed.pdf
68/2015/QĐ-UBND,22/12/2015,"Ban hành đơn giá nhà, công trình, vật kiến trúc và các loại mồ mả làm căn cứ bồi thường, hỗ trợ khi Nhà nước thu hồi đất trên địa bàn tỉnh Thừa Thiên Huế",https://datafiles.chinhphu.vn/cpp/files/vbpq/2016/03/68.signed.pdf
67/2015/QĐ-UBND,22/12/2015,"Quy định đơn giá cây trồng, vật nuôi làm cơ sở xác định giá trị bồi thường, hỗ trợ khi nhà nước thu hồi đất trên địa bàn tỉnh Thừa Thiên Huế",https://datafiles.chinhphu.vn/cpp/files/vbpq/2016/03/67.signed.pdf
40/2015/QĐ-UBND,21/12/2015,"Ban hành quy định đơn giá thuê đất, thuê mặt nước trên địa bàn tỉnh Quảng Nam",https://datafiles.chinhphu.vn/cpp/files/vbpq/2016/01/40-qn.signed.pdf
37/2015/QĐ-UBND,18/12/2015,"Ban hành Quy định về đăng ký đất đai, nhà ở và tài sản khác gắn liền với đất; công nhận quyền sử dụng đất; cấp Giấy chứng nhận quyền sử dụng đất, quyền sở hữu nhà ở và tài sản khác gắn liền với đất; đăng ký biến động về sử dụng đất, nhà ở và tài sản khác gắn liền với đất cho hộ gia đình, cá nhân, cộng đồng dân cư, người Việt Nam định cư ở nước ngoài, cá nhân nước ngoài; chuyển mục đích sử dụng đất vườn, ao liền kề và đất nông nghiệp xen kẹt trong khu dân cư sang đất ở trên địa bàn thành phố Hà Nội",https://datafiles.chinhphu.vn/cpp/files/vbpq/2016/01/37hn.pdf
40/2015/QĐ-UBND,16/12/2015,"Về việc Quy định mức trích và tỷ lệ phân chia kinh phí tổ chức thực hiện bồi thường, hỗ trợ, tái định cư khi Nhà nước thu hồi đất trên địa bàn tỉnh Đắk Nông",https://datafiles.chinhphu.vn/cpp/files/vbpq/2016/03/40.signed.pdf
17/2015/NQ-HĐND,16/12/2015,Về việc chấp thuận danh mục các dự án phải thu hồi đất và phê duyệt danh mục các dự án được phép chuyển mục đích sử dụng đất không thuộc diện thu hồi đất nhưng sử dụng đất trồng lúa dưới 10 ha thuộc kế hoạch sử dụng đất năm 2016 trên địa bàn tỉnh Nam Định,https://datafiles.chinhphu.vn/cpp/files/vbpq/2016/01/17.signed.pdf
61/2015/TT-BTNMT,15/12/2015,Quy định về cấp và quản lý Chứng chỉ định giá đất,https://datafiles.chinhphu.vn/cpp/files/vbpq/2016/03/61-btnmt.signed.pdf
54/2015/QĐ-UBND,10/12/2015,"Ban hành Quy định về hạn mức giao đất để xây dựng nhà ở; hạn mức công nhận diện tích đất ở và xác định diện tích đất ở để tính bồi thường, hỗ trợ khi Nhà nước thu hồi đất và cấp Giấy chứng nhận quyền sử dụng đất, quyền sở hữu nhà ở và tài sản khác gắn liền với đất đối với hộ gia đình, cá nhân và quy định về diện tích tối thiểu được tách thửa đối với đất ở trên địa bàn tỉnh Quảng Ngãi",https://datafiles.chinhphu.vn/cpp/files/vbpq/2015/12/54-qn.signed.pdf
26/2015/NQ-HĐND,10/12/2015,"Về việc ban hành chính sách cấp lại khoản thu từ giao đất, đấu giá quyền sử dụng đất cho các xã được công nhận ""Xã đạt chuẩn nông thôn mới"" giai đoạn 2011 - 2016",https://datafiles.chinhphu.vn/cpp/files/vbpq/2016/01/26.signed_01.pdf
53/2015/QĐ-UBND,04/12/2015,"Ban hành Quy định về việc lập dự toán, sử dụng và thanh quyết toán kinh phí tổ chức thực hiện bồi thường, hỗ trợ và tái định cư khi Nhà nước thu hồi đất trên địa bàn tỉnh Bình Dương",https://datafiles.chinhphu.vn/cpp/files/vbpq/2015/12/53-bd.signed.pdf
36/2015/QĐ-UBND,10/11/2015,"Ban hành Quy định về lập dự toán, sử dụng và thanh quyết toán kinh phí tổ chức thực hiện bồi thường, hỗ trợ và tái định cư khi Nhà nước thu hồi đất trên địa bàn tỉnh Cà Mau",https://datafiles.chinhphu.vn/cpp/files/vbpq/2015/12/36-ca-mau.signed.pdf
29/2015/QĐ-UBND,09/11/2015,"Ban hành Quy định trình tự, thủ tục thu hồi đất, bồi thường, hỗ trợ, tái định cư, giao đất, cho thuê đất và cho phép chuyển mục đích sử dụng đất trên địa bàn tỉnh Hà Nam",https://datafiles.chinhphu.vn/cpp/files/vbpq/2015/11/29-hn.signed.pdf
28/2015/QĐ-UBND,09/11/2015,"Ban hành Quy định trình tự, thủ tục kiểm đếm bắt buộc, cưỡng chế thực hiện quyết định kiểm đếm bắt buộc và cưỡng chế thực hiện quyết định thu hồi đất trên địa bàn tỉnh Hà Nam",https://datafiles.chinhphu.vn/cpp/files/vbpq/2015/11/28-ha-nam.signed.pdf
29/2015/QĐ-UBND,05/11/2015,Về việc thành lập Văn phòng Đăng ký đất đai trực thuộc Sở Tài nguyên và Môi trường tỉnh Bến Tre,https://datafiles.chinhphu.vn/cpp/files/vbpq/2015/12/29-ben-tre.signed_01.pdf
32/2015/QĐ-UBND,30/10/2015,"Về việc sửa đổi, bổ sung một số điều của Quy định ban hành kèm theo Quyết định số 23/2014/QĐ-UBND ngày 20/6/2014 của UBND Thành phố",https://datafiles.chinhphu.vn/cpp/files/vbpq/2015/12/32hn.pdf
54/2015/QĐ-UBND,27/10/2015,Về việc ủy quyền xác định giá đất cụ thể trên địa bàn tỉnh,https://datafiles.chinhphu.vn/cpp/files/vbpq/2015/11/54-ubnd.signed.pdf
100/2015/NĐ-CP,20/10/2015,Về phát triển và quản lý nhà ở xã hội,https://datafiles.chinhphu.vn/cpp/files/vbpq/2015/11/100.signed.pdf
31/2015/QĐ-UBND,17/09/2015,Về việc ban hành hệ số điều chỉnh giá đất áp dụng năm 2015 trên địa bàn tỉnh An Giang,https://datafiles.chinhphu.vn/cpp/files/vbpq/2015/09/31angiag.signed.pdf
43/2015/QĐ-UBND,01/09/2015,"Ban hành Bộ đơn giá dự toán lập và điều chỉnh quy hoạch, kế hoạch sử dụng đất trên địa bàn Thành phố Hồ Chí Minh",https://datafiles.chinhphu.vn/cpp/files/vbpq/2015/09/43.signed_01.pdf
20/2015/QĐ-UBND,18/08/2015,Ban hành Quy định hạn mức giao đất và hạn mức công nhận một số loại đất trên địa bàn tỉnh Cà Mau,https://datafiles.chinhphu.vn/cpp/files/vbpq/2015/08/20camau.signed.pdf
39/2015/QĐ-UBND,11/08/2015,"Về chế độ miễn, giảm tiền thuê đất đối với các cơ sở thực hiện xã hội hóa trong các lĩnh vực giáo dục và đào tạo, dạy nghề, y tế, văn hóa, thể dục, thể thao, môi trường, giám định tư pháp trên địa bàn Thành phố Hồ Chí Minh",https://datafiles.chinhphu.vn/cpp/files/vbpq/2015/08/39.signed.pdf
32/2015/QĐ-UBND,29/07/2015,Ban hành Đơn giá kiêm kê  đất đai và lập bản đồ hiện trạng sử dụng đất trên địa bàn tỉnh Hà Tĩnh,https://datafiles.chinhphu.vn/cpp/files/vbpq/2015/08/32-ubnd.signed.pdf
35/2015/QĐ-UBND,14/07/2015,Quy định về hệ số điều chỉnh giá đất năm 2015 trên địa bàn Thành phố Hồ Chí Minh,https://datafiles.chinhphu.vn/cpp/files/vbpq/2015/07/35tphcm.signed.pdf
1394/2015/QĐ-UBND,25/06/2015,"Về việc ban hành Quy định về hạn mức công nhận đất ở đối với trường hợp thửa đất có vườn, ao, hạn mức giao đất trống, đồi núi trọc, đất có mặt nước thuộc nhóm đất chưa sử dụng; hạn mức giao đất ở cho hộ gia đình, cá nhân và diện tích tách thửa đất ở",https://datafiles.chinhphu.vn/cpp/files/vbpq/2015/07/1394.signed.pdf
21/2015/QĐ-UBND,17/06/2015,"Về việc quy định hạn mức giao đất, hạn mức công nhận quyền sử dụng đất đối với hộ gia đình, cá nhân trên địa bàn tỉnh Kiên Giang",https://datafiles.chinhphu.vn/cpp/files/vbpq/2015/06/21-ubnd.signed_01.pdf
14/2015/QĐ-UBND,29/05/2015,"Về việc quy định mức thu, chế độ thu, nộp, quản lý và sử dụng phí thẩm định cấp quyền sử dụng đất trên địa bàn tỉnh An Giang",https://datafiles.chinhphu.vn/cpp/files/vbpq/2015/06/14angiang.signed.pdf
24/2015/QĐ-UBND,20/05/2015,"Ban hành Quy trình tiếp nhận, cho thuê, thuê mua và bán nhà ở thuộc sở hữu Nhà nước trên địa bàn Thành phố Hồ Chí Minh",https://datafiles.chinhphu.vn/cpp/files/vbpq/2015/06/24-ubnd.signed.pdf
23/2015/QĐ-UBND,15/05/2015,"Ban hành Quy định về bồi thường, hỗ trợ, tái định cư khi Nhà nước thu hồi đất trên địa bàn Thành phố Hồ Chí Minh",https://datafiles.chinhphu.vn/cpp/files/vbpq/2015/05/23.signed..pdf
37/2015/QĐ-UBND,27/04/2015,"Ban hành quy định về nguyên tắc, phương pháp xác định giá các loại đất trên địa bàn tỉnh Lâm Đồng",https://datafiles.chinhphu.vn/cpp/files/vbpq/2015/05/37-qdld.signed.pdf
33/2015/QĐ-UBND,16/04/2015,Ban hành quy định diện tích đất tối thiểu được tách thửa đối với các loại đất trên địa bàn tỉnh Lâm Đồng,https://datafiles.chinhphu.vn/cpp/files/vbpq/2015/05/33-qd.signed.pdf
14/2015/TTLT-BTNMT-BTP,04/04/2015,Quy định việc tổ chức thực hiện đấu giá quyền sử dụng đất để giao đất có thu tiền sử dụng đất hoặc cho thuê đất,https://datafiles.chinhphu.vn/cpp/files/vbpq/2015/06/14-ttlt-btp.signed.pdf
11/2015/QĐ-TTg,03/04/2015,"Quy định về miễn, giảm tiền sử dụng đất khi công nhận quyền sử dụng đất, quyền sở hữu nhà ở và tài sản khác gắn liền với đất cho hộ gia đình, cá nhân đối với đất ở có nguồn gốc được giao (cấp) không đúng thẩm quyền trước ngày 15 tháng 10 năm 1993 tại địa bàn có điều kiện kinh tế xã hội khó khăn, đặc biệt khó khăn, biên giới, hải đảo",https://datafiles.chinhphu.vn/cpp/files/vbpq/2015/04/11.signed.pdf
08/2015/QĐ-UBND,03/04/2015,"V/v Quy định hệ số điều chỉnh giá đất năm 2015 để xác định giá đất tính thu tiền sử dụng đất, tiền thuê đất trên địa bàn tỉnh Ninh Bình",https://datafiles.chinhphu.vn/cpp/files/vbpq/2015/04/08-ubnd.signed.pdf
08/2015/QĐ-UBND (file 1),30/03/2015,"Ban hành Quy định về bồi thường, hỗ trợ và tái định cư khi Nhà nước thu hồi đất trên địa bàn tỉnh An Giang",https://datafiles.chinhphu.vn/cpp/files/vbpq/2015/08/1628angiag.signed.pdf
08/2015/QĐ-UBND (file 2),30/03/2015,"Ban hành Quy định về bồi thường, hỗ trợ và tái định cư khi Nhà nước thu hồi đất trên địa bàn tỉnh An Giang",https://datafiles.chinhphu.vn/cpp/files/vbpq/2015/04/8angiang.signed.pdf
31/2015/QĐ-UBND,27/03/2015,"Ban hành Bảng hệ số điều chỉnh giá đất năm 2015 trên địa bàn huyện Cát Tiên, tỉnh Lâm Đồng",https://datafiles.chinhphu.vn/cpp/files/vbpq/2015/04/31-qd.signed.pdf
30/2015/QĐ-UBND,27/03/2015,"Ban hành Bảng hệ số điều chỉnh giá đất năm 2015 trên địa bàn huyện Đạ Tẻh, tỉnh Lâm Đồng",https://datafiles.chinhphu.vn/cpp/files/vbpq/2015/04/30-qd.signed.pdf
29/2015/QĐ-UBND,27/03/2015,"Ban hành Bảng hệ số điều chỉnh giá đất năm 2015 trên địa bàn huyện Đạ Huoai, tỉnh Lâm Đồng",https://datafiles.chinhphu.vn/cpp/files/vbpq/2015/04/29-qd.signed.pdf
28/2015/QĐ-UBND,27/03/2015,"Ban hành Bảng hệ số điều chỉnh giá đất năm 2015 trên địa bàn huyện Bảo Lâm, tỉnh Lâm Đồng",https://datafiles.chinhphu.vn/cpp/files/vbpq/2015/04/28-qd.signed.pdf
27/2015/QĐ-UBND,27/03/2015,"Ban hành Bảng hệ số điều chỉnh giá đất năm 2015 trên địa bàn huyện Di Linh, tỉnh Lâm Đồng",https://datafiles.chinhphu.vn/cpp/files/vbpq/2015/04/27-qd.signed.pdf
26/2015/QĐ-UBND,27/03/2015,"Về việc ban hành Bảng hệ số điều chỉnh giá đất năm 2015 trên địa bàn huyện Lâm Hà, tỉnh Lâm Đồng",https://datafiles.chinhphu.vn/cpp/files/vbpq/2015/04/26-qd.signed.pdf
25/2015/QĐ-UBND,27/03/2015,"Ban hành Bảng hệ số điều chỉnh giá đất năm 2015 trên địa bàn huyện Đức Trọng, tỉnh Lâm Đồng",https://datafiles.chinhphu.vn/cpp/files/vbpq/2015/04/25-qd.signed.pdf
24/2015/QĐ-UBND,27/03/2015,"Về việc ban hành Bảng hệ số điều chỉnh giá đất năm 2015 trên địa bàn huyện Đơn Dương, tỉnh Lâm Đồng",https://datafiles.chinhphu.vn/cpp/files/vbpq/2015/04/24-qd.signed.pdf
23/2015/QĐ-UBND,27/03/2015,"Ban hành Bảng hệ số điều chỉnh giá đất năm 2015 trên địa bàn huyện Đam Rông, tỉnh Lâm Đồng",https://datafiles.chinhphu.vn/cpp/files/vbpq/2015/04/23-qd.signed.pdf
22/2015/QĐ-UBND,27/03/2015,"Về việc ban hành Bảng hệ số điều chỉnh giá đất năm 2015 trên địa bàn huyện Lạc Dương, tỉnh Lâm Đồng",https://datafiles.chinhphu.vn/cpp/files/vbpq/2015/04/22-qd.signed.pdf
21/2015/QĐ-UBND,27/03/2015,"Ban hành Bảng hệ số điều chỉnh giá đất năm 2015 trên địa bàn thành phố Bảo Lộc, tỉnh Lâm Đồng",https://datafiles.chinhphu.vn/cpp/files/vbpq/2015/04/21-qd.signed.pdf
20/2015/QĐ-UBND,27/03/2015,"Về việc ban hành Bảng hệ số điều chỉnh giá đất năm 2015 trên địa bàn thành phố Đà Lạt, tỉnh Lâm Đồng",https://datafiles.chinhphu.vn/cpp/files/vbpq/2015/04/20-qd.signed.pdf
07/2015/QĐ-UBND,27/03/2015,"Về việc ban hành Quy định trình tự, thủ tục xét duyệt và tiêu chí lựa chọn đối tượng mua, thuê, thuê mua nhà ở xã hội trên địa bàn tỉnh An Giang",https://datafiles.chinhphu.vn/cpp/files/vbpq/2015/04/7angiang.signed.pdf
14/2015/QĐ-UBND,26/03/2015,Quy định hệ số điều chỉnh giá đất,https://datafiles.chinhphu.vn/cpp/files/vbpq/2015/04/14cantho.signed.pdf
04/2015/QĐ-UBND,19/03/2015,"Về việc sửa đổi, bổ sung khoản 2, Điều 2 và điểm a, khoản 2, Điều 3 Quyết định số 37/2014/QĐ-UBND ngày 31/12/2014 của UBND tỉnh về việc Quy định tỷ lệ phần trăm (%) để tính đơn giá thuê đất, đơn giá thuê đất đối với đất có mặt nước, đơn giá thuê đất để xây dựng công trình ngầm trên địa bàn tỉnh Cà Mau",https://datafiles.chinhphu.vn/cpp/files/vbpq/2015/03/4camau.signed.pdf
06/2015/QĐ-UBND,09/03/2015,Về việc quy định hệ số điều chỉnh giá đất làm cơ sở xác định nghĩa vụ tài chính đối với người sử dụng đất trên địa bàn tỉnh Bến Tre năm 2015,https://datafiles.chinhphu.vn/cpp/files/vbpq/2015/03/6bentre.signed.pdf
15/2015/QĐ-UBND,27/02/2015,"Bổ sung một số nội dung của Bảng giá các loại đất trên địa bàn thành phố Đà Lạt, tỉnh Lâm Đồng ban hành kèm theo Quyết định số 69/2014/QĐ-UBND ngày 19/12/2014 của UBND tỉnh Lâm Đồng ban hành Bảng giá các loại đất trên địa bàn các huyện, thành phố Bảo Lộc và thành phố Đà Lạt - tỉnh Lâm Đồng",https://datafiles.chinhphu.vn/cpp/files/vbpq/2015/03/15qd.signed.pdf
08/2015/QĐ-UBND,26/02/2015,Về việc quy định Hệ số điều chỉnh giá đất năm 2015 trên địa bàn tỉnh Hà Tĩnh,https://datafiles.chinhphu.vn/cpp/files/vbpq/2015/03/08-ubndht.signed.pdf
07/2015/TT-BTNMT,26/02/2015,"Quy định việc lập phương án sử dụng đất; lập hồ sơ ranh giới sử dụng đất; đo đạc, lập bản đồ địa chính; xác định giá thuê đất; giao đất, cho thuê đất và cấp giấy chứng nhận quyền sử dụng đất, quyền sở hữu nhà ở và tài sản khác gắn liền với đất đối với công ty nông, lâm nghiệp",https://datafiles.chinhphu.vn/cpp/files/vbpq/2015/05/07-btnmt.signed.pdf
03/2015/QĐ-UBND,26/02/2015,"Sửa đổi, bổ sung Khoản 2, Điều 1 Quyết định số 32/2014/QĐ-UBND ngày 19 tháng 12 năm 2014 của UBND tỉnh Cà Mau Quy định Hệ số điều chỉnh giá đất năm 2015 trên địa bàn tỉnh Cà Mau",https://datafiles.chinhphu.vn/cpp/files/vbpq/2015/03/3camau.signed.pdf
12/2015/QĐ-UBND,10/02/2015,"Ban hành Quy định một số nội dung về bồi thường, hỗ trợ, tái định cư khi Nhà nước thu hồi đất trên địa bàn tỉnh Lâm Đồng",https://datafiles.chinhphu.vn/cpp/files/vbpq/2015/02/12lamdong.signed.pdf
02/2015/QĐ-UBND,05/02/2015,V/v quy định hệ số điều chỉnh giá đất năm 2015 trên địa bàn tỉnh Phú Thọ,https://datafiles.chinhphu.vn/cpp/files/vbpq/2015/02/2phutho.signed.pdf
08/2015/QĐ-UBND,30/01/2015,"Ban hành quy định về điều kiện chuyển nhượng, nhận chuyển nhượng, tặng cho, nhận tặng cho, cho thuê, thuê quyền sử dụng đất của hộ gia đình, cá nhân là đồng bào dân tộc thiểu số trên địa bàn tỉnh Lâm Đồng",VanBan/2015/02/8lamdong.signed.pdf
06/2015/QĐ-UBND,29/01/2015,"Về việc quy định hệ số điều chỉnh giá đất để tính thu tiền sử dụng đất, để xác định và điều chỉnh đơn giá thuê đất trên địa bàn tỉnh Đắk Lắk",https://datafiles.chinhphu.vn/cpp/files/vbpq/2015/02/6daklak.signed.pdf
58/2014/QĐ-UBND,31/12/2014,Về việc Quy định hệ số điều chỉnh giá đất để xác định giá đất cụ thể tính đơn giá thuê đất năm 2015 đối với các trường hợp thuê đất hàng năm trên địa bàn tỉnh Hà Nam,https://datafiles.chinhphu.vn/cpp/files/vbpq/2015/01/58hanam.signed.pdf
57/2014/QĐ-UBND,31/12/2014,"Về việc Quy định hệ số điều chỉnh giá đất để xác định giá đất cụ thể tính tiền sử dụng đất đối với các trường hợp giao đất, công nhận quyền sử dụng đất, chuyển mục đích sử dụng đất trên địa bàn tỉnh Hà Nam",https://datafiles.chinhphu.vn/cpp/files/vbpq/2015/01/57hanam.signed.pdf
48/2014/QĐ-UBND,31/12/2014,Ban hành quy định tỷ lệ phần trăm (%) để xác định đơn giá thuê đất; đơn giá thuê đất đối với đất có mặt nước; đơn giá thuê đất để xây dựng công trình ngầm và quy định đơn giá thuê mặt nước trên địa bàn tỉnh Đắk Lắk,https://datafiles.chinhphu.vn/cpp/files/vbpq/2015/01/48daklak.signed.pdf
40/2014/QĐ-UBND,31/12/2014,"Ban hành Quy định về bồi thường, hỗ trợ, tái định cư khi Nhà nước thu hồi đất trên địa bàn tỉnh Bến Tre",https://datafiles.chinhphu.vn/cpp/files/vbpq/2015/02/40bentre.signed.pdf
39/2014/QĐ-UBND,31/12/2014,Về việc quy định đơn giá cho thuê nhà ở công vụ trên địa bàn tỉnh Bến Tre,https://datafiles.chinhphu.vn/cpp/files/vbpq/2015/01/39bentre.signed.pdf
37/2014/QĐ-UBND,31/12/2014,"Về việc Quy định tỷ lệ phần trăm (%) để tính đơn giá thuê đất, đơn giá thuê đất đối với đất có mặt nước, đơn giá thuê đất để xây dựng công trình ngầm trên địa bàn tỉnh Cà Mau",https://datafiles.chinhphu.vn/cpp/files/vbpq/2015/01/37camau.signed.pdf
24/2014/QĐ-UBND,29/12/2014,Về bảng giá đất 05 năm (2015 - 2019) trên địa bàn tỉnh Phú Thọ,https://datafiles.chinhphu.vn/cpp/files/vbpq/2015/01/24phutho.signed.pdf
94/2014/QĐ-UBND (file 1),27/12/2014,Về việc ban hành Bảng giá đất năm 2015 trên địa bàn tỉnh Hà Tĩnh,https://datafiles.chinhphu.vn/cpp/files/vbpq/2015/01/94hatinh.signed.pdf
94/2014/QĐ-UBND (file 2),27/12/2014,Về việc ban hành Bảng giá đất năm 2015 trên địa bàn tỉnh Hà Tĩnh,https://datafiles.chinhphu.vn/cpp/files/vbpq/2015/01/94hatinh_pl1.pdf
94/2014/QĐ-UBND (file 3),27/12/2014,Về việc ban hành Bảng giá đất năm 2015 trên địa bàn tỉnh Hà Tĩnh,https://datafiles.chinhphu.vn/cpp/files/vbpq/2015/01/94hatinh_pl2.pdf
94/2014/QĐ-UBND (file 4),27/12/2014,Về việc ban hành Bảng giá đất năm 2015 trên địa bàn tỉnh Hà Tĩnh,https://datafiles.chinhphu.vn/cpp/files/vbpq/2015/01/94hatinh_pl3.pdf
94/2014/QĐ-UBND (file 5),27/12/2014,Về việc ban hành Bảng giá đất năm 2015 trên địa bàn tỉnh Hà Tĩnh,https://datafiles.chinhphu.vn/cpp/files/vbpq/2015/01/94hatinh_pl4.pdf
59/2014/QĐ-UBND,26/12/2014,Ban hành quy định về Bảng giá các loại đất trên địa bàn tỉnh Bình Thuận áp dụng từ ngày 01/01/2015 đến ngày 31/12/2019,https://datafiles.chinhphu.vn/cpp/files/vbpq/2015/01/59binhthuan-1.signed.pdf
37/2014/QĐ-UBND (file 1),26/12/2014,Ban hành Bảng giá các loại đất giai đoạn 2015-2019 trên địa bàn tỉnh Ninh Bình,https://datafiles.chinhphu.vn/cpp/files/vbpq/2015/01/37ninhbinh1.signed.pdf
37/2014/QĐ-UBND (file 2),26/12/2014,Ban hành Bảng giá các loại đất giai đoạn 2015-2019 trên địa bàn tỉnh Ninh Bình,https://datafiles.chinhphu.vn/cpp/files/vbpq/2015/01/37ninhbinh2.pdf
22/2014/QĐ-UBND,26/12/2014,Quy định mức giá các loại đất định kỳ 05 năm (2015-2019),https://datafiles.chinhphu.vn/cpp/files/vbpq/2015/01/22cantho.signed.pdf
2970/2014/QĐ-UBND (file 1),25/12/2014,Ban hành Quy định về bảng giá đất thành phố Hải Phòng 05 năm (2015-2019),https://datafiles.chinhphu.vn/cpp/files/vbpq/2015/01/2970haiphong1.signed.pdf
2970/2014/QĐ-UBND (file 2),25/12/2014,Ban hành Quy định về bảng giá đất thành phố Hải Phòng 05 năm (2015-2019),https://datafiles.chinhphu.vn/cpp/files/vbpq/2015/01/2970haiphong2.pdf
