so_hieu,level,title,heading,path,ordinal,content
108/QD/DHCNTT15/3/2019,chuong,Chương,,0,0.0,
108/QD/DHCNTT15/3/2019,dieu,Điều 1,"Sửa đổi, bổ sung một số Điều, Khoản của “Quy định đào tạo ngoại ngữ đối với",0/1,1.0,"hệ đại học chính quy của Trường Đại học Công nghệ Thông tin” ban hành kèm theo Quyết
định số 141/QĐ-ĐHCNTT, ngày 16/3/2018 của Hiệu trưởng Trường ĐHCNTT.
1. Bổ sung Khoản 3 Điều 3:
Bất kỳ thời điểm nào trong thời gian đăng ký học phần, sinh viên đều có thể nộp
chứng chỉ tiếng Anh quốc tế hoặc chứng nhận do Trung tâm Ngoại ngữ trường cấp để được
xét đăng ký vào học lớp Anh văn phù hợp với trình độ.
2. Bổ sung Khoản 3 Điều 5:
Công nhận kết quả kỳ thi tiếng Anh do Trung tâm Ngoại ngữ của Trường ĐHCNTT tổ
chức để xét miễn môn học (căn cứ giấy chứng nhận hợp lệ do Trung tâm Ngoại ngữ cấp).
3. Sửa đổi Bảng 4 trong Điều 6:
ĐẠI HỌC QUỐC GIA TP.HCM
TRƯỜNG ĐẠI HỌC
CÔNG NGHỆ THÔNG TIN
CỘNG HÒA XÃ HỘI CHỦ NGHĨA VIỆT NAM
Độc lập -Tự do - Hạnh phúc
Số: 108/QĐ-ĐHCNTT
Tp.Hồ Chí Minh, ngày 15 tháng 03  năm 2019
Bảng 4. Chuẩn quá trình
CTĐTr / CTTN / CTCLC
CTTT
Tiếng Anh
- Đạt môn học Anh văn 1; hoặc
- Có chứng chỉ quy định tại Bảng
3 hoặc giấy chứng nhận do
Trung tâm Ngoại ngữ trường cấp
tương đương TOEIC 350 điểm (2
kỹ năng Nghe – Đọc);
- Đạt môn học Anh văn 2;  hoặc
- Có chứng chỉ quy định tại
Bảng 3 hoặc giấy chứng nhận
do Trung tâm Ngoại ngữ trường
cấp tương đương TOEIC 400
điểm (2 kỹ năng Nghe – Đọc);
Tiếng Pháp
DELF A1 hoặc TCF Niveau 1
Không áp dụng
Tiếng Nhật
JLPT N5
Không áp dụng
4. Bổ sung Khoản 1 Điều 7:
Đối với khóa tuyển từ năm 2015 đến năm 2017: Sinh viên chính quy phải hoàn thành
các môn Anh văn trong chương trình đào tạo và có chứng chỉ tiếng Anh 4 kỹ năng đạt
chuẩn đầu ra theo quy định (trong đó 2 kỹ năng Nói - Viết có thể dùng chứng chỉ TOEIC
quốc tế hoặc của các cơ sở đào tạo được Đại học Quốc gia TP.HCM công nhận).
5. Sửa đổi Bảng 5 trong Điều 7:
Bảng 5. Chứng chỉ tiếng Anh dùng để xét công nhận tốt nghiệp
TOEIC
TOEFL
iBT
IELTS
Cambridge
English
VNU-
EPT
Nghe
và Đọc
Nói và
Viết
CTĐTr
450
185
45
4.5
PET (Pass)
Business Preliminary
(Pass)
176
CTTN/
CTCLC
555
205
60
5.5
PET (Distinction)
FCE
(Grade C)
Business Preliminary
(Distinction)
Business Vantage
(Grade C)
201
CTTT
675
205
79
6.0
FCE
(Grade B)
Business Vantage
(Grade B)
251"
108/QD/DHCNTT15/3/2019,khoan,Khoản 1,,0/1/1,1001.0,"Bổ sung Khoản 3 Điều 3:
Bất kỳ thời điểm nào trong thời gian đăng ký học phần, sinh viên đều có thể nộp
chứng chỉ tiếng Anh quốc tế hoặc chứng nhận do Trung tâm Ngoại ngữ trường cấp để được
xét đăng ký vào học lớp Anh văn phù hợp với trình độ."
108/QD/DHCNTT15/3/2019,khoan,Khoản 2,,0/1/2,1002.0,"Bổ sung Khoản 3 Điều 5:
Công nhận kết quả kỳ thi tiếng Anh do Trung tâm Ngoại ngữ của Trường ĐHCNTT tổ
chức để xét miễn môn học (căn cứ giấy chứng nhận hợp lệ do Trung tâm Ngoại ngữ cấp)."
108/QD/DHCNTT15/3/2019,khoan,Khoản 3,,0/1/3,1003.0,"Sửa đổi Bảng 4 trong Điều 6:
ĐẠI HỌC QUỐC GIA TP.HCM
TRƯỜNG ĐẠI HỌC
CÔNG NGHỆ THÔNG TIN
CỘNG HÒA XÃ HỘI CHỦ NGHĨA VIỆT NAM
Độc lập -Tự do - Hạnh phúc
Số: 108/QĐ-ĐHCNTT
Tp.Hồ Chí Minh, ngày 15 tháng 03  năm 2019
Bảng 4. Chuẩn quá trình
CTĐTr / CTTN / CTCLC
CTTT
Tiếng Anh
- Đạt môn học Anh văn 1; hoặc
- Có chứng chỉ quy định tại Bảng
3 hoặc giấy chứng nhận do
Trung tâm Ngoại ngữ trường cấp
tương đương TOEIC 350 điểm (2
kỹ năng Nghe – Đọc);
- Đạt môn học Anh văn 2;  hoặc
- Có chứng chỉ quy định tại
Bảng 3 hoặc giấy chứng nhận
do Trung tâm Ngoại ngữ trường
cấp tương đương TOEIC 400
điểm (2 kỹ năng Nghe – Đọc);
Tiếng Pháp
DELF A1 hoặc TCF Niveau 1
Không áp dụng
Tiếng Nhật
JLPT N5
Không áp dụng"
108/QD/DHCNTT15/3/2019,khoan,Khoản 4,,0/1/4,1004.0,"Bổ sung Khoản 1 Điều 7:
Đối với khóa tuyển từ năm 2015 đến năm 2017: Sinh viên chính quy phải hoàn thành
các môn Anh văn trong chương trình đào tạo và có chứng chỉ tiếng Anh 4 kỹ năng đạt
chuẩn đầu ra theo quy định (trong đó 2 kỹ năng Nói - Viết có thể dùng chứng chỉ TOEIC
quốc tế hoặc của các cơ sở đào tạo được Đại học Quốc gia TP.HCM công nhận)."
108/QD/DHCNTT15/3/2019,khoan,Khoản 5,,0/1/5,1005.0,"Sửa đổi Bảng 5 trong Điều 7:
Bảng 5. Chứng chỉ tiếng Anh dùng để xét công nhận tốt nghiệp
TOEIC
TOEFL
iBT
IELTS
Cambridge
English
VNU-
EPT
Nghe
và Đọc
Nói và
Viết
CTĐTr
450
185
45
4.5
PET (Pass)
Business Preliminary
(Pass)
176
CTTN/
CTCLC
555
205
60
5.5
PET (Distinction)
FCE
(Grade C)
Business Preliminary
(Distinction)
Business Vantage
(Grade C)
201
CTTT
675
205
79
6.0
FCE
(Grade B)
Business Vantage
(Grade B)
251"
108/QD/DHCNTT15/3/2019,dieu,Điều 2,Quyết định này có hiệu lực kể từ ngày ký.,0/2,2.0,Quyết định này có hiệu lực kể từ ngày ký.
108/QD/DHCNTT15/3/2019,khoan,Khoản 1,,0/2/1,2001.0,Quyết định này có hiệu lực kể từ ngày ký.
108/QD/DHCNTT15/3/2019,dieu,Điều 3,"Các Ông/Bà Trưởng các Phòng, Ban, Khoa, Bộ môn có liên quan chịu trách",0/3,3.0,"nhiệm thi hành Quyết định này.
Nơi nhận:
KT.HIỆU TRƯỞNG
-
-   Như Điều 3;
-
-   Lưu: VT, ĐTĐH (Nh)
PHÓ HIỆU TRƯỞNG
Đ
Vũ Đức Lung
Chương
trình
Chứng
chỉ"
108/QD/DHCNTT15/3/2019,khoan,Khoản 1,,0/3/1,3001.0,"nhiệm thi hành Quyết định này.
Nơi nhận:
KT.HIỆU TRƯỞNG
-
-   Như Điều 3;
-
-   Lưu: VT, ĐTĐH (Nh)
PHÓ HIỆU TRƯỞNG
Đ
Vũ Đức Lung
Chương
trình
Chứng
chỉ"
1139,chuong,Chương,,0,0.0,
1139,dieu,Điều 1,Ban hành kèm theo Quyết định này “Quy định tổ chức thi các môn học hệ đại,0/1,1.0,học chính quy của Trường Đại học Công nghệ Thông tin”.
1139,khoan,Khoản 1,,0/1/1,1001.0,học chính quy của Trường Đại học Công nghệ Thông tin”.
1139,dieu,Điều 2,"Các Ông/Bà Trưởng các Phòng, Ban, các đơn vị có liên quan và sinh viên chính",0/2,2.0,"quy của Trường Đại học Công nghệ Thông tin chịu trách nhiệm thi hành Quyết định này.
Quyết định có hiệu lực kể từ ngày ký./.
Nơi nhận:
KT. HIỆU TRƯỞNG
- Như Điều 2;
- Lưu: VT, ĐTĐH (Pt).
PHÓ HIỆU TRƯỞNG
(Đã ký)
Nguyễn Lưu Thùy Ngân
2
QUY ĐỊNH
Tổ chức thi các môn học hệ đại học chính quy của
Trường Đại học Công nghệ Thông tin
(Ban hành kèm theo Quyết định số 1139/QĐ-ĐHCNTT ngày 20 tháng 12 năm 2022)"
1139,khoan,Khoản 1,,0/2/1,2001.0,"quy của Trường Đại học Công nghệ Thông tin chịu trách nhiệm thi hành Quyết định này.
Quyết định có hiệu lực kể từ ngày ký./.
Nơi nhận:
KT. HIỆU TRƯỞNG
- Như Điều 2;
- Lưu: VT, ĐTĐH (Pt).
PHÓ HIỆU TRƯỞNG
(Đã ký)
Nguyễn Lưu Thùy Ngân
2
QUY ĐỊNH
Tổ chức thi các môn học hệ đại học chính quy của
Trường Đại học Công nghệ Thông tin
(Ban hành kèm theo Quyết định số 1139/QĐ-ĐHCNTT ngày 20 tháng 12 năm 2022)"
1139,chuong,Chương 1,,1,1.0,
1139,dieu,Điều 1,Phạm vi điều chỉnh và đối tượng áp dụng,1/1,1001.0,"1. Mỗi học kỳ, Trường Đại học Công nghệ Thông tin thuộc Đại học Quốc gia thành phố
Hồ Chí Minh (Trường) tổ chức 01 lần thi lý thuyết giữa kỳ và 01 lần thi lý thuyết cuối kỳ tập
trung trực tiếp hoặc trực tuyến (gọi chung là thi) cho các môn học được mở trong học kỳ đó.
Thời gian tổ chức thi được qui định trên biểu đồ giảng dạy năm học. Quy định này quy định
chung về việc tổ chức các đợt thi bao gồm các công tác: chuẩn bị thi, tổ chức thi, chấm thi,
công bố điểm, phúc khảo, chế độ lưu trữ và xử lý vi phạm. Quy định này áp dụng đối với hệ
đại học chính quy. Các chương trình đặc biệt có thể có kế hoạch thi riêng tùy theo đặc thù của
chương trình.
2. Các hình thức thi bao gồm:
a) Tự luận (hoặc tự luận kết hợp với trắc nghiệm)
b) Trắc nghiệm
c) Vấn đáp
d) Đồ án
3. Việc tổ chức thi theo hình thức trực tuyến thực hiện theo quy định riêng."
1139,khoan,Khoản 1,,1/1/1,1001.0,"Mỗi học kỳ, Trường Đại học Công nghệ Thông tin thuộc Đại học Quốc gia thành phố
Hồ Chí Minh (Trường) tổ chức 01 lần thi lý thuyết giữa kỳ và 01 lần thi lý thuyết cuối kỳ tập
trung trực tiếp hoặc trực tuyến (gọi chung là thi) cho các môn học được mở trong học kỳ đó.
Thời gian tổ chức thi được qui định trên biểu đồ giảng dạy năm học. Quy định này quy định
chung về việc tổ chức các đợt thi bao gồm các công tác: chuẩn bị thi, tổ chức thi, chấm thi,
công bố điểm, phúc khảo, chế độ lưu trữ và xử lý vi phạm. Quy định này áp dụng đối với hệ
đại học chính quy. Các chương trình đặc biệt có thể có kế hoạch thi riêng tùy theo đặc thù của
chương trình."
1139,khoan,Khoản 2,,1/1/2,1002.0,"Các hình thức thi bao gồm:
a) Tự luận (hoặc tự luận kết hợp với trắc nghiệm)
b) Trắc nghiệm
c) Vấn đáp
d) Đồ án"
1139,diem,Điểm a),,1/1/2/a,1002.01,Tự luận (hoặc tự luận kết hợp với trắc nghiệm)
1139,diem,Điểm b),,1/1/2/b,1002.02,Trắc nghiệm
1139,diem,Điểm c),,1/1/2/c,1002.03,Vấn đáp
1139,diem,Điểm d),,1/1/2/d,1002.04,Đồ án
1139,khoan,Khoản 3,,1/1/3,1003.0,Việc tổ chức thi theo hình thức trực tuyến thực hiện theo quy định riêng.
1139,dieu,Điều 2,Chỉ đạo công tác thi,1/2,1002.0,"Hiệu trưởng hoặc Phó Hiệu trưởng phụ trách đào tạo đại học trực tiếp chỉ đạo công tác thi.
Phòng Đào tạo Đại học (P.ĐTĐH) là đơn vị lập kế hoạch và điều hành công tác tổ chức thi."
1139,khoan,Khoản 1,,1/2/1,2001.0,"Hiệu trưởng hoặc Phó Hiệu trưởng phụ trách đào tạo đại học trực tiếp chỉ đạo công tác thi.
Phòng Đào tạo Đại học (P.ĐTĐH) là đơn vị lập kế hoạch và điều hành công tác tổ chức thi."
1139,dieu,Điều 3,"Hoạt động thanh tra, kiểm tra, giám sát công tác thi",1/3,1003.0,"Phòng Thanh tra Pháp chế và Đảm bảo Chất lượng có trách nhiệm tổ chức thanh tra, kiểm
tra và giám sát công tác tổ chức thi."
1139,khoan,Khoản 1,,1/3/1,3001.0,"Phòng Thanh tra Pháp chế và Đảm bảo Chất lượng có trách nhiệm tổ chức thanh tra, kiểm
tra và giám sát công tác tổ chức thi."
1139,dieu,Điều 4,Điều kiện dự thi,1/4,1004.0,"Sinh viên (SV) được dự thi nếu đáp ứng các điều kiện sau đây:
1. SV có tên trong danh sách thi hoặc có giấy vào phòng thi được cấp bởi Phòng Đào tạo
Đại học (P.ĐTĐH). SV có đăng ký môn học hợp lệ trong học kỳ và đóng học phí đầy đủ trước
thời hạn quy định được dự thi.
3
2. Khi dự thi, SV mang theo một trong những giấy tờ chứng minh cá nhân hợp lệ sau
đây: thẻ SV được cấp bởi Trường ĐH CNTT, chứng minh nhân dân, căn cước công dân hoặc
bằng lái xe."
1139,khoan,Khoản 1,,1/4/1,4001.0,"SV có tên trong danh sách thi hoặc có giấy vào phòng thi được cấp bởi Phòng Đào tạo
Đại học (P.ĐTĐH). SV có đăng ký môn học hợp lệ trong học kỳ và đóng học phí đầy đủ trước
thời hạn quy định được dự thi.
3"
1139,khoan,Khoản 2,,1/4/2,4002.0,"Khi dự thi, SV mang theo một trong những giấy tờ chứng minh cá nhân hợp lệ sau
đây: thẻ SV được cấp bởi Trường ĐH CNTT, chứng minh nhân dân, căn cước công dân hoặc
bằng lái xe."
1139,chuong,Chương 2,,2,2.0,
1139,dieu,Điều 10,Xử lý các sự cố bất thường của đề thi,2/10,2010.0,"1. Nếu phát hiện sai sót trong đề thi, các CBCT phải báo cáo ngay cho đơn vị tổ chức
môn thi đó để có phương án xử lý thích hợp. Tùy theo tính chất và mức độ sai sót nặng hay
nhẹ, tùy theo sai sót xảy ra ở một câu hay nhiều câu của đề thi, tùy theo thời gian phát hiện
sớm hay muộn, lãnh đạo trực thi cân nhắc và ra quyết định xử lý. Trong trường hợp sai sót
nặng, phải báo cáo và xin ý kiến Hiệu trưởng.
2. Khi đề thi bị lộ, Hiệu trưởng quyết định đình chỉ thi hoặc hủy kết quả môn thi đó, Đơn
vị tổ chức thi có trách nhiệm kiểm tra, xác minh, kết luận nguyên nhân lộ đề thi, người làm
lộ đề thi và những người liên quan, tiến hành xử lý theo quy định.
5"
1139,khoan,Khoản 1,,2/10/1,10001.0,"Nếu phát hiện sai sót trong đề thi, các CBCT phải báo cáo ngay cho đơn vị tổ chức
môn thi đó để có phương án xử lý thích hợp. Tùy theo tính chất và mức độ sai sót nặng hay
nhẹ, tùy theo sai sót xảy ra ở một câu hay nhiều câu của đề thi, tùy theo thời gian phát hiện
sớm hay muộn, lãnh đạo trực thi cân nhắc và ra quyết định xử lý. Trong trường hợp sai sót
nặng, phải báo cáo và xin ý kiến Hiệu trưởng."
1139,khoan,Khoản 2,,2/10/2,10002.0,"Khi đề thi bị lộ, Hiệu trưởng quyết định đình chỉ thi hoặc hủy kết quả môn thi đó, Đơn
vị tổ chức thi có trách nhiệm kiểm tra, xác minh, kết luận nguyên nhân lộ đề thi, người làm
lộ đề thi và những người liên quan, tiến hành xử lý theo quy định.
5"
1139,dieu,Điều 11,Quy trình chuẩn bị cho kỳ thi,2/11,2011.0,"1. Đầu vào, đầu ra
Đầu vào: Thời khóa biểu của học kỳ, thông tin môn học ghi trong đề cương môn học,
ĐKHP của SV.
Đầu ra: Lịch thi, danh sách phân công CBCT, danh sách SV các phòng thi, danh sách
phòng thi, túi đề thi, sổ theo dõi bàn giao bài thi và bảng điểm.
Thời gian: Quy trình được tính bằng ngày (gồm cả ngày nghỉ), diễn ra theo các mốc thời
gian: ngày thi đầu tiên của đợt thi t1; ngày thi của môn học t2.
2. Sơ đồ tóm tắt
1a. Xây dựng kế
hoạch thi
1b. Xếp lịch thi,
đưa lịch thi lên hệ
thống
2a. Lập danh sách
miễn giảm coi thi
2b. Thông báo CB,
SV đăng ký coi thi
3a. Phân công
CBCT
P.
Đ
T
Đ
H
/
V
P
Đ
B
K
H
O
A
2c. Ra đề thi
3b. Nhân đề thi
Nhận vật tư thi
5a. Lập Sổ theo
dõi bàn giao
4a. Lập DS thi,
bàn giao DS
thi và vật tư
4b. Nhận DS
thi
5b. Lập Sổ
theo dõi bàn
giao
6
3. Nội dung quy trình
Bước
Quy trình
Mô tả chi tiết công việc
Thời
hạn
hoàn
thành
(ngày)
Đơn vị
thực hiện
Đơn vị
phối
hợp
Biểu mẫu
1
Xây dựng
kế hoạch
thi
– Xếp lịch thi
– Tách lớp, tạo phòng thi
– Nhập lịch thi vào hệ thống
để phát hiện trùng lịch thi,
phòng thi, …
– Gửi lịch thi cho các đơn vị
liên quan, nhận phản hồi
(nếu có).
– Thông báo lịch thi cho
sinh viên và các đơn vị liên
quan
t1-30
P.ĐTĐH/
VPĐB
Khoa
– Lịch thi
(THI-M01)
– Lịch coi
thi (THI-
M02)
2a
Lập DS
CBGD
miễn
giảm và
thông báo
đăng ký
coi thi
– P.ĐTĐH gửi danh sách
CBGD miễn giảm coi thi gửi
về Khoa, nhận phản hồi (nếu
có).
– Thông báo CB, SV đăng
ký coi thi
t1-10
P.ĐTĐH
– Danh
sách miễn
giảm coi
thi
2b
Ra đề thi
– Khoa tổ chức ra đề thi.
t2-7
Khoa
– Mẫu đề
thi (THI-
M11)
3a
Phân
công
CBCT
– Sau thời gian Khoa phản
hồi danh sách miễn giảm coi
thi, P.ĐTĐH phối hợp
P.DL&CNTT phân công
CBCT
t1-7
P.ĐTĐH
– Lịch coi
thi
3b
Nhân đề
thi
Nhận vật
tư thi
– Đơn vị tổ chức thi nhân đề
thi.
– Khoa nhận vật tư thi
– Thư viện hỗ trợ kỹ thuật
cho việc nhân đề thi.
t2-3
Khoa/
P.ĐTĐH/
VPĐB
Thư
viện
– Mẫu
nhãn túi đề
(THI-M05)
4a
Lập danh
sách thi
– P.ĐTĐH lập danh sách SV
dự thi.
– P.ĐTĐH bàn giao danh
sách SV dự thi và vật tư thi
cho các đơn vị tổ chức thi.
t1-7
P.ĐTĐH/
VPĐB
– Danh
sách thi
(THI-M03)
7
4b
Nhận DS
và vật tư
– Nhận bàn giao danh sách
SV dự thi.
t1-3
Khoa
– Danh
sách thi
(THI-M03)
5
Lập Sổ
theo dõi
bàn giao
bài thi và
bảng
điểm
– Đơn vị tổ chức thi/Khoa
lập Sổ theo dõi bàn giao bài
thi và bảng điểm.
t2-7
P.ĐTĐH/
VPĐB/
Khoa
– Sổ theo
dõi bàn
giao bài thi
và bảng
điểm
(THI-M08)"
1139,khoan,Khoản 1,,2/11/1,11001.0,"Đầu vào, đầu ra
Đầu vào: Thời khóa biểu của học kỳ, thông tin môn học ghi trong đề cương môn học,
ĐKHP của SV.
Đầu ra: Lịch thi, danh sách phân công CBCT, danh sách SV các phòng thi, danh sách
phòng thi, túi đề thi, sổ theo dõi bàn giao bài thi và bảng điểm.
Thời gian: Quy trình được tính bằng ngày (gồm cả ngày nghỉ), diễn ra theo các mốc thời
gian: ngày thi đầu tiên của đợt thi t1; ngày thi của môn học t2."
1139,khoan,Khoản 2,,2/11/2,11002.0,"Sơ đồ tóm tắt
1a. Xây dựng kế
hoạch thi
1b. Xếp lịch thi,
đưa lịch thi lên hệ
thống
2a. Lập danh sách
miễn giảm coi thi
2b. Thông báo CB,
SV đăng ký coi thi
3a. Phân công
CBCT
P.
Đ
T
Đ
H
/
V
P
Đ
B
K
H
O
A
2c. Ra đề thi
3b. Nhân đề thi
Nhận vật tư thi
5a. Lập Sổ theo
dõi bàn giao
4a. Lập DS thi,
bàn giao DS
thi và vật tư
4b. Nhận DS
thi
5b. Lập Sổ
theo dõi bàn
giao
6"
1139,khoan,Khoản 3,,2/11/3,11003.0,"Nội dung quy trình
Bước
Quy trình
Mô tả chi tiết công việc
Thời
hạn
hoàn
thành
(ngày)
Đơn vị
thực hiện
Đơn vị
phối
hợp
Biểu mẫu
1
Xây dựng
kế hoạch
thi
– Xếp lịch thi
– Tách lớp, tạo phòng thi
– Nhập lịch thi vào hệ thống
để phát hiện trùng lịch thi,
phòng thi, …
– Gửi lịch thi cho các đơn vị
liên quan, nhận phản hồi
(nếu có).
– Thông báo lịch thi cho
sinh viên và các đơn vị liên
quan
t1-30
P.ĐTĐH/
VPĐB
Khoa
– Lịch thi
(THI-M01)
– Lịch coi
thi (THI-
M02)
2a
Lập DS
CBGD
miễn
giảm và
thông báo
đăng ký
coi thi
– P.ĐTĐH gửi danh sách
CBGD miễn giảm coi thi gửi
về Khoa, nhận phản hồi (nếu
có).
– Thông báo CB, SV đăng
ký coi thi
t1-10
P.ĐTĐH
– Danh
sách miễn
giảm coi
thi
2b
Ra đề thi
– Khoa tổ chức ra đề thi.
t2-7
Khoa
– Mẫu đề
thi (THI-
M11)
3a
Phân
công
CBCT
– Sau thời gian Khoa phản
hồi danh sách miễn giảm coi
thi, P.ĐTĐH phối hợp
P.DL&CNTT phân công
CBCT
t1-7
P.ĐTĐH
– Lịch coi
thi
3b
Nhân đề
thi
Nhận vật
tư thi
– Đơn vị tổ chức thi nhân đề
thi.
– Khoa nhận vật tư thi
– Thư viện hỗ trợ kỹ thuật
cho việc nhân đề thi.
t2-3
Khoa/
P.ĐTĐH/
VPĐB
Thư
viện
– Mẫu
nhãn túi đề
(THI-M05)
4a
Lập danh
sách thi
– P.ĐTĐH lập danh sách SV
dự thi.
– P.ĐTĐH bàn giao danh
sách SV dự thi và vật tư thi
cho các đơn vị tổ chức thi.
t1-7
P.ĐTĐH/
VPĐB
– Danh
sách thi
(THI-M03)
7
4b
Nhận DS
và vật tư
– Nhận bàn giao danh sách
SV dự thi.
t1-3
Khoa
– Danh
sách thi
(THI-M03)
5
Lập Sổ
theo dõi
bàn giao
bài thi và
bảng
điểm
– Đơn vị tổ chức thi/Khoa
lập Sổ theo dõi bàn giao bài
thi và bảng điểm.
t2-7
P.ĐTĐH/
VPĐB/
Khoa
– Sổ theo
dõi bàn
giao bài thi
và bảng
điểm
(THI-M08)"
1139,dieu,Điều 12,Trách nhiệm của cán bộ coi thi,2/12,2012.0,"1. CBCT phải có mặt tại địa điểm tập trung của đơn vị tổ chức thi ít nhất 15 phút trước
giờ bắt đầu thi để nhận danh sách thi, giấy thi, giấy nháp, túi đề thi (yêu cầu kiểm tra kỹ niêm
phong túi đề) và nghe phổ biến các quy định cần thiết (trong trường hợp cần thiết).
2. Trước giờ thi 10 phút, tại phòng thi, các CBCT phải hoàn tất đánh số chỗ ngồi theo
danh sách (dùng số thứ tự SV trong danh sách để đánh số) – tuyệt đối không để SV tự sắp
chỗ trong phòng thi. Trong thời gian coi thi, CBCT kiểm tra giấy tờ chứng minh cá nhân hợp
lệ, đối chiếu hình, đối chiếu tên với danh sách dự thi. CBCT không được cho vào phòng thi
các SV không có tên trong danh sách và cũng không có giấy vào phòng thi được cấp bởi
P.ĐTĐH. Nếu SV có khiếu nại, CBCT hướng dẫn SV tới ngay P.ĐTĐH để xác minh giải
quyết. CBCT lưu ý thu lại giấy vào phòng thi của SV để bàn giao cùng túi bài thi.
3. CBCT phổ biến quy chế, quy định, trách nhiệm của sinh viên dự thi (Điều 13 Quy định
này); giấy thi và giấy nháp của SV phải có đầy đủ chữ ký, ghi rõ họ tên của tất cả CBCT;
hướng dẫn và kiểm tra SV gấp giấy thi đúng quy cách, ghi số thứ tự và điền đủ vào các mục
cần thiết của giấy thi trước khi làm bài; ghi thông tin tên môn thi, thời gian thi và biểu đồ thời
gian lên bảng.
4. Khi bắt đầu giờ mở đề, 1 CBCT giơ cao phong bì đề thi để SV thấy rõ cả mặt trước và
mặt sau còn nguyên nhãn niêm phong, mời 1 đại diện SV ký tên xác nhận tình trạng niêm
phong lên nhãn của túi đề thi; bóc phong bì đựng đề thi và phát đề thi cho từng SV (trước khi
phát đề thi cần kiểm tra số lượng đề thi, nếu thiếu hoặc lẫn đề khác, cần báo ngay cho cán bộ
trực thi của đơn vị tổ chức thi xử lý). Khi sinh viên cuối cùng nhận được đề thi, CBCT cho
phép sinh viên lật đề thi lên và yêu cầu sinh viên kiểm tra tình trạng đề thi trước khi làm bài.
Nếu có bất kỳ vấn đề gì về đề thi, CBCT cần báo ngay cho cán bộ trực thi của đơn vị tổ chức
thi xử lý. CBCT phải phát đề thi đúng giờ qui định bắt đầu ca thi.
5. Trong giờ làm bài, phải luôn có CBCT bao quát từ đầu phòng đến cuối phòng và CBCT
bao quát từ cuối phòng đến đầu phòng cho đến hết giờ thi. CBCT không đứng gần SV khi họ
làm bài. Khi SV hỏi điều gì, CBCT chỉ được trả lời công khai trong phạm vi quy định.
6. CBCT không được giúp đỡ SV làm bài thi dưới bất kỳ hình thức nào; không được làm
việc riêng, không được hút thuốc, uống bia, rượu, phải có mặt đúng giờ và thường xuyên tại
8
phòng thi để làm các nhiệm vụ. Các CBCT phải bảo vệ đề thi trong khi thi, không để lọt đề
thi ra ngoài phòng thi. Các CBCT và những người làm nhiệm vụ phục vụ thi không được thảo
luận, sao chép, giải đề, mang đề ra ngoài hoặc giải thích đề thi cho SV.
7. Nếu có SV vi phạm quy định thi thì CBCT phải lập biên bản xử lý (Mẫu THI-M06).
Nếu có tình huống bất thường phải báo cáo ngay cho Trưởng đơn vị tổ chức thi giải quyết;
8. Trước khi hết giờ làm bài 15 phút CBCT thông báo thời gian còn lại cho SV biết;
9. Khi hết giờ làm bài, CBCT yêu cầu SV ngừng làm bài và thu bài của tất cả SV, kể cả
SV đã bị xử lý vi phạm. Một CBCT duy trì trật tự và kỷ luật phòng thi. Một CBCT vừa gọi
tên từng SV lên nộp bài, vừa nhận bài thi của SV. Khi nhận bài phải đếm đủ số tờ giấy thi của
SV đã nộp, yêu cầu SV tự ghi đúng số tờ và ký tên vào danh sách. CBCT tuyệt đối không tự
ý thêm tên và cho SV ký thêm vào danh sách thi.
10. Các CBCT kiểm tra sắp xếp bài thi theo thứ tự SV trong danh sách. Các biên bản xử
lý vi phạm (nếu có) phải kèm theo bài thi của SV. Một CBCT mang túi bài thi đến bàn giao
bài thi cho cán bộ trực thi của đơn vị tổ chức thi ngay sau mỗi buổi thi. Mỗi túi bài thi phải
được kiểm tra công khai và đối chiếu số bài và số tờ của từng bài kèm theo biên bản theo dõi
SV và các biên bản xử lý vi phạm cùng tang vật (nếu có);
11. Sau khi bàn giao xong bài thi, từng túi đựng bài thi được cán bộ trực thi niêm phong
và ký niêm phong. Cán bộ trực thi và 01 CBCT ghi rõ họ tên và ký vào biên bản bàn giao.
Tuyệt đối không được để nhầm lẫn hoặc mất bài thi.
12. Đối với môn thi trắc nghiệm, ngoài trách nhiệm được quy định tại Khoản 1 Điều này,
CBCT phải thực hiện các công việc sau:
a) Nhận phiếu trả lời trắc nghiệm (TLTN), kí tên vào phiếu TLTN.
b) Phát phiếu TLTN và hướng dẫn SV điền vào phiếu TLTN.
c) Phát đề thi cho SV sao cho 2 SV ngồi cạnh nhau (theo cả hàng ngang và hàng dọc)
không có cùng mã đề thi.
d) Kiểm tra việc ghi và tô mã đề thi vào phiếu TLTN của SV (so sánh mã đề thi đã ghi, tô
trên phiếu TLTN và ghi trên phiếu thu bài thi với mã đề thi ghi trên tờ đề thi của SV).
e) Bàn giao cho cán bộ trực thi túi phiếu TLTN và các phiếu TLTN chưa sử dụng.
13. Đối với môn thi trên máy tính tại phòng máy, ngoài trách nhiệm được quy định tại
Khoản 1 Điều này, CBCT phải thực hiện các công việc sau:
a) Đảm bảo khoảng cách hợp lý giữa 02 SV.
b) Kiểm tra việc máy tính có được truy cập internet hoặc mạng cục bộ theo quy định ghi
trên đề thi."
1139,khoan,Khoản 1,,2/12/1,12001.0,"CBCT phải có mặt tại địa điểm tập trung của đơn vị tổ chức thi ít nhất 15 phút trước
giờ bắt đầu thi để nhận danh sách thi, giấy thi, giấy nháp, túi đề thi (yêu cầu kiểm tra kỹ niêm
phong túi đề) và nghe phổ biến các quy định cần thiết (trong trường hợp cần thiết)."
1139,khoan,Khoản 10,,2/12/10,12010.0,"Các CBCT kiểm tra sắp xếp bài thi theo thứ tự SV trong danh sách. Các biên bản xử
lý vi phạm (nếu có) phải kèm theo bài thi của SV. Một CBCT mang túi bài thi đến bàn giao
bài thi cho cán bộ trực thi của đơn vị tổ chức thi ngay sau mỗi buổi thi. Mỗi túi bài thi phải
được kiểm tra công khai và đối chiếu số bài và số tờ của từng bài kèm theo biên bản theo dõi
SV và các biên bản xử lý vi phạm cùng tang vật (nếu có);"
1139,khoan,Khoản 11,,2/12/11,12011.0,"Sau khi bàn giao xong bài thi, từng túi đựng bài thi được cán bộ trực thi niêm phong
và ký niêm phong. Cán bộ trực thi và 01 CBCT ghi rõ họ tên và ký vào biên bản bàn giao.
Tuyệt đối không được để nhầm lẫn hoặc mất bài thi."
1139,khoan,Khoản 12,,2/12/12,12012.0,"Đối với môn thi trắc nghiệm, ngoài trách nhiệm được quy định tại Khoản 1 Điều này,
CBCT phải thực hiện các công việc sau:
a) Nhận phiếu trả lời trắc nghiệm (TLTN), kí tên vào phiếu TLTN.
b) Phát phiếu TLTN và hướng dẫn SV điền vào phiếu TLTN.
c) Phát đề thi cho SV sao cho 2 SV ngồi cạnh nhau (theo cả hàng ngang và hàng dọc)
không có cùng mã đề thi.
d) Kiểm tra việc ghi và tô mã đề thi vào phiếu TLTN của SV (so sánh mã đề thi đã ghi, tô
trên phiếu TLTN và ghi trên phiếu thu bài thi với mã đề thi ghi trên tờ đề thi của SV).
e) Bàn giao cho cán bộ trực thi túi phiếu TLTN và các phiếu TLTN chưa sử dụng."
1139,diem,Điểm a),,2/12/12/a,12012.01,"Nhận phiếu trả lời trắc nghiệm (TLTN), kí tên vào phiếu TLTN."
1139,diem,Điểm b),,2/12/12/b,12012.02,Phát phiếu TLTN và hướng dẫn SV điền vào phiếu TLTN.
1139,diem,Điểm c),,2/12/12/c,12012.03,"Phát đề thi cho SV sao cho 2 SV ngồi cạnh nhau (theo cả hàng ngang và hàng dọc)
không có cùng mã đề thi."
1139,diem,Điểm d),,2/12/12/d,12012.04,"Kiểm tra việc ghi và tô mã đề thi vào phiếu TLTN của SV (so sánh mã đề thi đã ghi, tô
trên phiếu TLTN và ghi trên phiếu thu bài thi với mã đề thi ghi trên tờ đề thi của SV)."
1139,diem,Điểm e),,2/12/12/e,12012.05,Bàn giao cho cán bộ trực thi túi phiếu TLTN và các phiếu TLTN chưa sử dụng.
1139,khoan,Khoản 13,,2/12/13,12013.0,"Đối với môn thi trên máy tính tại phòng máy, ngoài trách nhiệm được quy định tại
Khoản 1 Điều này, CBCT phải thực hiện các công việc sau:
a) Đảm bảo khoảng cách hợp lý giữa 02 SV.
b) Kiểm tra việc máy tính có được truy cập internet hoặc mạng cục bộ theo quy định ghi
trên đề thi."
1139,diem,Điểm a),,2/12/13/a,12013.01,Đảm bảo khoảng cách hợp lý giữa 02 SV.
1139,diem,Điểm b),,2/12/13/b,12013.02,"Kiểm tra việc máy tính có được truy cập internet hoặc mạng cục bộ theo quy định ghi
trên đề thi."
1139,khoan,Khoản 2,,2/12/2,12002.0,"Trước giờ thi 10 phút, tại phòng thi, các CBCT phải hoàn tất đánh số chỗ ngồi theo
danh sách (dùng số thứ tự SV trong danh sách để đánh số) – tuyệt đối không để SV tự sắp
chỗ trong phòng thi. Trong thời gian coi thi, CBCT kiểm tra giấy tờ chứng minh cá nhân hợp
lệ, đối chiếu hình, đối chiếu tên với danh sách dự thi. CBCT không được cho vào phòng thi
các SV không có tên trong danh sách và cũng không có giấy vào phòng thi được cấp bởi
P.ĐTĐH. Nếu SV có khiếu nại, CBCT hướng dẫn SV tới ngay P.ĐTĐH để xác minh giải
quyết. CBCT lưu ý thu lại giấy vào phòng thi của SV để bàn giao cùng túi bài thi."
1139,khoan,Khoản 3,,2/12/3,12003.0,"CBCT phổ biến quy chế, quy định, trách nhiệm của sinh viên dự thi (Điều 13 Quy định
này); giấy thi và giấy nháp của SV phải có đầy đủ chữ ký, ghi rõ họ tên của tất cả CBCT;
hướng dẫn và kiểm tra SV gấp giấy thi đúng quy cách, ghi số thứ tự và điền đủ vào các mục
cần thiết của giấy thi trước khi làm bài; ghi thông tin tên môn thi, thời gian thi và biểu đồ thời
gian lên bảng."
1139,khoan,Khoản 4,,2/12/4,12004.0,"Khi bắt đầu giờ mở đề, 1 CBCT giơ cao phong bì đề thi để SV thấy rõ cả mặt trước và
mặt sau còn nguyên nhãn niêm phong, mời 1 đại diện SV ký tên xác nhận tình trạng niêm
phong lên nhãn của túi đề thi; bóc phong bì đựng đề thi và phát đề thi cho từng SV (trước khi
phát đề thi cần kiểm tra số lượng đề thi, nếu thiếu hoặc lẫn đề khác, cần báo ngay cho cán bộ
trực thi của đơn vị tổ chức thi xử lý). Khi sinh viên cuối cùng nhận được đề thi, CBCT cho
phép sinh viên lật đề thi lên và yêu cầu sinh viên kiểm tra tình trạng đề thi trước khi làm bài.
Nếu có bất kỳ vấn đề gì về đề thi, CBCT cần báo ngay cho cán bộ trực thi của đơn vị tổ chức
thi xử lý. CBCT phải phát đề thi đúng giờ qui định bắt đầu ca thi."
1139,khoan,Khoản 5,,2/12/5,12005.0,"Trong giờ làm bài, phải luôn có CBCT bao quát từ đầu phòng đến cuối phòng và CBCT
bao quát từ cuối phòng đến đầu phòng cho đến hết giờ thi. CBCT không đứng gần SV khi họ
làm bài. Khi SV hỏi điều gì, CBCT chỉ được trả lời công khai trong phạm vi quy định."
1139,khoan,Khoản 6,,2/12/6,12006.0,"CBCT không được giúp đỡ SV làm bài thi dưới bất kỳ hình thức nào; không được làm
việc riêng, không được hút thuốc, uống bia, rượu, phải có mặt đúng giờ và thường xuyên tại
8
phòng thi để làm các nhiệm vụ. Các CBCT phải bảo vệ đề thi trong khi thi, không để lọt đề
thi ra ngoài phòng thi. Các CBCT và những người làm nhiệm vụ phục vụ thi không được thảo
luận, sao chép, giải đề, mang đề ra ngoài hoặc giải thích đề thi cho SV."
1139,khoan,Khoản 7,,2/12/7,12007.0,"Nếu có SV vi phạm quy định thi thì CBCT phải lập biên bản xử lý (Mẫu THI-M06).
Nếu có tình huống bất thường phải báo cáo ngay cho Trưởng đơn vị tổ chức thi giải quyết;"
1139,khoan,Khoản 8,,2/12/8,12008.0,Trước khi hết giờ làm bài 15 phút CBCT thông báo thời gian còn lại cho SV biết;
1139,khoan,Khoản 9,,2/12/9,12009.0,"Khi hết giờ làm bài, CBCT yêu cầu SV ngừng làm bài và thu bài của tất cả SV, kể cả
SV đã bị xử lý vi phạm. Một CBCT duy trì trật tự và kỷ luật phòng thi. Một CBCT vừa gọi
tên từng SV lên nộp bài, vừa nhận bài thi của SV. Khi nhận bài phải đếm đủ số tờ giấy thi của
SV đã nộp, yêu cầu SV tự ghi đúng số tờ và ký tên vào danh sách. CBCT tuyệt đối không tự
ý thêm tên và cho SV ký thêm vào danh sách thi."
1139,dieu,Điều 13,Trách nhiệm của sinh viên dự thi,2/13,2013.0,"1. SV phải có mặt tại phòng thi trước 15 phút theo thời gian ghi trong lịch thi do P.ĐTĐH
công bố. SV đến chậm quá 15 phút sau khi đã bóc đề thi thì không được dự thi.
2. Khi vào phòng thi, SV phải tuân thủ các quy định sau đây:
a) Xuất trình giấy tờ cá nhân hợp lệ khi CBCT yêu cầu;
9
b) Không được mang vào khu vực thi và phòng thi vũ khí, chất gây nổ, gây cháy, bia,
rượu. Không được hút thuốc trong phòng thi;
c) Trước khi làm bài thi phải ghi đầy đủ họ tên, MSSV vào giấy thi, giấy nháp;
d) Bài làm phải viết rõ ràng, sạch sẽ, không nhàu nát. Nghiêm cấm làm bài bằng hai thứ
mực, mực đỏ, bút chì (trừ hình tròn vẽ bằng com-pa được dùng bút chì). Các phần viết
hỏng phải dùng thước gạch chéo, không dùng bút xóa;
e) Phải bảo vệ bài làm của mình, không được xem bài của SV khác, không được trao đổi
ý kiến, trao đổi tài liệu khi làm bài; Không được sử dụng các vật dụng giúp gian lận trong
khi thi như: tài liệu bị cấm sử dụng, phương tiện thông tin liên lạc,…;
f) Nếu cần hỏi CBCT điều gì phải hỏi công khai. Phải giữ gìn trật tự, im lặng trong phòng
thi. Trường hợp ốm đau bất thường phải báo cáo để CBCT xử lý;
g) Khi hết giờ thi phải ngừng làm bài và chờ CBCT gọi tên để nộp bài. Không làm được
bài, SV cũng phải nộp giấy thi. Khi nộp bài, SV phải tự ghi rõ số tờ giấy thi đã nộp và ký
tên xác nhận vào bản danh sách theo dõi SV;
h) SV chỉ được ra khỏi phòng thi sau 2/3 thời gian làm bài và sau khi đã nộp bài làm và
đề thi cho CBCT, trừ trường hợp ốm đau cần cấp cứu do CB trực lãnh đạo thi quyết định.
3. Khi dự thi các môn trắc nghiệm:
a) SV phải làm bài thi trên phiếu TLTN được in sẵn; bài làm phải có chữ kí của CBCT.
Trên phiếu TLTN chỉ được viết một thứ mực, không phải là mực đỏ. Các ô số báo danh,
ô mã đề thi, ô trả lời chỉ được tô bằng bút chì đen. Trong trường hợp tô nhầm hoặc muốn
thay đổi câu trả lời, SV phải tẩy sạch chì ở ô cũ, rồi tô kín ô khác mà mình lựa chọn;
b) Điền chính xác và đủ thông tin vào các mục trống ở phía trên phiếu TLTN, điền chính
xác mã đề thi vào hai phiếu thu bài thi;
c) Khi nhận đề thi phải để đề thi dưới tờ phiếu TLTN; không được xem đề thi khi CBCT
chưa cho phép;
d) Phải kiểm tra đề thi để đảm bảo: đề thi có đủ số lượng câu trắc nghiệm như đã ghi
trong đề; nội dung đề được in rõ ràng, không thiếu chữ, mất nét; tất cả các trang của đề thi
đều ghi cùng một mã đề thi. Nếu có những chi tiết bất thường trong đề thi, hoặc có 2 đề
thi trở lên, SV phải báo ngay cho CBCT để xử lý;
e) Khi hết giờ làm bài thi trắc nghiệm, có lệnh thu bài SV phải ngừng làm bài, đặt phiếu
TLTN lên trên đề thi và chờ nộp phiếu TLTN theo hướng dẫn của CBCT. SV không làm
được bài vẫn phải nộp phiếu TLTN. Khi nộp phiếu TLTN, SV phải ký tên vào phiếu thu
bài thi;
4. Đối với môn thi trên máy tính tại phòng máy:
a) Chỉ được phép truy cập internet hoặc mạng cục bộ theo quy định ghi trên đề thi.
b) Thực hiện nộp bài thi vào thư mục hoặc vị trí được đề thi chỉ định.
c) Nghiêm cấm việc tự ý tạo thư mục chia sẻ khi không có sự cho phép của CBCT.
10"
1139,khoan,Khoản 1,,2/13/1,13001.0,"SV phải có mặt tại phòng thi trước 15 phút theo thời gian ghi trong lịch thi do P.ĐTĐH
công bố. SV đến chậm quá 15 phút sau khi đã bóc đề thi thì không được dự thi."
1139,khoan,Khoản 2,,2/13/2,13002.0,"Khi vào phòng thi, SV phải tuân thủ các quy định sau đây:
a) Xuất trình giấy tờ cá nhân hợp lệ khi CBCT yêu cầu;
9
b) Không được mang vào khu vực thi và phòng thi vũ khí, chất gây nổ, gây cháy, bia,
rượu. Không được hút thuốc trong phòng thi;
c) Trước khi làm bài thi phải ghi đầy đủ họ tên, MSSV vào giấy thi, giấy nháp;
d) Bài làm phải viết rõ ràng, sạch sẽ, không nhàu nát. Nghiêm cấm làm bài bằng hai thứ
mực, mực đỏ, bút chì (trừ hình tròn vẽ bằng com-pa được dùng bút chì). Các phần viết
hỏng phải dùng thước gạch chéo, không dùng bút xóa;
e) Phải bảo vệ bài làm của mình, không được xem bài của SV khác, không được trao đổi
ý kiến, trao đổi tài liệu khi làm bài; Không được sử dụng các vật dụng giúp gian lận trong
khi thi như: tài liệu bị cấm sử dụng, phương tiện thông tin liên lạc,…;
f) Nếu cần hỏi CBCT điều gì phải hỏi công khai. Phải giữ gìn trật tự, im lặng trong phòng
thi. Trường hợp ốm đau bất thường phải báo cáo để CBCT xử lý;
g) Khi hết giờ thi phải ngừng làm bài và chờ CBCT gọi tên để nộp bài. Không làm được
bài, SV cũng phải nộp giấy thi. Khi nộp bài, SV phải tự ghi rõ số tờ giấy thi đã nộp và ký
tên xác nhận vào bản danh sách theo dõi SV;
h) SV chỉ được ra khỏi phòng thi sau 2/3 thời gian làm bài và sau khi đã nộp bài làm và
đề thi cho CBCT, trừ trường hợp ốm đau cần cấp cứu do CB trực lãnh đạo thi quyết định."
1139,diem,Điểm a),,2/13/2/a,13002.01,"Xuất trình giấy tờ cá nhân hợp lệ khi CBCT yêu cầu;
9"
1139,diem,Điểm b),,2/13/2/b,13002.02,"Không được mang vào khu vực thi và phòng thi vũ khí, chất gây nổ, gây cháy, bia,
rượu. Không được hút thuốc trong phòng thi;"
1139,diem,Điểm c),,2/13/2/c,13002.03,"Trước khi làm bài thi phải ghi đầy đủ họ tên, MSSV vào giấy thi, giấy nháp;"
1139,diem,Điểm d),,2/13/2/d,13002.04,"Bài làm phải viết rõ ràng, sạch sẽ, không nhàu nát. Nghiêm cấm làm bài bằng hai thứ
mực, mực đỏ, bút chì (trừ hình tròn vẽ bằng com-pa được dùng bút chì). Các phần viết
hỏng phải dùng thước gạch chéo, không dùng bút xóa;"
1139,diem,Điểm e),,2/13/2/e,13002.05,"Phải bảo vệ bài làm của mình, không được xem bài của SV khác, không được trao đổi
ý kiến, trao đổi tài liệu khi làm bài; Không được sử dụng các vật dụng giúp gian lận trong
khi thi như: tài liệu bị cấm sử dụng, phương tiện thông tin liên lạc,…;"
1139,diem,Điểm f),,2/13/2/f,13002.06,"Nếu cần hỏi CBCT điều gì phải hỏi công khai. Phải giữ gìn trật tự, im lặng trong phòng
thi. Trường hợp ốm đau bất thường phải báo cáo để CBCT xử lý;"
1139,diem,Điểm g),,2/13/2/g,13002.07,"Khi hết giờ thi phải ngừng làm bài và chờ CBCT gọi tên để nộp bài. Không làm được
bài, SV cũng phải nộp giấy thi. Khi nộp bài, SV phải tự ghi rõ số tờ giấy thi đã nộp và ký
tên xác nhận vào bản danh sách theo dõi SV;"
1139,diem,Điểm h),,2/13/2/h,13002.08,"SV chỉ được ra khỏi phòng thi sau 2/3 thời gian làm bài và sau khi đã nộp bài làm và
đề thi cho CBCT, trừ trường hợp ốm đau cần cấp cứu do CB trực lãnh đạo thi quyết định."
1139,khoan,Khoản 3,,2/13/3,13003.0,"Khi dự thi các môn trắc nghiệm:
a) SV phải làm bài thi trên phiếu TLTN được in sẵn; bài làm phải có chữ kí của CBCT.
Trên phiếu TLTN chỉ được viết một thứ mực, không phải là mực đỏ. Các ô số báo danh,
ô mã đề thi, ô trả lời chỉ được tô bằng bút chì đen. Trong trường hợp tô nhầm hoặc muốn
thay đổi câu trả lời, SV phải tẩy sạch chì ở ô cũ, rồi tô kín ô khác mà mình lựa chọn;
b) Điền chính xác và đủ thông tin vào các mục trống ở phía trên phiếu TLTN, điền chính
xác mã đề thi vào hai phiếu thu bài thi;
c) Khi nhận đề thi phải để đề thi dưới tờ phiếu TLTN; không được xem đề thi khi CBCT
chưa cho phép;
d) Phải kiểm tra đề thi để đảm bảo: đề thi có đủ số lượng câu trắc nghiệm như đã ghi
trong đề; nội dung đề được in rõ ràng, không thiếu chữ, mất nét; tất cả các trang của đề thi
đều ghi cùng một mã đề thi. Nếu có những chi tiết bất thường trong đề thi, hoặc có 2 đề
thi trở lên, SV phải báo ngay cho CBCT để xử lý;
e) Khi hết giờ làm bài thi trắc nghiệm, có lệnh thu bài SV phải ngừng làm bài, đặt phiếu
TLTN lên trên đề thi và chờ nộp phiếu TLTN theo hướng dẫn của CBCT. SV không làm
được bài vẫn phải nộp phiếu TLTN. Khi nộp phiếu TLTN, SV phải ký tên vào phiếu thu
bài thi;"
1139,diem,Điểm a),,2/13/3/a,13003.01,"SV phải làm bài thi trên phiếu TLTN được in sẵn; bài làm phải có chữ kí của CBCT.
Trên phiếu TLTN chỉ được viết một thứ mực, không phải là mực đỏ. Các ô số báo danh,
ô mã đề thi, ô trả lời chỉ được tô bằng bút chì đen. Trong trường hợp tô nhầm hoặc muốn
thay đổi câu trả lời, SV phải tẩy sạch chì ở ô cũ, rồi tô kín ô khác mà mình lựa chọn;"
1139,diem,Điểm b),,2/13/3/b,13003.02,"Điền chính xác và đủ thông tin vào các mục trống ở phía trên phiếu TLTN, điền chính
xác mã đề thi vào hai phiếu thu bài thi;"
1139,diem,Điểm c),,2/13/3/c,13003.03,"Khi nhận đề thi phải để đề thi dưới tờ phiếu TLTN; không được xem đề thi khi CBCT
chưa cho phép;"
1139,diem,Điểm d),,2/13/3/d,13003.04,"Phải kiểm tra đề thi để đảm bảo: đề thi có đủ số lượng câu trắc nghiệm như đã ghi
trong đề; nội dung đề được in rõ ràng, không thiếu chữ, mất nét; tất cả các trang của đề thi
đều ghi cùng một mã đề thi. Nếu có những chi tiết bất thường trong đề thi, hoặc có 2 đề
thi trở lên, SV phải báo ngay cho CBCT để xử lý;"
1139,diem,Điểm e),,2/13/3/e,13003.05,"Khi hết giờ làm bài thi trắc nghiệm, có lệnh thu bài SV phải ngừng làm bài, đặt phiếu
TLTN lên trên đề thi và chờ nộp phiếu TLTN theo hướng dẫn của CBCT. SV không làm
được bài vẫn phải nộp phiếu TLTN. Khi nộp phiếu TLTN, SV phải ký tên vào phiếu thu
bài thi;"
1139,khoan,Khoản 4,,2/13/4,13004.0,"Đối với môn thi trên máy tính tại phòng máy:
a) Chỉ được phép truy cập internet hoặc mạng cục bộ theo quy định ghi trên đề thi.
b) Thực hiện nộp bài thi vào thư mục hoặc vị trí được đề thi chỉ định.
c) Nghiêm cấm việc tự ý tạo thư mục chia sẻ khi không có sự cho phép của CBCT.
10"
1139,diem,Điểm a),,2/13/4/a,13004.01,Chỉ được phép truy cập internet hoặc mạng cục bộ theo quy định ghi trên đề thi.
1139,diem,Điểm b),,2/13/4/b,13004.02,Thực hiện nộp bài thi vào thư mục hoặc vị trí được đề thi chỉ định.
1139,diem,Điểm c),,2/13/4/c,13004.03,"Nghiêm cấm việc tự ý tạo thư mục chia sẻ khi không có sự cho phép của CBCT.
10"
1139,dieu,Điều 14,"Quy trình tổ chức thi (đối với hình thức tự luận, trắc nghiệm)",2/14,2014.0,"1. Đầu vào, đầu ra, thời gian:
Đầu vào: Lịch thi, danh sách CBCT, túi đề thi, sổ theo dõi bàn giao đề thi và bài thi.
Đầu ra: Túi bài thi, sổ theo dõi bàn giao đề thi và bài thi có thông tin bàn giao, danh sách
CBCT cập nhật (khi có sự thay đổi).
Thời gian: Quy trình diễn ra trong ngày thi.
2. Sơ đồ tóm tắt"
1139,khoan,Khoản 1,,2/14/1,14001.0,"Đầu vào, đầu ra, thời gian:
Đầu vào: Lịch thi, danh sách CBCT, túi đề thi, sổ theo dõi bàn giao đề thi và bài thi.
Đầu ra: Túi bài thi, sổ theo dõi bàn giao đề thi và bài thi có thông tin bàn giao, danh sách
CBCT cập nhật (khi có sự thay đổi).
Thời gian: Quy trình diễn ra trong ngày thi."
1139,khoan,Khoản 2,,2/14/2,14002.0,Sơ đồ tóm tắt
1139,dieu,Điều 15,"Quy trình tổ chức thi (đối với hình thức vấn đáp, đồ án)",2/15,2015.0,"1. Đầu vào, đầu ra
Đầu vào: Thời khóa biểu của học kỳ, thông tin môn học ghi trong đề cương môn học.
Đầu ra: Lịch thi, danh sách phân công CBCT, danh sách SV các phòng thi, danh sách
phòng thi.
Thời gian: Quy trình được tính bằng ngày (gồm cả ngày nghỉ), diễn ra theo các mốc thời
gian: ngày thi đầu tiên của đợt thi t1; ngày thi của môn học t2.
KH
OA/
P.Đ
TĐ
H/V
PĐB
C
B
C
T
1a. Giao
túi đề thi
cho
CBCT
6. Nhận,
kiểm
tra
túi bài thi
và
các
giấy tờ
1b. Nhận
túi đề thi
2.
Đánh
số
chỗ
ngồi, đọc
tên
thí
sinh vào
phòng thi
3.
Kiểm
tra giấy tờ
tùy
thân
và
nhận
diện
SV
dự thi
4a.
Phát
đề thi, bao
quát
phòng thi,
báo cáo sự
cố
5. Thu bài
thi và cho
SV ký tên,
ghi thông
tin
vào
DS
4b. Xử lý
sự cố phát
sinh
11
2. Sơ đồ tóm tắt
3. Nội dung quy trình
Bước
Quy trình
Mô tả chi tiết công việc
Thời
hạn
hoàn
thành
(ngày)
Đơn vị
thực hiện
Đơn vị
phối
hợp
Biểu
mẫu
1
Xuất lịch
thi
Căn cứ vào kế hoạch thi,
cùng thời điểm xuất danh
sách môn thi Lý thuyết dự
kiến, hệ thống xuất lịch thi
Đồ án, Vấn đáp dựa trên
thông tin môn học . Lịch thi
dự kiến theo lịch thi mẫu,
bao gồm tất cả các môn thi
có hình thức cuối kỳ là Đồ
án, Vấn đáp (ngoại trừ
KLTN,
TTDN,
Đồ
án
chuyên ngành)
t1-30
P.ĐTĐH/
VPĐB
ĐVQL
MH
Mẫu lịch
thi (THI-
M09)
2
Điền thông
tin thời
gian thi,
phòng thi,
giảng viên
chấm
– Khoa điền thông tin phòng
thi, thời gian thi (ưu tiên
phòng theo TKB, không
trong thời gian thi tập trung),
giảng viên chấm thi
t1-10
ĐVQLM
H
Mẫu lịch
thi (THI-
M09)
1.
Xuất
danh sách
môn thi
2. Điền thông
tin thời gian
thi, phòng thi,
giảng
viên
chấm thi
3. Kiểm tra,
import lịch
thi vào hệ
thống
4.
Phân
danh sách
SV
vào
phòng thi
5. Thông
báo
lịch
thi
Đ
V
Q
L
M
H
P.ĐTĐH/
VPĐB
12
3
Kiểm tra,
import lịch
thi vào hệ
thống
– P.ĐTĐH, VPĐB kiểm tra
và import lịch thi
t2-7
P.ĐTĐH,
VPĐB
Mẫu lịch
thi (THI-
M09)
4
Đổ danh
sách thí
sinh vào
phòng thi
– P.ĐTĐH, VPĐB thực
hiện đổ danh sách SV vào
các phòng thi
t2-7
P.ĐTĐH,
VPĐB
5
Thông báo
lịch thi
– P.ĐTĐH, VPĐB thông
báo thông tin đến SV thông
qua các kênh hiện có
t2-7
P.ĐTĐH,
VPĐB"
1139,khoan,Khoản 1,,2/15/1,15001.0,"Đầu vào, đầu ra
Đầu vào: Thời khóa biểu của học kỳ, thông tin môn học ghi trong đề cương môn học.
Đầu ra: Lịch thi, danh sách phân công CBCT, danh sách SV các phòng thi, danh sách
phòng thi.
Thời gian: Quy trình được tính bằng ngày (gồm cả ngày nghỉ), diễn ra theo các mốc thời
gian: ngày thi đầu tiên của đợt thi t1; ngày thi của môn học t2.
KH
OA/
P.Đ
TĐ
H/V
PĐB
C
B
C
T
1a. Giao
túi đề thi
cho
CBCT"
1139,khoan,Khoản 1,,2/15/1,15001.0,"Xuất
danh sách
môn thi"
1139,khoan,Khoản 2,,2/15/2,15002.0,"Đánh
số
chỗ
ngồi, đọc
tên
thí
sinh vào
phòng thi"
1139,khoan,Khoản 2,,2/15/2,15002.0,Sơ đồ tóm tắt
1139,khoan,Khoản 2,,2/15/2,15002.0,"Điền thông
tin thời gian
thi, phòng thi,
giảng
viên
chấm thi"
1139,khoan,Khoản 3,,2/15/3,15003.0,"Kiểm
tra giấy tờ
tùy
thân
và
nhận
diện
SV
dự thi
4a.
Phát
đề thi, bao
quát
phòng thi,
báo cáo sự
cố"
1139,khoan,Khoản 3,,2/15/3,15003.0,"Nội dung quy trình
Bước
Quy trình
Mô tả chi tiết công việc
Thời
hạn
hoàn
thành
(ngày)
Đơn vị
thực hiện
Đơn vị
phối
hợp
Biểu
mẫu
1
Xuất lịch
thi
Căn cứ vào kế hoạch thi,
cùng thời điểm xuất danh
sách môn thi Lý thuyết dự
kiến, hệ thống xuất lịch thi
Đồ án, Vấn đáp dựa trên
thông tin môn học . Lịch thi
dự kiến theo lịch thi mẫu,
bao gồm tất cả các môn thi
có hình thức cuối kỳ là Đồ
án, Vấn đáp (ngoại trừ
KLTN,
TTDN,
Đồ
án
chuyên ngành)
t1-30
P.ĐTĐH/
VPĐB
ĐVQL
MH
Mẫu lịch
thi (THI-
M09)
2
Điền thông
tin thời
gian thi,
phòng thi,
giảng viên
chấm
– Khoa điền thông tin phòng
thi, thời gian thi (ưu tiên
phòng theo TKB, không
trong thời gian thi tập trung),
giảng viên chấm thi
t1-10
ĐVQLM
H
Mẫu lịch
thi (THI-
M09)"
1139,khoan,Khoản 3,,2/15/3,15003.0,"Kiểm tra,
import lịch
thi vào hệ
thống"
1139,khoan,Khoản 4,,2/15/4,15004.0,"Phân
danh sách
SV
vào
phòng thi"
1139,khoan,Khoản 5,,2/15/5,15005.0,"Thu bài
thi và cho
SV ký tên,
ghi thông
tin
vào
DS
4b. Xử lý
sự cố phát
sinh
11"
1139,khoan,Khoản 5,,2/15/5,15005.0,"Thông
báo
lịch
thi
Đ
V
Q
L
M
H
P.ĐTĐH/
VPĐB
12
3
Kiểm tra,
import lịch
thi vào hệ
thống
– P.ĐTĐH, VPĐB kiểm tra
và import lịch thi
t2-7
P.ĐTĐH,
VPĐB
Mẫu lịch
thi (THI-
M09)
4
Đổ danh
sách thí
sinh vào
phòng thi
– P.ĐTĐH, VPĐB thực
hiện đổ danh sách SV vào
các phòng thi
t2-7
P.ĐTĐH,
VPĐB
5
Thông báo
lịch thi
– P.ĐTĐH, VPĐB thông
báo thông tin đến SV thông
qua các kênh hiện có
t2-7
P.ĐTĐH,
VPĐB"
1139,khoan,Khoản 6,,2/15/6,15006.0,"Nhận,
kiểm
tra
túi bài thi
và
các
giấy tờ
1b. Nhận
túi đề thi"
1139,dieu,Điều 5,Trách nhiệm chuẩn bị và tổ chức thi,2/5,2005.0,"P.ĐTĐH, Văn phòng các Chương trình đặc biệt (VPĐB) và các khoa, bộ môn, trung tâm
(gọi tắt là Đơn vị quản lý môn học - ĐVQLMH) có trách nhiệm chuẩn bị và tổ chức thi cho
những môn học do mình quản lý. Đơn vị có trách nhiệm chuẩn bị và tổ chức thi cho môn học
được gọi tắt là Đơn vị tổ chức thi."
1139,khoan,Khoản 1,,2/5/1,5001.0,"P.ĐTĐH, Văn phòng các Chương trình đặc biệt (VPĐB) và các khoa, bộ môn, trung tâm
(gọi tắt là Đơn vị quản lý môn học - ĐVQLMH) có trách nhiệm chuẩn bị và tổ chức thi cho
những môn học do mình quản lý. Đơn vị có trách nhiệm chuẩn bị và tổ chức thi cho môn học
được gọi tắt là Đơn vị tổ chức thi."
1139,dieu,Điều 6,"Xếp lịch thi, chuẩn bị danh sách SV dự thi và vật tư thi",2/6,2006.0,"Căn cứ trên thời khóa biểu của học kỳ và thông tin về môn học trong đề cương môn học
(hình thức đánh giá, các thành phần điểm,…), P.ĐTĐH/VPĐB xếp lịch thi và thông báo lịch
thi đến SV và các đơn vị liên quan.
P.ĐTĐH/VPĐB chuẩn bị danh sách SV dự thi và vật tư thi (túi đựng đề thi, giấy thi, giấy
nháp và giấy làm bài thi trắc nghiệm). P.ĐTĐH/VPĐB bàn giao danh sách SV dự thi và vật
tư thi cho Khoa theo số lượng cần thiết. Đơn vị tổ chức thi chia vật tư thi cho từng phòng thi."
1139,khoan,Khoản 1,,2/6/1,6001.0,"Căn cứ trên thời khóa biểu của học kỳ và thông tin về môn học trong đề cương môn học
(hình thức đánh giá, các thành phần điểm,…), P.ĐTĐH/VPĐB xếp lịch thi và thông báo lịch
thi đến SV và các đơn vị liên quan.
P.ĐTĐH/VPĐB chuẩn bị danh sách SV dự thi và vật tư thi (túi đựng đề thi, giấy thi, giấy
nháp và giấy làm bài thi trắc nghiệm). P.ĐTĐH/VPĐB bàn giao danh sách SV dự thi và vật
tư thi cho Khoa theo số lượng cần thiết. Đơn vị tổ chức thi chia vật tư thi cho từng phòng thi."
1139,dieu,Điều 7,Phân công cán bộ coi thi (CBCT),2/7,2007.0,"Thực hiện theo quyết định hiện hành về việc ban hành Quy trình phân công CBCT cho các
đợt thi tập trung hệ đại học chính quy."
1139,khoan,Khoản 1,,2/7/1,7001.0,"Thực hiện theo quyết định hiện hành về việc ban hành Quy trình phân công CBCT cho các
đợt thi tập trung hệ đại học chính quy."
1139,dieu,Điều 8,Ra đề thi và in đề thi,2/8,2008.0,"1. Đơn vị quản lý chuyên môn của môn học (Khoa/Bộ môn/Tổ phụ trách môn học) chịu
trách nhiệm cử cán bộ ra đề thi và đáp án theo thang điểm 10 kèm các điểm chi tiết. Cán bộ
ra đề thi và đơn vị tổ chức thi chịu trách nhiệm về việc bảo mật đề thi và đáp án. Cán bộ được
phân công ra đề thi và đáp án chịu trách nhiệm về sự chính xác của đề thi, đáp án và xử lý các
khiếu nại của SV sau khi thi (nếu có). Trên đề thi gốc có chữ ký của cán bộ ra đề thi; Chữ ký
của người ra đề thi phải được che lại khi nhân đề thi.
2. Nội dung đề thi phải thể hiện rõ các chuẩn đầu ra cần kiểm tra theo đề cương của môn
học (Tham khảo mẫu đề thi “THI-M11” tại Phụ lục). Lời văn, câu chữ phải rõ ràng, không có
sai sót. Đề thi đảm bảo thời gian làm bài tối thiểu là 60 phút và tối đa là 120 phút (trường hợp
khác phải có sự phê duyệt của Hiệu trưởng). Trong thời gian thi, cán bộ ra đề thi của môn thi
phải có mặt để xử lý những sự cố phát sinh khi cần thiết (cán bộ ra đề thi có thể là cán bộ coi
thi).
4
3. Các lớp học cùng một môn học được tổ chức thi cùng thời gian, theo cùng đề thi và
cùng hình thức thi. Đối với các lớp chương trình đặc biệt có thể sử dụng đề riêng hoặc tỉ lệ
đánh giá khác nhưng phải được sự phê duyệt của Hiệu trưởng.
4. Đề thi theo hình thức trắc nghiệm phải có tối thiểu 20 câu. Mỗi phòng thi có tối thiểu
4 mã đề trắc nghiệm khác nhau được đánh mã số hoặc ký hiệu riêng để phân biệt.
5. Đề thi theo hình thức vấn đáp gồm bộ các câu hỏi liên quan đến nội dung môn học.
Cán bộ chấm thi sử dụng các câu hỏi trong đề thi để hỏi thi SV.
6. Trên đề thi có ghi đầy đủ thông tin về: môn thi, thời gian thi, quy định về việc sử dụng
tài liệu, sử dụng máy tính. Trường hợp tổ chức thi trên máy tính tại phòng máy của Trường,
đề thi phải ghi rõ quy định việc sử dụng internet, sử dụng mạng cục bộ, vị trí thư mục để nộp
bài và hướng dẫn cách thức thu bài cho CBCT."
1139,khoan,Khoản 1,,2/8/1,8001.0,"Đơn vị quản lý chuyên môn của môn học (Khoa/Bộ môn/Tổ phụ trách môn học) chịu
trách nhiệm cử cán bộ ra đề thi và đáp án theo thang điểm 10 kèm các điểm chi tiết. Cán bộ
ra đề thi và đơn vị tổ chức thi chịu trách nhiệm về việc bảo mật đề thi và đáp án. Cán bộ được
phân công ra đề thi và đáp án chịu trách nhiệm về sự chính xác của đề thi, đáp án và xử lý các
khiếu nại của SV sau khi thi (nếu có). Trên đề thi gốc có chữ ký của cán bộ ra đề thi; Chữ ký
của người ra đề thi phải được che lại khi nhân đề thi."
1139,khoan,Khoản 2,,2/8/2,8002.0,"Nội dung đề thi phải thể hiện rõ các chuẩn đầu ra cần kiểm tra theo đề cương của môn
học (Tham khảo mẫu đề thi “THI-M11” tại Phụ lục). Lời văn, câu chữ phải rõ ràng, không có
sai sót. Đề thi đảm bảo thời gian làm bài tối thiểu là 60 phút và tối đa là 120 phút (trường hợp
khác phải có sự phê duyệt của Hiệu trưởng). Trong thời gian thi, cán bộ ra đề thi của môn thi
phải có mặt để xử lý những sự cố phát sinh khi cần thiết (cán bộ ra đề thi có thể là cán bộ coi
thi).
4"
1139,khoan,Khoản 3,,2/8/3,8003.0,"Các lớp học cùng một môn học được tổ chức thi cùng thời gian, theo cùng đề thi và
cùng hình thức thi. Đối với các lớp chương trình đặc biệt có thể sử dụng đề riêng hoặc tỉ lệ
đánh giá khác nhưng phải được sự phê duyệt của Hiệu trưởng."
1139,khoan,Khoản 4,,2/8/4,8004.0,"Đề thi theo hình thức trắc nghiệm phải có tối thiểu 20 câu. Mỗi phòng thi có tối thiểu
4 mã đề trắc nghiệm khác nhau được đánh mã số hoặc ký hiệu riêng để phân biệt."
1139,khoan,Khoản 5,,2/8/5,8005.0,"Đề thi theo hình thức vấn đáp gồm bộ các câu hỏi liên quan đến nội dung môn học.
Cán bộ chấm thi sử dụng các câu hỏi trong đề thi để hỏi thi SV."
1139,khoan,Khoản 6,,2/8/6,8006.0,"Trên đề thi có ghi đầy đủ thông tin về: môn thi, thời gian thi, quy định về việc sử dụng
tài liệu, sử dụng máy tính. Trường hợp tổ chức thi trên máy tính tại phòng máy của Trường,
đề thi phải ghi rõ quy định việc sử dụng internet, sử dụng mạng cục bộ, vị trí thư mục để nộp
bài và hướng dẫn cách thức thu bài cho CBCT."
1139,dieu,Điều 9,Nhân đề thi và đóng gói đề thi,2/9,2009.0,"1. Đơn vị tổ chức thi có trách nhiệm nhân đề thi và đóng gói thành các túi đề thi cho
những môn thi mà mình phụ trách. Mỗi đợt thi, đơn vị tổ chức thi cử 01 cán bộ phụ trách
chính công tác nhân đề thi cho kỳ thi. Đơn vị tổ chức thi chuẩn bị nhãn túi đựng đề thi và liên
hệ Thư viện đăng ký lịch nhân đề thi.
2. Thư viện chịu trách nhiệm cử cán bộ hỗ trợ kỹ thuật trong quá trình nhân đề thi tại Thư
viện khi Đơn vị tổ chức thi yêu cầu.
3. Trường hợp tổ chức thi trên máy tính tại phòng máy thì Phòng Dữ liệu và Công nghệ
Thông tin cử cán bộ hỗ trợ kỹ thuật trong quá trình chuẩn bị phòng máy; quá trình nhập đề
thi, trộn đề thi; và hỗ trợ trong quá trình thi tại phòng máy.
4. Trong quá trình nhân đề thi, cán bộ phụ trách nhân đề thi phải kiểm tra chất lượng bản
in. Các bản in thử phải được thu lại và bảo quản theo chế độ tài liệu mật.
5. Khi đóng gói đề thi phải bảo đảm đề thi đúng môn thi ghi ở phong bì đề thi, đủ số
lượng đề thi cho từng phòng thi và dư 3 đề thi để dự phòng, không có tờ trắng, tờ hỏng. Cán
bộ nhân đề thi đóng gói, ký tên niêm phong túi đề thi ngay sau khi nhân đề.
6. Cán bộ có tên trong danh sách phân công nhân đề môn nào chỉ được tiếp xúc với đề
thi môn đó.
7. Tất cả cán bộ tiếp xúc với đề thi có trách nhiệm bảo mật đề thi."
1139,khoan,Khoản 1,,2/9/1,9001.0,"Đơn vị tổ chức thi có trách nhiệm nhân đề thi và đóng gói thành các túi đề thi cho
những môn thi mà mình phụ trách. Mỗi đợt thi, đơn vị tổ chức thi cử 01 cán bộ phụ trách
chính công tác nhân đề thi cho kỳ thi. Đơn vị tổ chức thi chuẩn bị nhãn túi đựng đề thi và liên
hệ Thư viện đăng ký lịch nhân đề thi."
1139,khoan,Khoản 2,,2/9/2,9002.0,"Thư viện chịu trách nhiệm cử cán bộ hỗ trợ kỹ thuật trong quá trình nhân đề thi tại Thư
viện khi Đơn vị tổ chức thi yêu cầu."
1139,khoan,Khoản 3,,2/9/3,9003.0,"Trường hợp tổ chức thi trên máy tính tại phòng máy thì Phòng Dữ liệu và Công nghệ
Thông tin cử cán bộ hỗ trợ kỹ thuật trong quá trình chuẩn bị phòng máy; quá trình nhập đề
thi, trộn đề thi; và hỗ trợ trong quá trình thi tại phòng máy."
1139,khoan,Khoản 4,,2/9/4,9004.0,"Trong quá trình nhân đề thi, cán bộ phụ trách nhân đề thi phải kiểm tra chất lượng bản
in. Các bản in thử phải được thu lại và bảo quản theo chế độ tài liệu mật."
1139,khoan,Khoản 5,,2/9/5,9005.0,"Khi đóng gói đề thi phải bảo đảm đề thi đúng môn thi ghi ở phong bì đề thi, đủ số
lượng đề thi cho từng phòng thi và dư 3 đề thi để dự phòng, không có tờ trắng, tờ hỏng. Cán
bộ nhân đề thi đóng gói, ký tên niêm phong túi đề thi ngay sau khi nhân đề."
1139,khoan,Khoản 6,,2/9/6,9006.0,"Cán bộ có tên trong danh sách phân công nhân đề môn nào chỉ được tiếp xúc với đề
thi môn đó."
1139,khoan,Khoản 7,,2/9/7,9007.0,Tất cả cán bộ tiếp xúc với đề thi có trách nhiệm bảo mật đề thi.
1139,chuong,Chương 3,,3,3.0,
1139,dieu,Điều 16,"Chấm thi, nhập điểm và công bố điểm",3/16,3016.0,"1.  ĐVQLMH của môn học có trách nhiệm tổ chức công tác chấm thi cho môn học mà
mình quản lý. Khoa chịu trách nhiệm chính về sự chính xác, công bằng và các khía cạnh
chuyên môn khác của việc chấm thi.
2. Đối với kỳ thi cuối học kỳ, các môn học có nhiều hơn 01 cán bộ giảng dạy phải có cán
bộ chấm thi cho một lớp học khác với cán bộ giảng dạy của lớp học đó (chấm chéo).
3. Qui trình nhập điểm
Bước 1: Nhận bài thi/dữ liệu về bài thi
- Sau ngày thi, cán bộ chấm thi nhận túi bài thi/dữ liệu về bài thi tại đơn vị tổ chức thi.
Bước 2: Cập nhật phân công chấm thi
- Đơn vị quản lý môn học gửi danh sách phân công cán bộ chấm thi về P.ĐTĐH/VPĐB
(Sử dụng theo mẫu quy định, cập nhật đầy đủ các thông tin liên quan và ký xác nhận
lưu trữ bản giấy) ngay sau khi kết thúc môn thi để cập nhập bảng phân công chấm thi
lên hệ thống quản lý đào tạo.
Bước 3: Nhập điểm
- Với các môn thi giữa kỳ và cuối kỳ có tổ chức thi, có thông tin lịch thi trên hệ thống:
trong vòng 20 ngày tính từ mốc 01 ngày sau ngày thi của môn học.
- Với các điểm quá trình, thực hành của môn học, thì hạn nhập điểm giống với hạn
nhập điểm cuối kỳ của môn học đó.
- Đối với các môn đồ án, thực tập doanh nghiệp và các môn tổ chức thi chung theo
hình thức trực tuyến: không phân công chấm thi, đơn vị quản lý môn học tổng hợp
điểm và nhập điểm; điểm được ghi nhận tại thời điểm báo cáo.
13
- Giảng viên vào https://daa.uit.edu.vn/giangvien/diemthi/import, lựa chọn các mục
phù hợp theo yêu cầu để nhập điểm.
- Sau thời hạn nhập điểm, giảng viên tiếp tục cập nhật trên 30% số lượng điểm đã nhập
thì xem là nhập điểm trễ hạn.
Bước 4: Xử lý các phát sinh
- Khi không nhập được điểm lên hệ thống, cán bộ chấm thi thông báo và gửi kèm hình
ảnh lỗi cho nhân sự phụ trách giáo vụ của Khoa/Bộ môn để hỗ trợ một cách nhanh
chóng. Nếu không thể hỗ trợ, nhân sự phụ trách giáo vụ của Khoa/Bộ môn liên hệ ngay
với P.ĐTĐH/VPĐB để chủ trì phối hợp các đơn vị liên quan hỗ trợ, xử lý.
- Cán bộ chấm thi nhập điểm quá thời hạn bị xử lý theo các quy định của Trường.
Bước 5: Nộp bảng điểm
- Cán bộ chấm thi nộp lại bài thi và bảng điểm gốc về đơn vị quản lý môn học.
- Thư ký Khoa/Bộ môn/TTNN quản lý môn học tập hợp toàn bộ bảng điểm (điểm quá
trình, giữa kỳ, thực hành, cuối kỳ) và túi bài thi gửi về P.ĐTĐH/VPĐB trong vòng 02
tháng sau khi kết thúc đợt thi.
- Trường hợp bảng điểm sai, cán bộ chấm thi gạch điểm sai, ghi lại điểm đúng kế bên
và ký tên xác nhận, ghi thời gian đã chỉnh sửa điểm vào cột ghi chú. Đồng thời nhờ
P.ĐTĐH/VPĐB cập nhật lại điểm đúng nếu cán bộ chấm thi đã quá hạn điều chỉnh
điểm.
- Tất cả các bảng điểm phải có có đầy đủ chữ ký, họ tên của cán bộ chấm thi và xác
nhận của Trưởng/Phó đơn vị quản lý môn học.
Ghi chú: Việc nhập điểm khóa luận tốt nghiệp thực hiện theo qui trình riêng.
4. Cán bộ chấm thi có trách nhiệm chấm điểm theo đúng đáp án. Điểm cho mỗi thành
phần điểm được chấm theo thang điểm 10, làm tròn đến 0,5 điểm. Điểm tổng kết môn học
(gọi tắt là điểm môn học) được làm tròn đến 0,1 điểm.
5. Mỗi môn học có tối đa 4 bảng điểm thành phần: Bảng điểm cuối kỳ (bắt buộc phải có),
Bảng điểm giữa kỳ, Bảng điểm thực hành (bắt buộc phải có đối với những môn học có tín chỉ
thực hành) và Bảng điểm quá trình (gồm các điểm được cho trong quá trình học như điểm bài
tập, thuyết trình, chuyên cần, …). Tỉ lệ các thành phần điểm và các hình thức đánh giá của
mỗi thành phần điểm được ghi rõ trong Đề cương môn học. Các bảng điểm phải được điền
đầy đủ thông tin.
6. Cán bộ chấm thi thành phần điểm nào chịu trách nhiệm nhập điểm cho thành phần
điểm đó vào Hệ thống quản lý điểm trong thời gian chậm nhất 20 ngày tính từ mốc 01 ngày
sau ngày thi của môn học đó. Cán bộ chấm thi ký tên và nộp cho Khoa bảng điểm được xuất
từ hệ thống.
7. Khoa lưu 01 bản và nộp cho P.ĐTĐH 01 bản chính của bảng điểm cho mỗi thành phần
điểm. Đối với các thành phần điểm được tổ chức thi tập trung, bảng điểm phải được nộp kèm
theo danh sách có chữ ký của sinh viên tham gia thi và các giấy vào phòng thi (nếu có).
8. Khoa lập sổ ký nhận việc bàn giao bảng điểm với cán bộ chấm thi và P.ĐTĐH.
14"
1139,khoan,Khoản 1,,3/16/1,16001.0,"ĐVQLMH của môn học có trách nhiệm tổ chức công tác chấm thi cho môn học mà
mình quản lý. Khoa chịu trách nhiệm chính về sự chính xác, công bằng và các khía cạnh
chuyên môn khác của việc chấm thi."
1139,khoan,Khoản 2,,3/16/2,16002.0,"Đối với kỳ thi cuối học kỳ, các môn học có nhiều hơn 01 cán bộ giảng dạy phải có cán
bộ chấm thi cho một lớp học khác với cán bộ giảng dạy của lớp học đó (chấm chéo)."
1139,khoan,Khoản 3,,3/16/3,16003.0,"Qui trình nhập điểm
Bước 1: Nhận bài thi/dữ liệu về bài thi
- Sau ngày thi, cán bộ chấm thi nhận túi bài thi/dữ liệu về bài thi tại đơn vị tổ chức thi.
Bước 2: Cập nhật phân công chấm thi
- Đơn vị quản lý môn học gửi danh sách phân công cán bộ chấm thi về P.ĐTĐH/VPĐB
(Sử dụng theo mẫu quy định, cập nhật đầy đủ các thông tin liên quan và ký xác nhận
lưu trữ bản giấy) ngay sau khi kết thúc môn thi để cập nhập bảng phân công chấm thi
lên hệ thống quản lý đào tạo.
Bước 3: Nhập điểm
- Với các môn thi giữa kỳ và cuối kỳ có tổ chức thi, có thông tin lịch thi trên hệ thống:
trong vòng 20 ngày tính từ mốc 01 ngày sau ngày thi của môn học.
- Với các điểm quá trình, thực hành của môn học, thì hạn nhập điểm giống với hạn
nhập điểm cuối kỳ của môn học đó.
- Đối với các môn đồ án, thực tập doanh nghiệp và các môn tổ chức thi chung theo
hình thức trực tuyến: không phân công chấm thi, đơn vị quản lý môn học tổng hợp
điểm và nhập điểm; điểm được ghi nhận tại thời điểm báo cáo.
13
- Giảng viên vào https://daa.uit.edu.vn/giangvien/diemthi/import, lựa chọn các mục
phù hợp theo yêu cầu để nhập điểm.
- Sau thời hạn nhập điểm, giảng viên tiếp tục cập nhật trên 30% số lượng điểm đã nhập
thì xem là nhập điểm trễ hạn.
Bước 4: Xử lý các phát sinh
- Khi không nhập được điểm lên hệ thống, cán bộ chấm thi thông báo và gửi kèm hình
ảnh lỗi cho nhân sự phụ trách giáo vụ của Khoa/Bộ môn để hỗ trợ một cách nhanh
chóng. Nếu không thể hỗ trợ, nhân sự phụ trách giáo vụ của Khoa/Bộ môn liên hệ ngay
với P.ĐTĐH/VPĐB để chủ trì phối hợp các đơn vị liên quan hỗ trợ, xử lý.
- Cán bộ chấm thi nhập điểm quá thời hạn bị xử lý theo các quy định của Trường.
Bước 5: Nộp bảng điểm
- Cán bộ chấm thi nộp lại bài thi và bảng điểm gốc về đơn vị quản lý môn học.
- Thư ký Khoa/Bộ môn/TTNN quản lý môn học tập hợp toàn bộ bảng điểm (điểm quá
trình, giữa kỳ, thực hành, cuối kỳ) và túi bài thi gửi về P.ĐTĐH/VPĐB trong vòng 02
tháng sau khi kết thúc đợt thi.
- Trường hợp bảng điểm sai, cán bộ chấm thi gạch điểm sai, ghi lại điểm đúng kế bên
và ký tên xác nhận, ghi thời gian đã chỉnh sửa điểm vào cột ghi chú. Đồng thời nhờ
P.ĐTĐH/VPĐB cập nhật lại điểm đúng nếu cán bộ chấm thi đã quá hạn điều chỉnh
điểm.
- Tất cả các bảng điểm phải có có đầy đủ chữ ký, họ tên của cán bộ chấm thi và xác
nhận của Trưởng/Phó đơn vị quản lý môn học.
Ghi chú: Việc nhập điểm khóa luận tốt nghiệp thực hiện theo qui trình riêng."
1139,khoan,Khoản 4,,3/16/4,16004.0,"Cán bộ chấm thi có trách nhiệm chấm điểm theo đúng đáp án. Điểm cho mỗi thành
phần điểm được chấm theo thang điểm 10, làm tròn đến 0,5 điểm. Điểm tổng kết môn học
(gọi tắt là điểm môn học) được làm tròn đến 0,1 điểm."
1139,khoan,Khoản 5,,3/16/5,16005.0,"Mỗi môn học có tối đa 4 bảng điểm thành phần: Bảng điểm cuối kỳ (bắt buộc phải có),
Bảng điểm giữa kỳ, Bảng điểm thực hành (bắt buộc phải có đối với những môn học có tín chỉ
thực hành) và Bảng điểm quá trình (gồm các điểm được cho trong quá trình học như điểm bài
tập, thuyết trình, chuyên cần, …). Tỉ lệ các thành phần điểm và các hình thức đánh giá của
mỗi thành phần điểm được ghi rõ trong Đề cương môn học. Các bảng điểm phải được điền
đầy đủ thông tin."
1139,khoan,Khoản 6,,3/16/6,16006.0,"Cán bộ chấm thi thành phần điểm nào chịu trách nhiệm nhập điểm cho thành phần
điểm đó vào Hệ thống quản lý điểm trong thời gian chậm nhất 20 ngày tính từ mốc 01 ngày
sau ngày thi của môn học đó. Cán bộ chấm thi ký tên và nộp cho Khoa bảng điểm được xuất
từ hệ thống."
1139,khoan,Khoản 7,,3/16/7,16007.0,"Khoa lưu 01 bản và nộp cho P.ĐTĐH 01 bản chính của bảng điểm cho mỗi thành phần
điểm. Đối với các thành phần điểm được tổ chức thi tập trung, bảng điểm phải được nộp kèm
theo danh sách có chữ ký của sinh viên tham gia thi và các giấy vào phòng thi (nếu có)."
1139,khoan,Khoản 8,,3/16/8,16008.0,"Khoa lập sổ ký nhận việc bàn giao bảng điểm với cán bộ chấm thi và P.ĐTĐH.
14"
1139,dieu,Điều 17,Quản lý điểm thi,3/17,3017.0,"1. Cán bộ chấm thi chịu trách nhiệm về tính chính xác của thông tin điểm thi được nhập
và công bố cho SV trên Hệ thống quản lý điểm trong thời hạn chấm thi và nộp điểm.
2. P.ĐTĐH/VPĐB chịu trách nhiệm kiểm tra thông tin điểm thi trên Hệ thống quản lý
điểm so với điểm được ghi trên bài thi, tiếp nhận và xử lý khiếu nại của SV về điểm thi và
cấp bảng điểm theo yêu cầu.
3. Phòng Dữ liệu và Công nghệ Thông tin có trách nhiệm đảm bảo an toàn cho dữ liệu
điểm trên Hệ thống quản lý điểm; đảm bảo chỉ cấp quyền nhập và chỉnh sửa điểm cho cán bộ
chấm thi đối với thành phần điểm và lớp mà mình phụ trách chấm thi trong thời hạn chấm thi
và nộp điểm. Mọi thao tác trên dữ liệu điểm phải được ghi nhận lại đầy đủ và chính xác (người
nhập điểm, người chỉnh sửa điểm, thời gian và lý do chỉnh sửa)."
1139,khoan,Khoản 1,,3/17/1,17001.0,"Cán bộ chấm thi chịu trách nhiệm về tính chính xác của thông tin điểm thi được nhập
và công bố cho SV trên Hệ thống quản lý điểm trong thời hạn chấm thi và nộp điểm."
1139,khoan,Khoản 2,,3/17/2,17002.0,"P.ĐTĐH/VPĐB chịu trách nhiệm kiểm tra thông tin điểm thi trên Hệ thống quản lý
điểm so với điểm được ghi trên bài thi, tiếp nhận và xử lý khiếu nại của SV về điểm thi và
cấp bảng điểm theo yêu cầu."
1139,khoan,Khoản 3,,3/17/3,17003.0,"Phòng Dữ liệu và Công nghệ Thông tin có trách nhiệm đảm bảo an toàn cho dữ liệu
điểm trên Hệ thống quản lý điểm; đảm bảo chỉ cấp quyền nhập và chỉnh sửa điểm cho cán bộ
chấm thi đối với thành phần điểm và lớp mà mình phụ trách chấm thi trong thời hạn chấm thi
và nộp điểm. Mọi thao tác trên dữ liệu điểm phải được ghi nhận lại đầy đủ và chính xác (người
nhập điểm, người chỉnh sửa điểm, thời gian và lý do chỉnh sửa)."
1139,dieu,Điều 18,Quy trình chấm thi,3/18,3018.0,"1. Đầu vào, đầu ra, thời gian:
Đầu vào: túi bài thi/dữ liệu về bài thi
Đầu ra: túi bài thi/dữ liệu về bài thi (có điểm trên bài thi/dữ liệu về bài thi), bảng điểm
Thời gian: Quy trình được tính bằng ngày (tính cả ngày nghỉ), diễn ra theo mốc thời gian:
ngày thi của một môn học t.
2. Sơ đồ tóm tắt:
1.Phân
công cán
bộ chấm
thi
2b. Quét
phiếu trả
lời TN
2c.Chuyển
file kết
quả chấm
về Khoa
6.  Kiểm tra
7. Lưu trữ
bảng điểm
và hồ sơ thi
2a.
Chuyển
bài thi
TN cho
P.ĐTĐH
4a.Cán bộ
chấm thi
qui đổi
điểm
3.Chấm
thi tự
luận
4b. Cán bộ
chấm thi
nhập điểm,
in và nộp
bảng điểm
5.Khoa
tập hợp
và nộp
điểm, hồ
sơ thi
P.ĐTĐH/
VPĐB
KHOA
15
Nội dung quy trình:
t là ngày thi của môn học
Bước
Quy trình
Mô tả chi tiết công việc
Thời
hạn
hoàn
thành
(ngày)
Đơn vị
thực hiện
Đơn
vị
phối
hợp
Biểu mẫu
1
Phân công
cán bộ
chấm thi
– Khoa phân công cán
bộ chấm thi cho từng
túi bài thi/phòng thi.
t+4
Khoa
– Bảng
phân công
chấm thi
(THI-M10)
2
Chấm thi
trắc
nghiệm
– Khoa nộp phiếu trả
lời trắc nghiệm cho
P.ĐTĐH/VPĐB để
quét.
– P.ĐTĐH/VPĐB sử
dụng phần mềm chấm
thi trắc nghiệm để quét
phiếu trả lời trắc
nghiệm.
– Chuyển file kết quả
chấm về Khoa.
– Cán bộ chấm thi qui
đổi thành điểm chính
thức.
t+20
P.ĐTĐH/
VPĐB,
Khoa,
cán bộ
chấm thi
– Phiếu trả
lời trắc
nghiệm
– Bảng
điểm (THI-
M03)
– Sổ theo
dõi bàn giao
bài thi và
bảng điểm
(THI-M08)
3
Chấm thi
tự luận
– Cán bộ chấm thi tiến
hành chấm thi
t+20
Cán bộ
chấm thi
– Bảng
điểm (THI-
M03)
4
Nhập
điểm, công
bố điểm và
nộp điểm
– Cán bộ chấm thi
nhập điểm vào Hệ
thống quản lý điểm,
xuất bảng điểm từ hệ
thống, ký tên và nộp
bảng điểm cho
khoa/P.ĐTĐH. Điểm
được nhập vào hệ
thống sẽ được công bố
tự động cho SV.
t+20
Khoa,
Cán bộ
chấm thi,
Cán bộ
giảng dạy
Khoa
– Bảng
điểm (THI-
M03)
– Sổ theo
dõi bàn giao
bài thi và
bảng ghi
điểm (THI-
M08)
16
5
Tập hợp
điểm, nộp
điểm và hồ
sơ thi
– Khoa photo 01 bản
của bảng điểm để lưu
tại Khoa, chuyển bản
chính bảng điểm cùng
bản chính danh sách
thi, các giấy phép dự
thi cho P.ĐTĐH.
t+25
Khoa
P.ĐT
ĐH/
VPĐB
– Bảng
điểm (THI-
M03)
Sổ theo dõi
bàn giao bài
thi và bảng
ghi điểm
(THI-M08)
6
Kiểm tra
điểm
– Kiểm tra điểm trên
bài thi với điểm được
nhập vào hệ thống.
t+60
P.ĐTĐH/
VPĐB
7
Lưu trữ
– Lưu trữ bản chính
bảng điểm thi và các
hồ sơ liên quan.
t+60
P.ĐTĐH/
VPĐB"
1139,khoan,Khoản 1,,3/18/1,18001.0,"Đầu vào, đầu ra, thời gian:
Đầu vào: túi bài thi/dữ liệu về bài thi
Đầu ra: túi bài thi/dữ liệu về bài thi (có điểm trên bài thi/dữ liệu về bài thi), bảng điểm
Thời gian: Quy trình được tính bằng ngày (tính cả ngày nghỉ), diễn ra theo mốc thời gian:
ngày thi của một môn học t."
1139,khoan,Khoản 2,,3/18/2,18002.0,"Sơ đồ tóm tắt:
1.Phân
công cán
bộ chấm
thi
2b. Quét
phiếu trả
lời TN
2c.Chuyển
file kết
quả chấm
về Khoa"
1139,khoan,Khoản 6,,3/18/6,18006.0,Kiểm tra
1139,khoan,Khoản 7,,3/18/7,18007.0,"Lưu trữ
bảng điểm
và hồ sơ thi
2a.
Chuyển
bài thi
TN cho
P.ĐTĐH
4a.Cán bộ
chấm thi
qui đổi
điểm
3.Chấm
thi tự
luận
4b. Cán bộ
chấm thi
nhập điểm,
in và nộp
bảng điểm
5.Khoa
tập hợp
và nộp
điểm, hồ
sơ thi
P.ĐTĐH/
VPĐB
KHOA
15
Nội dung quy trình:
t là ngày thi của môn học
Bước
Quy trình
Mô tả chi tiết công việc
Thời
hạn
hoàn
thành
(ngày)
Đơn vị
thực hiện
Đơn
vị
phối
hợp
Biểu mẫu
1
Phân công
cán bộ
chấm thi
– Khoa phân công cán
bộ chấm thi cho từng
túi bài thi/phòng thi.
t+4
Khoa
– Bảng
phân công
chấm thi
(THI-M10)
2
Chấm thi
trắc
nghiệm
– Khoa nộp phiếu trả
lời trắc nghiệm cho
P.ĐTĐH/VPĐB để
quét.
– P.ĐTĐH/VPĐB sử
dụng phần mềm chấm
thi trắc nghiệm để quét
phiếu trả lời trắc
nghiệm.
– Chuyển file kết quả
chấm về Khoa.
– Cán bộ chấm thi qui
đổi thành điểm chính
thức.
t+20
P.ĐTĐH/
VPĐB,
Khoa,
cán bộ
chấm thi
– Phiếu trả
lời trắc
nghiệm
– Bảng
điểm (THI-
M03)
– Sổ theo
dõi bàn giao
bài thi và
bảng điểm
(THI-M08)
3
Chấm thi
tự luận
– Cán bộ chấm thi tiến
hành chấm thi
t+20
Cán bộ
chấm thi
– Bảng
điểm (THI-
M03)
4
Nhập
điểm, công
bố điểm và
nộp điểm
– Cán bộ chấm thi
nhập điểm vào Hệ
thống quản lý điểm,
xuất bảng điểm từ hệ
thống, ký tên và nộp
bảng điểm cho
khoa/P.ĐTĐH. Điểm
được nhập vào hệ
thống sẽ được công bố
tự động cho SV.
t+20
Khoa,
Cán bộ
chấm thi,
Cán bộ
giảng dạy
Khoa
– Bảng
điểm (THI-
M03)
– Sổ theo
dõi bàn giao
bài thi và
bảng ghi
điểm (THI-
M08)
16
5
Tập hợp
điểm, nộp
điểm và hồ
sơ thi
– Khoa photo 01 bản
của bảng điểm để lưu
tại Khoa, chuyển bản
chính bảng điểm cùng
bản chính danh sách
thi, các giấy phép dự
thi cho P.ĐTĐH.
t+25
Khoa
P.ĐT
ĐH/
VPĐB
– Bảng
điểm (THI-
M03)
Sổ theo dõi
bàn giao bài
thi và bảng
ghi điểm
(THI-M08)
6
Kiểm tra
điểm
– Kiểm tra điểm trên
bài thi với điểm được
nhập vào hệ thống.
t+60
P.ĐTĐH/
VPĐB
7
Lưu trữ
– Lưu trữ bản chính
bảng điểm thi và các
hồ sơ liên quan.
t+60
P.ĐTĐH/
VPĐB"
1139,chuong,Chương 4,,4,4.0,
1139,dieu,Điều 19,Tổ chức phúc khảo và giải quyết khiếu nại về điểm thi,4/19,4019.0,"1. Đối với các đợt thi CBGD có trách nhiệm công bố điểm thi cho SV theo qui định.
2. SV theo dõi thông báo của phòng ĐTĐH để đăng ký phúc khảo trên hệ thống.
3. P.ĐTĐH xuất danh sách phúc khảo trên hệ thống theo môn học và gửi danh sách yêu
cầu phúc khảo cho đơn vị tổ chức thi.
4. Trong vòng 7 ngày, Khoa cử cán bộ chấm thi phúc khảo để xem xét lại bài thi và gửi
kết quả phúc khảo cho P.ĐTĐH để cập nhật lại điểm trên Hệ thống quản lý điểm và công bố
cho SV.
5. Cán bộ chấm thi có trách nhiệm giải đáp mọi thắc mắc của sinh viên về điểm thi trong
thời hạn nhận đơn phúc khảo.
6. Khoa chuyển bài thi và hồ sơ thi về P.ĐTĐH để lưu trữ."
1139,khoan,Khoản 1,,4/19/1,19001.0,Đối với các đợt thi CBGD có trách nhiệm công bố điểm thi cho SV theo qui định.
1139,khoan,Khoản 2,,4/19/2,19002.0,SV theo dõi thông báo của phòng ĐTĐH để đăng ký phúc khảo trên hệ thống.
1139,khoan,Khoản 3,,4/19/3,19003.0,"P.ĐTĐH xuất danh sách phúc khảo trên hệ thống theo môn học và gửi danh sách yêu
cầu phúc khảo cho đơn vị tổ chức thi."
1139,khoan,Khoản 4,,4/19/4,19004.0,"Trong vòng 7 ngày, Khoa cử cán bộ chấm thi phúc khảo để xem xét lại bài thi và gửi
kết quả phúc khảo cho P.ĐTĐH để cập nhật lại điểm trên Hệ thống quản lý điểm và công bố
cho SV."
1139,khoan,Khoản 5,,4/19/5,19005.0,"Cán bộ chấm thi có trách nhiệm giải đáp mọi thắc mắc của sinh viên về điểm thi trong
thời hạn nhận đơn phúc khảo."
1139,khoan,Khoản 6,,4/19/6,19006.0,Khoa chuyển bài thi và hồ sơ thi về P.ĐTĐH để lưu trữ.
1139,dieu,Điều 20,Quy trình phúc khảo,4/20,4020.0,"1. Đầu vào, đầu ra, thời gian:
Đầu vào: Danh sách chấm phúc khảo
Đầu ra: Danh sách chấm phúc khảo (có điểm phúc khảo)
17
2. Sơ đồ tóm tắt
3. Nội dung quy trình
t là ngày công bố điểm
Bước
Quy
trình
Mô tả chi tiết công việc
Thời
hạn
hoàn
thành
(ngày)
Đơn vị
thực hiện
Đơn vị
phối
hợp
Biểu mẫu
1
Thông
báo
phúc
khảo
– SV đăng ký phúc khảo
trên hệ thống sau ngày
công bố điểm.
– Chỉ phúc khảo đối với
các bài thi theo hình thức
tự luận hoặc trắc
nghiệm.
t+5
P.ĐTĐH
/ VPĐB
– Link
đăng ký
phúc khảo
https://daa.
uit.edu.vn/
sinhvien/d
kphuckhao
2
Gửi
danh
sách yêu
cầu
phúc
khảo
– P.ĐTĐH/ VPĐB xuất
danh sách yêu cầu phúc
khảo trên hệ thống và
gửi cho đơn vị tổ chức
thi.
t+7
P.ĐTĐH
/ VPĐB
Khoa
– Danh
sách phúc
khảo điểm
K
H
O
A
1.  Thông
báo cho
sinh viên
đăng ký
phúc khảo
2. Gửi danh
sách yêu cầu
phúc khảo
cho đơn vị tổ
chức thi
4.  Cập
nhật điểm
lên hệ
thống và
công bố
kết quả
5.  Lưu
trữ
3.  Tổ chức
chấm phúc
khảo
P.ĐTĐH/
VPĐB
18
3
Chấm
phúc
khảo
– Khoa phân công cán
bộ xem xét bài thi.
– Danh sách phúc khảo
phải có đầy đủ chữ ký
cán bộ chấm và Khoa
duyệt, ghi rõ lý do nếu
có sự khác biệt điểm
trước và sau khi phúc
khảo.
– Khoa chuyển phiếu
phúc khảo sau khi chấm
cho P.ĐTĐH/ VPĐB.
t+17
Khoa,
Cán bộ
chấm
phúc
khảo
P.ĐTĐ
H/
VPĐB
– Danh
sách phúc
khảo điểm
4
Công bố
kết quả
phúc
khảo
P.ĐTĐH/VPĐB cập nhật
điểm vào hệ thống quản
lý điểm và công bố kết
quả cho SV. SV sẽ nhận
được email thông báo
kết quả phúc khảo.
t+20
P.ĐTĐH
/ VPĐB
5
Lưu trữ
hồ sơ
phúc
khảo
– Lưu trữ hồ sơ phúc
khảo vào bộ hồ sơ thi
của đợt thi.
t+30
P.ĐTĐH
/ VPĐB"
1139,khoan,Khoản 1,,4/20/1,20001.0,"Đầu vào, đầu ra, thời gian:
Đầu vào: Danh sách chấm phúc khảo
Đầu ra: Danh sách chấm phúc khảo (có điểm phúc khảo)
17"
1139,khoan,Khoản 1,,4/20/1,20001.0,"Thông
báo cho
sinh viên
đăng ký
phúc khảo"
1139,khoan,Khoản 2,,4/20/2,20002.0,Sơ đồ tóm tắt
1139,khoan,Khoản 2,,4/20/2,20002.0,"Gửi danh
sách yêu cầu
phúc khảo
cho đơn vị tổ
chức thi"
1139,khoan,Khoản 3,,4/20/3,20003.0,"Nội dung quy trình
t là ngày công bố điểm
Bước
Quy
trình
Mô tả chi tiết công việc
Thời
hạn
hoàn
thành
(ngày)
Đơn vị
thực hiện
Đơn vị
phối
hợp
Biểu mẫu
1
Thông
báo
phúc
khảo
– SV đăng ký phúc khảo
trên hệ thống sau ngày
công bố điểm.
– Chỉ phúc khảo đối với
các bài thi theo hình thức
tự luận hoặc trắc
nghiệm.
t+5
P.ĐTĐH
/ VPĐB
– Link
đăng ký
phúc khảo
https://daa.
uit.edu.vn/
sinhvien/d
kphuckhao
2
Gửi
danh
sách yêu
cầu
phúc
khảo
– P.ĐTĐH/ VPĐB xuất
danh sách yêu cầu phúc
khảo trên hệ thống và
gửi cho đơn vị tổ chức
thi.
t+7
P.ĐTĐH
/ VPĐB
Khoa
– Danh
sách phúc
khảo điểm
K
H
O
A"
1139,khoan,Khoản 3,,4/20/3,20003.0,"Tổ chức
chấm phúc
khảo
P.ĐTĐH/
VPĐB
18
3
Chấm
phúc
khảo
– Khoa phân công cán
bộ xem xét bài thi.
– Danh sách phúc khảo
phải có đầy đủ chữ ký
cán bộ chấm và Khoa
duyệt, ghi rõ lý do nếu
có sự khác biệt điểm
trước và sau khi phúc
khảo.
– Khoa chuyển phiếu
phúc khảo sau khi chấm
cho P.ĐTĐH/ VPĐB.
t+17
Khoa,
Cán bộ
chấm
phúc
khảo
P.ĐTĐ
H/
VPĐB
– Danh
sách phúc
khảo điểm
4
Công bố
kết quả
phúc
khảo
P.ĐTĐH/VPĐB cập nhật
điểm vào hệ thống quản
lý điểm và công bố kết
quả cho SV. SV sẽ nhận
được email thông báo
kết quả phúc khảo.
t+20
P.ĐTĐH
/ VPĐB
5
Lưu trữ
hồ sơ
phúc
khảo
– Lưu trữ hồ sơ phúc
khảo vào bộ hồ sơ thi
của đợt thi.
t+30
P.ĐTĐH
/ VPĐB"
1139,khoan,Khoản 4,,4/20/4,20004.0,"Cập
nhật điểm
lên hệ
thống và
công bố
kết quả"
1139,khoan,Khoản 5,,4/20/5,20005.0,"Lưu
trữ"
1139,chuong,Chương 5,,5,5.0,
1139,dieu,Điều 21,Chế độ lưu trữ,5/21,5021.0,"Khoa và các đơn vị liên quan có trách nhiệm bàn giao cho P.ĐTĐH hồ sơ của đợt thi ngay
sau khi kết thúc đợt thi và bài thi trong thời hạn 05 tháng sau khi kết thúc đợt thi. Công tác
lưu trữ được thực hiện theo bảng dưới đây:
Hồ sơ cần lưu trữ
Hình thức
lưu trữ
Đơn vị lưu trữ
Thời hạn
lưu trữ
Đề thi và đáp án (kèm thang điểm)
Bản giấy
Khoa
9 năm
Bảng điểm (bảng photo)
Bản giấy
Khoa
Vĩnh viễn
Sổ bàn giao bài thi và bảng điểm giữa
Khoa với các cá nhân/đơn vị
Bản giấy
Khoa
9 năm
19
Thông báo kế hoạch thi
Bản giấy
P.ĐTĐH
9 năm
Lịch thi
Bản giấy
P.ĐTĐH
9 năm
Phân công cán bộ ra đề thi
Bản giấy
P.ĐTĐH
9 năm
Phân công cán bộ nhân đề thi
Bản giấy
P.ĐTĐH
9 năm
Phân công cán bộ chấm thi
Bản giấy
P.ĐTĐH
9 năm
Đề thi
Bản giấy
P.ĐTĐH
9 năm
Bài thi
Bản giấy
P.ĐTĐH
9 năm
Yêu cầu đồ án (tương đương đề thi)
Bản giấy,
hoặc bản
điện tử lưu
trên hệ
thống hỗ trợ
học tập của
Trường
Khoa (đối với
bản giấy); hoặc
P.DL&CNTT
và giảng viên
ra đề đối với
bản điện tử
9  năm
Báo cáo đồ án (tương đương bài thi)
Bản giấy,
hoặc bản
điện tử lưu
trên hệ
thống hỗ trợ
học tập của
Trường
Khoa (đối với
bản giấy); hoặc
P.DL&CNTT
và giảng viên
chấm thi đối
với bản điện tử
9  năm
Bảng điểm (bản chính)
Bản giấy
P.ĐTĐH
Vĩnh viễn
Danh sách phúc khảo của SV kèm kết quả
phúc khảo
Bản giấy
P.ĐTĐH
Vĩnh viễn
Sổ bàn giao bài thi và bảng điểm giữa
P.ĐTĐH với các cá nhân/đơn vị
Bản giấy
P.ĐTĐH
9 năm
20"
1139,khoan,Khoản 1,,5/21/1,21001.0,"Khoa và các đơn vị liên quan có trách nhiệm bàn giao cho P.ĐTĐH hồ sơ của đợt thi ngay
sau khi kết thúc đợt thi và bài thi trong thời hạn 05 tháng sau khi kết thúc đợt thi. Công tác
lưu trữ được thực hiện theo bảng dưới đây:
Hồ sơ cần lưu trữ
Hình thức
lưu trữ
Đơn vị lưu trữ
Thời hạn
lưu trữ
Đề thi và đáp án (kèm thang điểm)
Bản giấy
Khoa
9 năm
Bảng điểm (bảng photo)
Bản giấy
Khoa
Vĩnh viễn
Sổ bàn giao bài thi và bảng điểm giữa
Khoa với các cá nhân/đơn vị
Bản giấy
Khoa
9 năm
19
Thông báo kế hoạch thi
Bản giấy
P.ĐTĐH
9 năm
Lịch thi
Bản giấy
P.ĐTĐH
9 năm
Phân công cán bộ ra đề thi
Bản giấy
P.ĐTĐH
9 năm
Phân công cán bộ nhân đề thi
Bản giấy
P.ĐTĐH
9 năm
Phân công cán bộ chấm thi
Bản giấy
P.ĐTĐH
9 năm
Đề thi
Bản giấy
P.ĐTĐH
9 năm
Bài thi
Bản giấy
P.ĐTĐH
9 năm
Yêu cầu đồ án (tương đương đề thi)
Bản giấy,
hoặc bản
điện tử lưu
trên hệ
thống hỗ trợ
học tập của
Trường
Khoa (đối với
bản giấy); hoặc
P.DL&CNTT
và giảng viên
ra đề đối với
bản điện tử
9  năm
Báo cáo đồ án (tương đương bài thi)
Bản giấy,
hoặc bản
điện tử lưu
trên hệ
thống hỗ trợ
học tập của
Trường
Khoa (đối với
bản giấy); hoặc
P.DL&CNTT
và giảng viên
chấm thi đối
với bản điện tử
9  năm
Bảng điểm (bản chính)
Bản giấy
P.ĐTĐH
Vĩnh viễn
Danh sách phúc khảo của SV kèm kết quả
phúc khảo
Bản giấy
P.ĐTĐH
Vĩnh viễn
Sổ bàn giao bài thi và bảng điểm giữa
P.ĐTĐH với các cá nhân/đơn vị
Bản giấy
P.ĐTĐH
9 năm
20"
1139,chuong,Chương 6,,6,6.0,
1139,dieu,Điều 22,Xử lý cán bộ vi phạm quy định,6/22,6022.0,"Trong thời gian thi, nếu các cán bộ thanh tra thi phát hiện thấy các trường hợp vi phạm thì
lập biên bản tại chỗ và đề nghị Hiệu trưởng xử lý. Người tham gia công tác thi có hành vi vi
phạm quy định (bị phát hiện trong khi làm nhiệm vụ hoặc sau kỳ thi), nếu có đủ chứng cứ,
tùy theo mức độ, sẽ bị xử lý theo các hình thức sau đây.
1. Khiển trách đối với những người phạm lỗi nhẹ trong khi thi hành nhiệm vụ.
2. Cảnh cáo đối với những người vi phạm một trong các lỗi sau đây:
a) CBCT bỏ coi thi mà không thông báo cho đơn vị tổ chức môn thi từ 2 lần trở lên trong
một đợt thi.
b) CBCT để cho SV tự do trao đổi khi làm bài, sử dụng tài liệu bị cấm sử dụng hoặc sử
dụng các phương tiện thông tin liên lạc tại phòng thi.
c) Cán bộ chấm thi chấm điểm hoặc cộng điểm bài thi có nhiều sai sót (trên 5% tổng số
bài thi).
d) Cán bộ chấm thi nộp điểm trễ so với thời hạn quy định.
3. Tùy theo mức độ vi phạm có thể bị hạ bậc lương, hạ ngạch, cách chức hoặc chuyển đi
làm công tác khác đối với những người vi phạm một trong các lỗi sau đây:
a) Trực tiếp giải bài rồi hướng dẫn cho SV lúc đang thi.
b) Lấy bài thi của SV làm được giao cho SV khác.
4. Buộc thôi việc hoặc bị xử lý theo pháp luật đối với người có một trong các hành vi sai
phạm sau đây:
a) Làm lộ đề thi, mua, bán đề thi.
b) Đưa đề thi ra ngoài khu vực thi hoặc đưa bài giải từ ngoài vào phòng thi trong lúc đang
thi.
c) Cố tình làm sai lệch điểm trên bài thi hoặc trong bảng điểm.
d) Đánh tráo bài thi của SV.
5. Cán bộ làm mất bài thi của SV khi thu bài thi, vận chuyển, bảo quản, chấm thi hoặc có
những sai phạm khác trong công tác tổ chức thi, tùy theo tính chất, mức độ vi phạm sẽ bị xử
lý vi phạm theo một trong các hình thức quy định tại Điều này.
6. Những cán bộ, SV tuy không tham gia công tác thi nhưng nếu có các hành động tiêu
cực như: thi hộ, tổ chức lấy đề thi ra và đưa bài giải vào cho SV, gây rối làm mất trất tự tại
khu vực thi sẽ bị buộc thôi việc (nếu là cán bộ) hoặc buộc thôi học (nếu là học sinh, SV)."
1139,khoan,Khoản 1,,6/22/1,22001.0,Khiển trách đối với những người phạm lỗi nhẹ trong khi thi hành nhiệm vụ.
1139,khoan,Khoản 2,,6/22/2,22002.0,"Cảnh cáo đối với những người vi phạm một trong các lỗi sau đây:
a) CBCT bỏ coi thi mà không thông báo cho đơn vị tổ chức môn thi từ 2 lần trở lên trong
một đợt thi.
b) CBCT để cho SV tự do trao đổi khi làm bài, sử dụng tài liệu bị cấm sử dụng hoặc sử
dụng các phương tiện thông tin liên lạc tại phòng thi.
c) Cán bộ chấm thi chấm điểm hoặc cộng điểm bài thi có nhiều sai sót (trên 5% tổng số
bài thi).
d) Cán bộ chấm thi nộp điểm trễ so với thời hạn quy định."
1139,diem,Điểm a),,6/22/2/a,22002.01,"CBCT bỏ coi thi mà không thông báo cho đơn vị tổ chức môn thi từ 2 lần trở lên trong
một đợt thi."
1139,diem,Điểm b),,6/22/2/b,22002.02,"CBCT để cho SV tự do trao đổi khi làm bài, sử dụng tài liệu bị cấm sử dụng hoặc sử
dụng các phương tiện thông tin liên lạc tại phòng thi."
1139,diem,Điểm c),,6/22/2/c,22002.03,"Cán bộ chấm thi chấm điểm hoặc cộng điểm bài thi có nhiều sai sót (trên 5% tổng số
bài thi)."
1139,diem,Điểm d),,6/22/2/d,22002.04,Cán bộ chấm thi nộp điểm trễ so với thời hạn quy định.
1139,khoan,Khoản 3,,6/22/3,22003.0,"Tùy theo mức độ vi phạm có thể bị hạ bậc lương, hạ ngạch, cách chức hoặc chuyển đi
làm công tác khác đối với những người vi phạm một trong các lỗi sau đây:
a) Trực tiếp giải bài rồi hướng dẫn cho SV lúc đang thi.
b) Lấy bài thi của SV làm được giao cho SV khác."
1139,diem,Điểm a),,6/22/3/a,22003.01,Trực tiếp giải bài rồi hướng dẫn cho SV lúc đang thi.
1139,diem,Điểm b),,6/22/3/b,22003.02,Lấy bài thi của SV làm được giao cho SV khác.
1139,khoan,Khoản 4,,6/22/4,22004.0,"Buộc thôi việc hoặc bị xử lý theo pháp luật đối với người có một trong các hành vi sai
phạm sau đây:
a) Làm lộ đề thi, mua, bán đề thi.
b) Đưa đề thi ra ngoài khu vực thi hoặc đưa bài giải từ ngoài vào phòng thi trong lúc đang
thi.
c) Cố tình làm sai lệch điểm trên bài thi hoặc trong bảng điểm.
d) Đánh tráo bài thi của SV."
1139,diem,Điểm a),,6/22/4/a,22004.01,"Làm lộ đề thi, mua, bán đề thi."
1139,diem,Điểm b),,6/22/4/b,22004.02,"Đưa đề thi ra ngoài khu vực thi hoặc đưa bài giải từ ngoài vào phòng thi trong lúc đang
thi."
1139,diem,Điểm c),,6/22/4/c,22004.03,Cố tình làm sai lệch điểm trên bài thi hoặc trong bảng điểm.
1139,diem,Điểm d),,6/22/4/d,22004.04,Đánh tráo bài thi của SV.
1139,khoan,Khoản 5,,6/22/5,22005.0,"Cán bộ làm mất bài thi của SV khi thu bài thi, vận chuyển, bảo quản, chấm thi hoặc có
những sai phạm khác trong công tác tổ chức thi, tùy theo tính chất, mức độ vi phạm sẽ bị xử
lý vi phạm theo một trong các hình thức quy định tại Điều này."
1139,khoan,Khoản 6,,6/22/6,22006.0,"Những cán bộ, SV tuy không tham gia công tác thi nhưng nếu có các hành động tiêu
cực như: thi hộ, tổ chức lấy đề thi ra và đưa bài giải vào cho SV, gây rối làm mất trất tự tại
khu vực thi sẽ bị buộc thôi việc (nếu là cán bộ) hoặc buộc thôi học (nếu là học sinh, SV)."
1139,dieu,Điều 23,Xử lý sinh viên dự thi vi phạm quy định,6/23,6023.0,"Hình thức xử lý vi phạm do các CBCT thống nhất quyết định và ghi rõ trong biên bản.
Biên bản xử lý vi phạm được bàn giao cho cán bộ trực thi cùng với túi bài thi kèm các tang
vật.Việc xử lý vi phạm SV phải được công bố cho SV biết. Nếu SV không chịu ký tên vào
21
biên bản thì hai CBCT ký vào biên bản. Đối với những SV vi phạm vi phạm đều phải lập biên
bản và tùy mức độ nặng nhẹ sẽ xử lý vi phạm theo các hình thức sau đây.
− Khiển trách áp dụng đối với những SV phạm lỗi một lần: nhìn bài của bạn, trao đổi với
bạn (hình thức này do CBCT quyết định tại biên bản được lập). SV bị khiển trách trong
khi thi môn nào sẽ bị trừ 25% số điểm thi của môn đó.
− Cảnh cáo đối với các SV vi phạm một trong các lỗi sau đây. Người bị xử lý vi phạm
cảnh cáo trong khi thi môn nào sẽ bị trừ 50% số điểm thi của môn đó.
+ Đã bị khiển trách một lần nhưng trong giờ thi môn đó vẫn tiếp tục vi phạm;
+ Trao đổi bài làm hoặc giấy nháp cho bạn;
+ Chép bài của người khác. Những bài thi đã có kết luận là giống nhau thì xử lý như
nhau. Nếu người bị xử lý có đủ bằng chứng chứng minh mình bị quay cóp thì có thể
xem xét giảm từ mức xử lý vi phạm cảnh cáo xuống mức khiển trách.
− Đình chỉ thi đối với các SV vi phạm một trong các lỗi sau đây. Người bị xử lý vi phạm
đình chỉ thi trong khi thi môn nào sẽ bị điểm không (0) môn đó; phải ra khỏi phòng thi
ngay sau khi có quyết định; phải nộp bài làm và đề thi cho CBCT.
+ Đã bị cảnh cáo một lần nhưng trong giờ thi môn đó vẫn tiếp tục vi phạm;
+ Sử dụng tài liệu bị cấm sử dụng; sử dụng phương tiện kỹ thuật thu, phát, truyền tin,
ghi âm, ghi hình, thiết bị chứa đựng thông tin có thể lợi dụng để làm bài thi;
+ Mang vũ khí, chất gây nổ, gây cháy, các vật dụng gây nguy hại khác vào phòng thi;
+ Đưa đề thi ra ngoài khu vực thi hoặc nhận bài giải từ ngoài vào phòng thi;
+ Có hành động gây gổ, đe dọa cán bộ có trách nhiệm trong kỳ thi hay đe dọa SV
khác."
1139,khoan,Khoản 1,,6/23/1,23001.0,"Hình thức xử lý vi phạm do các CBCT thống nhất quyết định và ghi rõ trong biên bản.
Biên bản xử lý vi phạm được bàn giao cho cán bộ trực thi cùng với túi bài thi kèm các tang
vật.Việc xử lý vi phạm SV phải được công bố cho SV biết. Nếu SV không chịu ký tên vào
21
biên bản thì hai CBCT ký vào biên bản. Đối với những SV vi phạm vi phạm đều phải lập biên
bản và tùy mức độ nặng nhẹ sẽ xử lý vi phạm theo các hình thức sau đây.
− Khiển trách áp dụng đối với những SV phạm lỗi một lần: nhìn bài của bạn, trao đổi với
bạn (hình thức này do CBCT quyết định tại biên bản được lập). SV bị khiển trách trong
khi thi môn nào sẽ bị trừ 25% số điểm thi của môn đó.
− Cảnh cáo đối với các SV vi phạm một trong các lỗi sau đây. Người bị xử lý vi phạm
cảnh cáo trong khi thi môn nào sẽ bị trừ 50% số điểm thi của môn đó.
+ Đã bị khiển trách một lần nhưng trong giờ thi môn đó vẫn tiếp tục vi phạm;
+ Trao đổi bài làm hoặc giấy nháp cho bạn;
+ Chép bài của người khác. Những bài thi đã có kết luận là giống nhau thì xử lý như
nhau. Nếu người bị xử lý có đủ bằng chứng chứng minh mình bị quay cóp thì có thể
xem xét giảm từ mức xử lý vi phạm cảnh cáo xuống mức khiển trách.
− Đình chỉ thi đối với các SV vi phạm một trong các lỗi sau đây. Người bị xử lý vi phạm
đình chỉ thi trong khi thi môn nào sẽ bị điểm không (0) môn đó; phải ra khỏi phòng thi
ngay sau khi có quyết định; phải nộp bài làm và đề thi cho CBCT.
+ Đã bị cảnh cáo một lần nhưng trong giờ thi môn đó vẫn tiếp tục vi phạm;
+ Sử dụng tài liệu bị cấm sử dụng; sử dụng phương tiện kỹ thuật thu, phát, truyền tin,
ghi âm, ghi hình, thiết bị chứa đựng thông tin có thể lợi dụng để làm bài thi;
+ Mang vũ khí, chất gây nổ, gây cháy, các vật dụng gây nguy hại khác vào phòng thi;
+ Đưa đề thi ra ngoài khu vực thi hoặc nhận bài giải từ ngoài vào phòng thi;
+ Có hành động gây gổ, đe dọa cán bộ có trách nhiệm trong kỳ thi hay đe dọa SV
khác."
1139,chuong,Chương 7,,7,7.0,
1139,dieu,Điều 24,"Trách nhiệm của P.ĐTĐH, VPĐB",7/24,7024.0,"1. Lập kế hoạch và điều hành công tác tổ chức thi.
2. Xếp lịch thi; lập các danh sách SV dự thi;
3. Chuẩn bị thi, tổ chức thi, tổ chức chấm thi và chấm phúc khảo cho những môn học do
P.ĐTĐH quản lý;
4. Lập danh sách miễn giảm coi thi và gửi danh sách miễn giảm coi thi cho Phòng
DL&CNTT hỗ trợ phân công cán bộ coi thi;
5. Kiểm tra điểm sau khi được nhập vào Hệ thống quản lý điểm;
6. Lưu trữ bài thi và hồ sơ thi.
22"
1139,khoan,Khoản 1,,7/24/1,24001.0,Lập kế hoạch và điều hành công tác tổ chức thi.
1139,khoan,Khoản 2,,7/24/2,24002.0,Xếp lịch thi; lập các danh sách SV dự thi;
1139,khoan,Khoản 3,,7/24/3,24003.0,"Chuẩn bị thi, tổ chức thi, tổ chức chấm thi và chấm phúc khảo cho những môn học do
P.ĐTĐH quản lý;"
1139,khoan,Khoản 4,,7/24/4,24004.0,"Lập danh sách miễn giảm coi thi và gửi danh sách miễn giảm coi thi cho Phòng
DL&CNTT hỗ trợ phân công cán bộ coi thi;"
1139,khoan,Khoản 5,,7/24/5,24005.0,Kiểm tra điểm sau khi được nhập vào Hệ thống quản lý điểm;
1139,khoan,Khoản 6,,7/24/6,24006.0,"Lưu trữ bài thi và hồ sơ thi.
22"
1139,dieu,Điều 25,Trách nhiệm của Đơn vị quản lý môn học,7/25,7025.0,"1. Chuẩn bị thi, tổ chức thi, tổ chức chấm thi và chấm phúc khảo cho những môn học do
đơn vị đó quản lý;
2. Bàn giao bài thi và hồ sơ thi cho P.ĐTĐH sau khi hoàn tất công tác chấm phúc khảo;
3. Lưu trữ hồ sơ thi."
1139,khoan,Khoản 1,,7/25/1,25001.0,"Chuẩn bị thi, tổ chức thi, tổ chức chấm thi và chấm phúc khảo cho những môn học do
đơn vị đó quản lý;"
1139,khoan,Khoản 2,,7/25/2,25002.0,Bàn giao bài thi và hồ sơ thi cho P.ĐTĐH sau khi hoàn tất công tác chấm phúc khảo;
1139,khoan,Khoản 3,,7/25/3,25003.0,Lưu trữ hồ sơ thi.
1139,dieu,Điều 26,Trách nhiệm của Thư viện,7/26,7026.0,Hỗ trợ công tác nhân đề thi tại Thư viện.
1139,khoan,Khoản 1,,7/26/1,26001.0,Hỗ trợ công tác nhân đề thi tại Thư viện.
1139,dieu,Điều 27,Trách nhiệm của Phòng Thanh tra Pháp chế và Đảm bảo Chất lượng,7/27,7027.0,"Tổ chức thanh tra, kiểm tra và giám sát công tác tổ chức thi.
KT.HIỆU TRƯỞNG
PHÓ HIỆU TRƯỞNG
(Đã ký)
Nguyễn Lưu Thùy Ngân
23
PHỤ LỤC
CÁC BIỂU MẪU
Mã số biểu mẫu
Tên biểu mẫu
Ghi chú
THI-M01
Lịch thi
THI-M02
Lịch coi thi
https://daa.uit.edu.vn/dkcoithi
THI-M03
Danh sách thi/Bảng điểm
THI-M04
Giấy vào phòng thi
Bấm chung với bảng điểm
THI-M05
Nhãn túi đề thi/bài thi
THI-M06
Biên bản xử lý sinh viên
THI-M07
Sổ theo dõi bàn giao với cán bộ
chấm thi
THI-M08
Sổ theo dõi bàn giao với bán bộ
coi thi (bài thi và danh sách thi)
THI-M09
Danh sách phúc khảo điểm
THI-M10
Bảng phân công chấm thi
THI-M11
Đề thi
https://daa.uit.edu.vn/thongbao
/mau-de-thi"
1139,khoan,Khoản 1,,7/27/1,27001.0,"Tổ chức thanh tra, kiểm tra và giám sát công tác tổ chức thi.
KT.HIỆU TRƯỞNG
PHÓ HIỆU TRƯỞNG
(Đã ký)
Nguyễn Lưu Thùy Ngân
23
PHỤ LỤC
CÁC BIỂU MẪU
Mã số biểu mẫu
Tên biểu mẫu
Ghi chú
THI-M01
Lịch thi
THI-M02
Lịch coi thi
https://daa.uit.edu.vn/dkcoithi
THI-M03
Danh sách thi/Bảng điểm
THI-M04
Giấy vào phòng thi
Bấm chung với bảng điểm
THI-M05
Nhãn túi đề thi/bài thi
THI-M06
Biên bản xử lý sinh viên
THI-M07
Sổ theo dõi bàn giao với cán bộ
chấm thi
THI-M08
Sổ theo dõi bàn giao với bán bộ
coi thi (bài thi và danh sách thi)
THI-M09
Danh sách phúc khảo điểm
THI-M10
Bảng phân công chấm thi
THI-M11
Đề thi
https://daa.uit.edu.vn/thongbao
/mau-de-thi"
125/QD/DHCNTT/DTDH,chuong,Chương,,0,0.0,
125/QD/DHCNTT/DTDH,dieu,Điều 1,Ban hành kèm theo Quyết định này “Quy định tạm thời dạy và học tiếng Anh,0/1,1.0,đối với hệ Đại học chính quy của Trƣờng Đại học Công nghệ Thông tin”.
125/QD/DHCNTT/DTDH,dieu,Điều 1,Phạm vi điều chỉnh và đối tƣợng áp dụng,0/1,1.0,"1. Văn bản này quy định về chương trình giảng dạy tiếng Anh đối với các chương trình đào
tạo hệ Đại học chính quy, sử dụng ngoại ngữ tiếng Anh của Trường Đại học Công nghệ
Thông tin (gọi tắt là Trường).
2. Quy định này áp dụng đối với sinh viên các chương trình đào tạo hệ Đại học chính quy,
sử dụng ngoại ngữ tiếng Anh của Trường từ khóa 2015-2016."
125/QD/DHCNTT/DTDH,khoan,Khoản 1,,0/1/1,1001.0,đối với hệ Đại học chính quy của Trƣờng Đại học Công nghệ Thông tin”.
125/QD/DHCNTT/DTDH,khoan,Khoản 1,,0/1/1,1001.0,"Văn bản này quy định về chương trình giảng dạy tiếng Anh đối với các chương trình đào
tạo hệ Đại học chính quy, sử dụng ngoại ngữ tiếng Anh của Trường Đại học Công nghệ
Thông tin (gọi tắt là Trường)."
125/QD/DHCNTT/DTDH,khoan,Khoản 2,,0/1/2,1002.0,"Quy định này áp dụng đối với sinh viên các chương trình đào tạo hệ Đại học chính quy,
sử dụng ngoại ngữ tiếng Anh của Trường từ khóa 2015-2016."
125/QD/DHCNTT/DTDH,dieu,Điều 10,Quyền lợi của sinh viên học TACM,0/10,10.0,"Môn học TACM được ghi chú rõ về ngôn ngữ giảng dạy trong bảng điểm và giấy chứng
nhận hoàn thành môn học.
CHƢƠNG IV
TỔ CHỨC THỰC HIỆN"
125/QD/DHCNTT/DTDH,khoan,Khoản 1,,0/10/1,10001.0,"Môn học TACM được ghi chú rõ về ngôn ngữ giảng dạy trong bảng điểm và giấy chứng
nhận hoàn thành môn học.
CHƢƠNG IV
TỔ CHỨC THỰC HIỆN"
125/QD/DHCNTT/DTDH,dieu,Điều 11,Trách nhiệm của Phòng Đào tạo Đại học,0/11,11.0,"1. Quản lý đào tạo tiếng Anh theo chương trình giảng dạy tiếng Anh của trường.
2. Chủ trì tổ chức thi xếp lớp đầu khóa.
3. Chủ trì tổ chức xét miễn học."
125/QD/DHCNTT/DTDH,khoan,Khoản 1,,0/11/1,11001.0,Quản lý đào tạo tiếng Anh theo chương trình giảng dạy tiếng Anh của trường.
125/QD/DHCNTT/DTDH,khoan,Khoản 2,,0/11/2,11002.0,Chủ trì tổ chức thi xếp lớp đầu khóa.
125/QD/DHCNTT/DTDH,khoan,Khoản 3,,0/11/3,11003.0,Chủ trì tổ chức xét miễn học.
125/QD/DHCNTT/DTDH,dieu,Điều 12,Trách nhiệm của Bộ môn Anh văn,0/12,12.0,"1. Biên soạn chương trình, phân công giảng viên giảng dạy các môn học TATQ trong
chương trình đào tạo.
2. Phối hợp tổ chức kiểm tra xếp lớp đầu khóa.
3. Phối hợp tổ chức kiểm tra tiếng Anh định kỳ.
4. Phối hợp xét miễn học."
125/QD/DHCNTT/DTDH,khoan,Khoản 1,,0/12/1,12001.0,"Biên soạn chương trình, phân công giảng viên giảng dạy các môn học TATQ trong
chương trình đào tạo."
125/QD/DHCNTT/DTDH,khoan,Khoản 2,,0/12/2,12002.0,Phối hợp tổ chức kiểm tra xếp lớp đầu khóa.
125/QD/DHCNTT/DTDH,khoan,Khoản 3,,0/12/3,12003.0,Phối hợp tổ chức kiểm tra tiếng Anh định kỳ.
125/QD/DHCNTT/DTDH,khoan,Khoản 4,,0/12/4,12004.0,Phối hợp xét miễn học.
125/QD/DHCNTT/DTDH,dieu,Điều 13,Trách nhiệm của các Khoa/Bộ môn trực thuộc Trƣờng,0/13,13.0,"Biên soạn chương trình và tổ chức giảng dạy các môn học TACM.
CHƢƠNG V
ĐIỀU KHOẢN THI HÀNH
Quy chế này có hiệu lực thi hành kể từ ngày ký.
Việc điều chỉnh, bổ sung các điều khoản của quy chế này do Hiệu trưởng quyết định.
KT.HIỆU TRƢỞNG
PHÓ HIỆU TRƢỞNG
(Đã ký)
Vũ Đức Lung"
125/QD/DHCNTT/DTDH,khoan,Khoản 1,,0/13/1,13001.0,"Biên soạn chương trình và tổ chức giảng dạy các môn học TACM.
CHƢƠNG V
ĐIỀU KHOẢN THI HÀNH
Quy chế này có hiệu lực thi hành kể từ ngày ký.
Việc điều chỉnh, bổ sung các điều khoản của quy chế này do Hiệu trưởng quyết định.
KT.HIỆU TRƢỞNG
PHÓ HIỆU TRƢỞNG
(Đã ký)
Vũ Đức Lung"
125/QD/DHCNTT/DTDH,dieu,Điều 2,Quyết định này áp dụng từ học kỳ I năm học 2015-2016.,0/2,2.0,Quyết định này áp dụng từ học kỳ I năm học 2015-2016.
125/QD/DHCNTT/DTDH,dieu,Điều 2,Mục đích của chƣơng trình giảng dạy tiếng Anh,0/2,2.0,"Chương trình giảng dạy tiếng Anh nhằm mục đích giúp người học:
1. Củng cố toàn diện 4 kỹ năng sử dụng tiếng Anh tổng quát: nghe, nói, đọc, viết; và phát
triển kỹ năng sử dụng tiếng Anh chuyên ngành ở trình độ phù hợp với trình độ đào tạo và
ngành đào tạo.
2. Đáp ứng được chuẩn ngoại ngữ tiếng Anh theo quy định của ĐHQG-HCM.
CHƢƠNG II
CHUẨN ĐẦU RA VÀ CHƢƠNG TRÌNH TIẾNG ANH TỔNG QUÁT"
125/QD/DHCNTT/DTDH,khoan,Khoản 1,,0/2/1,2001.0,Quyết định này áp dụng từ học kỳ I năm học 2015-2016.
125/QD/DHCNTT/DTDH,khoan,Khoản 1,,0/2/1,2001.0,"Củng cố toàn diện 4 kỹ năng sử dụng tiếng Anh tổng quát: nghe, nói, đọc, viết; và phát
triển kỹ năng sử dụng tiếng Anh chuyên ngành ở trình độ phù hợp với trình độ đào tạo và
ngành đào tạo."
125/QD/DHCNTT/DTDH,khoan,Khoản 2,,0/2/2,2002.0,"Đáp ứng được chuẩn ngoại ngữ tiếng Anh theo quy định của ĐHQG-HCM.
CHƢƠNG II
CHUẨN ĐẦU RA VÀ CHƢƠNG TRÌNH TIẾNG ANH TỔNG QUÁT"
125/QD/DHCNTT/DTDH,dieu,Điều 3,"Các Ông/Bà Trưởng các Phòng, Ban, Khoa, Bộ môn, đơn vị có liên quan chịu",0/3,3.0,"trách nhiệm thi hành Quyết định này.
Quyết định có hiệu lực kể từ ngày ký./.
Nơi nhận:
KT.HIỆU TRƢỞNG
-
-   Như Điều 3;
-
-   Lưu: VT, ĐTĐH
PHÓ HIỆU TRƢỞNG
(Đã ký)
Vũ Đức Lung
1
QUY ĐỊNH TẠM THỜI
Dạy và học tiếng Anh đối với hệ Đại học chính quy
của Trƣờng Đại học Công nghệ Thông tin
(Ban hành kèm theo Quyết định số:125/QĐ-ĐHCNTT-ĐTĐH, ngày 18 tháng 09 năm 2015
của Hiệu trưởng Trường Đại học Công nghệ Thông tin)
CHƢƠNG I
NHỮNG QUY ĐỊNH CHUNG"
125/QD/DHCNTT/DTDH,dieu,Điều 3,Yêu cầu về ngoại ngữ tiếng Anh đối với sinh viên (chuẩn đầu ra),0/3,3.0,"1. Để được xét tốt nghiệp, sinh viên phải hoàn tất các môn học tiếng Anh trong chương trình
đào tạo và có một trong các loại chứng chỉ tiếng Anhquốc tếvới điểm tối thiểu như trong
Bảng 1 dưới đây. Chứng chỉ tiếng Anh phải còn hiệu lực tính đến ngày nộp hồ sơ xét đạt
chuẩn.
2
Chứng
chỉ
Cấp độ
CEFR chi
tiết
TOEIC
TOEFL
iBT
TOEFL
ITP
IELTS
Cambridge
English
VNU-
EPT
Điều
kiện
B1.2
450
42
450
4.5
FCE (45 to
59) / PET
Pass with
Distinction
200
Bảng 1. Yêu cầu về tiếng Anh để đƣợc xét tốt nghiệp của trƣờng ĐHCNTT
2. Sau học kỳ chính thứ 4 của khóa học, nếu sinh viên không đạt môn học Anh văn 1 trong
chương trình tiếng Anh quy định tại Khoản 3, Điều 4 và nếu không có các chứng chỉ tiếng
Anh tương đương với trình độ TOEIC ≥350 điểm thì sinh viên đó buộc phải học các lớp
tiếng Anh tăng cường để đạt, đồng thời chỉ được đăng ký tối đa 02 môn học không phải là
các môn tiếng Anh (bao gồm cả đăng ký học lại hoặc cải thiện)."
125/QD/DHCNTT/DTDH,khoan,Khoản 1,,0/3/1,3001.0,"trách nhiệm thi hành Quyết định này.
Quyết định có hiệu lực kể từ ngày ký./.
Nơi nhận:
KT.HIỆU TRƢỞNG
-
-   Như Điều 3;
-
-   Lưu: VT, ĐTĐH
PHÓ HIỆU TRƢỞNG
(Đã ký)
Vũ Đức Lung
1
QUY ĐỊNH TẠM THỜI
Dạy và học tiếng Anh đối với hệ Đại học chính quy
của Trƣờng Đại học Công nghệ Thông tin
(Ban hành kèm theo Quyết định số:125/QĐ-ĐHCNTT-ĐTĐH, ngày 18 tháng 09 năm 2015
của Hiệu trưởng Trường Đại học Công nghệ Thông tin)
CHƢƠNG I
NHỮNG QUY ĐỊNH CHUNG"
125/QD/DHCNTT/DTDH,khoan,Khoản 1,,0/3/1,3001.0,"Để được xét tốt nghiệp, sinh viên phải hoàn tất các môn học tiếng Anh trong chương trình
đào tạo và có một trong các loại chứng chỉ tiếng Anhquốc tếvới điểm tối thiểu như trong
Bảng 1 dưới đây. Chứng chỉ tiếng Anh phải còn hiệu lực tính đến ngày nộp hồ sơ xét đạt
chuẩn.
2
Chứng
chỉ
Cấp độ
CEFR chi
tiết
TOEIC
TOEFL
iBT
TOEFL
ITP
IELTS
Cambridge
English
VNU-
EPT
Điều
kiện
B1.2
450
42
450
4.5
FCE (45 to"
125/QD/DHCNTT/DTDH,khoan,Khoản 2,,0/3/2,3002.0,"Sau học kỳ chính thứ 4 của khóa học, nếu sinh viên không đạt môn học Anh văn 1 trong
chương trình tiếng Anh quy định tại Khoản 3, Điều 4 và nếu không có các chứng chỉ tiếng
Anh tương đương với trình độ TOEIC ≥350 điểm thì sinh viên đó buộc phải học các lớp
tiếng Anh tăng cường để đạt, đồng thời chỉ được đăng ký tối đa 02 môn học không phải là
các môn tiếng Anh (bao gồm cả đăng ký học lại hoặc cải thiện)."
125/QD/DHCNTT/DTDH,khoan,Khoản 59,,0/3/59,3059.0,"/ PET
Pass with
Distinction
200
Bảng 1. Yêu cầu về tiếng Anh để đƣợc xét tốt nghiệp của trƣờng ĐHCNTT"
125/QD/DHCNTT/DTDH,dieu,Điều 4,Chƣơng trình giảng dạy tiếng Anh của trƣờng,0/4,4.0,"1. Chương trình giảng dạy tiếng Anh của Trường bao gồm các môn học tiếng Anh tổng quát
(TATQ) và các môn học chuyên môn được giảng dạy bằng tiếng Anh (TACM).
a. Môn học TATQ: nhằm giúp sinh viên tăng cường học các kỹ năng tiếng Anh:
nghe, nói, đọc,viết và chuẩn bị cho sinh viên đạt chuẩn đầu ra tiếng Anh theo qui
định.
b. Môn học TACM: là môn học chuyên ngành được dạy bằng tiếng Anh nhằm cung
cấp kiến thức tiếng Anh chuyên ngành và tạo môi trường cho sinh viên thực hành
các kỹ năng tiếng Anh.
2. Môn học TACM tuân thủ theo các quy định trong Chương III của quy định này.
3. Chương trình giảng dạy tiếng Anh của trường được thiết kế với3 cấp độ bao gồm 3 môn
học Anh văn 1, Anh văn 2 và Anh văn 3; nhằm giúpsinh viên đạt được các chuẩn đầu ra
theo quy định."
125/QD/DHCNTT/DTDH,khoan,Khoản 1,,0/4/1,4001.0,"Chương trình giảng dạy tiếng Anh của Trường bao gồm các môn học tiếng Anh tổng quát
(TATQ) và các môn học chuyên môn được giảng dạy bằng tiếng Anh (TACM).
a. Môn học TATQ: nhằm giúp sinh viên tăng cường học các kỹ năng tiếng Anh:
nghe, nói, đọc,viết và chuẩn bị cho sinh viên đạt chuẩn đầu ra tiếng Anh theo qui
định.
b. Môn học TACM: là môn học chuyên ngành được dạy bằng tiếng Anh nhằm cung
cấp kiến thức tiếng Anh chuyên ngành và tạo môi trường cho sinh viên thực hành
các kỹ năng tiếng Anh."
125/QD/DHCNTT/DTDH,khoan,Khoản 2,,0/4/2,4002.0,Môn học TACM tuân thủ theo các quy định trong Chương III của quy định này.
125/QD/DHCNTT/DTDH,khoan,Khoản 3,,0/4/3,4003.0,"Chương trình giảng dạy tiếng Anh của trường được thiết kế với3 cấp độ bao gồm 3 môn
học Anh văn 1, Anh văn 2 và Anh văn 3; nhằm giúpsinh viên đạt được các chuẩn đầu ra
theo quy định."
125/QD/DHCNTT/DTDH,dieu,Điều 5,Kiểm tra xếp lớp đầu khóa,0/5,5.0,"1. Vào đầu khóa học, Trường tổ chức kiểm tra tiếng Anh để xếp lớp cho tất cả sinh viên
khóa tuyển mới. Căn cứ vào kết quả kiểm tra tiếng Anh, sinh viên được xếp vào lớp tiếng
Anh phù hợp với trình độ theo Bảng 2.
Điểm kiểm tra (TOEIC)
Kết quả
< 300
Không được đăng ký môn AV1
300-345
Được đăng ký học AV1
350- 395
Miễn AV1 và được đăng kýhọc AV2
3
≥ 400
Miễn AV1, AV2 và được đăng ký học AV3
Bảng 2. Quy định xếp lớp sau khi kiểm tra tiếng Anhđầu khóa
2. Sinh viên không dự thi xếp lớp và không nộp chứng chỉ tiếng Anh sẽ được xếp vào lớp
Anh văn bổ túc.
3. Nếu điểm kiểm tra tiếng Anh nhỏ hơn 300 thì sinh viên được xếp vào các lớp tiếng Anh
bổ túc.
4. Đối với những học phần tiếng Anh được miễn thì sinh viên được quy đổi thành điểm M
và không tính vào điểm trung bình chung tích lũy."
125/QD/DHCNTT/DTDH,khoan,Khoản 1,,0/5/1,5001.0,"Vào đầu khóa học, Trường tổ chức kiểm tra tiếng Anh để xếp lớp cho tất cả sinh viên
khóa tuyển mới. Căn cứ vào kết quả kiểm tra tiếng Anh, sinh viên được xếp vào lớp tiếng
Anh phù hợp với trình độ theo Bảng 2.
Điểm kiểm tra (TOEIC)
Kết quả
< 300
Không được đăng ký môn AV1
300-345
Được đăng ký học AV1
350- 395
Miễn AV1 và được đăng kýhọc AV2
3
≥ 400
Miễn AV1, AV2 và được đăng ký học AV3
Bảng 2. Quy định xếp lớp sau khi kiểm tra tiếng Anhđầu khóa"
125/QD/DHCNTT/DTDH,khoan,Khoản 2,,0/5/2,5002.0,"Sinh viên không dự thi xếp lớp và không nộp chứng chỉ tiếng Anh sẽ được xếp vào lớp
Anh văn bổ túc."
125/QD/DHCNTT/DTDH,khoan,Khoản 3,,0/5/3,5003.0,"Nếu điểm kiểm tra tiếng Anh nhỏ hơn 300 thì sinh viên được xếp vào các lớp tiếng Anh
bổ túc."
125/QD/DHCNTT/DTDH,khoan,Khoản 4,,0/5/4,5004.0,"Đối với những học phần tiếng Anh được miễn thì sinh viên được quy đổi thành điểm M
và không tính vào điểm trung bình chung tích lũy."
125/QD/DHCNTT/DTDH,dieu,Điều 6,Các chứng chỉ tiếng Anh đƣợc công nhận,0/6,6.0,"1. Chứng chỉ tiếng Anh được công nhận bao gồm:
a. Các loại chứng chỉ tiếng Anh quốc tế, bao gồm: TOEIC, TOEFL ITP, TOEFL iBT,
IELTS,  Cambridge English (PET, FCE, CAE)
b. Chứng chỉ tiếng Anh nội bộ do các đơn vị, tổ chức khảo thí hoặc đào tạo tiếng Anh
trong nước cấp được ĐHQG-HCM công nhận có giá trị sử dụng cho chương trình
đào tạo trình độ Đại học.
2. Chứng chỉ tiếng Anh hoặcgiấy chứng nhận kiểm tra trình độ tiếng Anh còn hiệu lực và
giá trị trong vòng 02 năm kể từ ngày cấptính đến ngày xét công nhận.
3.  Chứng chỉ tiếng Anh quốc tế dùng để xét miễn học các học phần Anh văn 1, Anh văn 2
và Anh văn 3 (theo bảng 3).
Học
phần
TOEIC TOEFL
ITP
TOEFL
IBT
IELTS
Cambridge
VNU-
EPT
Cấp độ
CEFR chi
tiết
AV1
350
410
32
3.5

KET Pass
with Merit,
Pass
150
A2.2
AV2
400
430
37
4.0

PET Pass
with Merit,
Pass
175
B1.1
AV3
450
450
42
4.5
FCE (45 to 59)
/ PET Pass with
Distinction
200
B1.2
Bảng 3. Xét miễn học Anh văn 1, Anh văn 2, Anh văn 3
4. Trước 20 ngày của mỗi học kỳ sinh viên có thể nộp chứng chỉ tiếng Anh để được xét vào
học các lớp có trình độ tương ứng."
125/QD/DHCNTT/DTDH,khoan,Khoản 1,,0/6/1,6001.0,"Chứng chỉ tiếng Anh được công nhận bao gồm:
a. Các loại chứng chỉ tiếng Anh quốc tế, bao gồm: TOEIC, TOEFL ITP, TOEFL iBT,
IELTS,  Cambridge English (PET, FCE, CAE)
b. Chứng chỉ tiếng Anh nội bộ do các đơn vị, tổ chức khảo thí hoặc đào tạo tiếng Anh
trong nước cấp được ĐHQG-HCM công nhận có giá trị sử dụng cho chương trình
đào tạo trình độ Đại học."
125/QD/DHCNTT/DTDH,khoan,Khoản 2,,0/6/2,6002.0,"Chứng chỉ tiếng Anh hoặcgiấy chứng nhận kiểm tra trình độ tiếng Anh còn hiệu lực và
giá trị trong vòng 02 năm kể từ ngày cấptính đến ngày xét công nhận."
125/QD/DHCNTT/DTDH,khoan,Khoản 3,,0/6/3,6003.0,"Chứng chỉ tiếng Anh quốc tế dùng để xét miễn học các học phần Anh văn 1, Anh văn 2
và Anh văn 3 (theo bảng 3).
Học
phần
TOEIC TOEFL
ITP
TOEFL
IBT
IELTS
Cambridge
VNU-
EPT
Cấp độ
CEFR chi
tiết
AV1
350
410
32
3.5

KET Pass
with Merit,
Pass
150
A2.2
AV2
400
430
37
4.0

PET Pass
with Merit,
Pass
175
B1.1
AV3
450
450
42
4.5
FCE (45 to 59)
/ PET Pass with
Distinction
200
B1.2
Bảng 3. Xét miễn học Anh văn 1, Anh văn 2, Anh văn 3"
125/QD/DHCNTT/DTDH,khoan,Khoản 4,,0/6/4,6004.0,"Trước 20 ngày của mỗi học kỳ sinh viên có thể nộp chứng chỉ tiếng Anh để được xét vào
học các lớp có trình độ tương ứng."
125/QD/DHCNTT/DTDH,dieu,Điều 7,Tổ chức lớp học,0/7,7.0,"1. Có 2 phương thức tổ chức lớp học trong chương trình giảng dạy tiếng Anh:
4
a. Phương thức 1: Lớp tối đa 55 sinh viên.
b. Phương thức 2 (Tiếng Anh tăng cường): Lớp nhỏ tối đa 30 sinh viên, phòng học
chất lượng cao.
Sinh viên được quyền lựa chọn lớp học theo phương thức 1 hoặc phương thức 2.
2. Tương ứng với 2 phương thức tổ chức lớp ở Khoản 1 của điều này, có 2 phương thức thu
học phí:
a. Phương thức 1: Học phí được thu theo quy định thu học phí của chương trình đào
tạo hệ đại học chính quy.
b. Phương thức 2: Học phí được thu theo mức riêng tương ứng với chi phí đào tạo do
Hiệu trưởng quy định.
CHƢƠNG III
CHƢƠNG TRÌNH TIẾNG ANH CHUYÊN MÔN"
125/QD/DHCNTT/DTDH,khoan,Khoản 1,,0/7/1,7001.0,"Có 2 phương thức tổ chức lớp học trong chương trình giảng dạy tiếng Anh:
4
a. Phương thức 1: Lớp tối đa 55 sinh viên.
b. Phương thức 2 (Tiếng Anh tăng cường): Lớp nhỏ tối đa 30 sinh viên, phòng học
chất lượng cao.
Sinh viên được quyền lựa chọn lớp học theo phương thức 1 hoặc phương thức 2."
125/QD/DHCNTT/DTDH,khoan,Khoản 2,,0/7/2,7002.0,"Tương ứng với 2 phương thức tổ chức lớp ở Khoản 1 của điều này, có 2 phương thức thu
học phí:
a. Phương thức 1: Học phí được thu theo quy định thu học phí của chương trình đào
tạo hệ đại học chính quy.
b. Phương thức 2: Học phí được thu theo mức riêng tương ứng với chi phí đào tạo do
Hiệu trưởng quy định.
CHƢƠNG III
CHƢƠNG TRÌNH TIẾNG ANH CHUYÊN MÔN"
125/QD/DHCNTT/DTDH,dieu,Điều 8,Tổ chức giảng dạy,0/8,8.0,"1. Điều kiện để được vào học các lớp TACM: sinh viên đạt chuẩn B1.2 hoặc đã đạt học
phần Anh văn 3.
2. Môn học TACM đáp ứng các yêu cầu sau:
a. Là các học phần thuộc khối kiến thức cơ bản, cơ sở hoặc chuyên ngành được giảng
dạy chủ yếu bằng tiếng Anh. Nội dung giảng dạy hoàn toàn giống học phầnđược
giảng dạy bằng tiếng Việt.
b. Cán bộ giảng dạy (CBGD) lý thuyết phải giảngbằng tiếng Anh.
c. Tài liệu giảng dạy và giáo trình chính của môn học bằng tiếng Anh.
3. Mỗi lớp học TACM có 01 trợ giảng để hỗ trợ sinh viên trong quá trình học tập. Trợ giảng
do CBGD lý thuyết chỉ định. Trợ giảng có thể sử dụng tiếng Việt trong quá trình hỗ trợ
sinh viên."
125/QD/DHCNTT/DTDH,khoan,Khoản 1,,0/8/1,8001.0,"Điều kiện để được vào học các lớp TACM: sinh viên đạt chuẩn B1.2 hoặc đã đạt học
phần Anh văn 3."
125/QD/DHCNTT/DTDH,khoan,Khoản 2,,0/8/2,8002.0,"Môn học TACM đáp ứng các yêu cầu sau:
a. Là các học phần thuộc khối kiến thức cơ bản, cơ sở hoặc chuyên ngành được giảng
dạy chủ yếu bằng tiếng Anh. Nội dung giảng dạy hoàn toàn giống học phầnđược
giảng dạy bằng tiếng Việt.
b. Cán bộ giảng dạy (CBGD) lý thuyết phải giảngbằng tiếng Anh.
c. Tài liệu giảng dạy và giáo trình chính của môn học bằng tiếng Anh."
125/QD/DHCNTT/DTDH,khoan,Khoản 3,,0/8/3,8003.0,"Mỗi lớp học TACM có 01 trợ giảng để hỗ trợ sinh viên trong quá trình học tập. Trợ giảng
do CBGD lý thuyết chỉ định. Trợ giảng có thể sử dụng tiếng Việt trong quá trình hỗ trợ
sinh viên."
125/QD/DHCNTT/DTDH,dieu,Điều 9,Yêu cầu về cán bộ giảng dạy,0/9,9.0,"CBGD phải đáp ứng yêu cầu theo quy định chung của Trường; ngoài ra, CBGD lý thuyết
phải đáp ứng thêm một trong các yêu cầu sau đây:
a. Có trình độ tiếng Anh tối thiểu tương đương cấp độ C1 tham chiếu theo khung
Châu Âu(CEFR).
5
b. Tốt nghiệp một trường đại học nước ngoài, có sử dụng tiếng Anh trong quá trình
học tập (có môn học bằng tiếng Anh, hoặc luận án tốt nghiệp được viết bằng tiếng
Anh).
c. Tốt nghiệp một trường đại học trong nước theo chương trình đào tạo sử dụng
100% tiếng Anh."
125/QD/DHCNTT/DTDH,khoan,Khoản 1,,0/9/1,9001.0,"CBGD phải đáp ứng yêu cầu theo quy định chung của Trường; ngoài ra, CBGD lý thuyết
phải đáp ứng thêm một trong các yêu cầu sau đây:
a. Có trình độ tiếng Anh tối thiểu tương đương cấp độ C1 tham chiếu theo khung
Châu Âu(CEFR).
5
b. Tốt nghiệp một trường đại học nước ngoài, có sử dụng tiếng Anh trong quá trình
học tập (có môn học bằng tiếng Anh, hoặc luận án tốt nghiệp được viết bằng tiếng
Anh).
c. Tốt nghiệp một trường đại học trong nước theo chương trình đào tạo sử dụng
100% tiếng Anh."
128/QD/DHCNTT/DTDH,chuong,Chương,,0,0.0,
128/QD/DHCNTT/DTDH,dieu,Điều 1,Ban hành kèm theo Quyết định này “Quy định dạy và học ngoại ngữ đối với hệ,0/1,1.0,Đại học chính quy của Trường Đại học Công nghệ Thông tin”.
128/QD/DHCNTT/DTDH,khoan,Khoản 1,,0/1/1,1001.0,Đại học chính quy của Trường Đại học Công nghệ Thông tin”.
128/QD/DHCNTT/DTDH,dieu,Điều 2,Quyết định này có hiệu lực bắt đầu từ học kỳ I năm học 2016-2017. Quyết định,0/2,2.0,"này thay thế Quyết định 125/QĐ-ĐHCNTT-ĐTĐH, ngày 18 tháng 09 năm 2015 của Hiệu
trưởng Trường ĐHCNTT."
128/QD/DHCNTT/DTDH,khoan,Khoản 1,,0/2/1,2001.0,"này thay thế Quyết định 125/QĐ-ĐHCNTT-ĐTĐH, ngày 18 tháng 09 năm 2015 của Hiệu
trưởng Trường ĐHCNTT."
128/QD/DHCNTT/DTDH,dieu,Điều 3,"Các Ông/Bà Trưởng các Phòng, Ban, Khoa, Bộ môn có liên quan chịu trách",0/3,3.0,"nhiệm thi hành Quyết định này.
Quyết định có hiệu lực kể từ ngày ký./.
Nơi nhận:
KT.HIỆU TRƯỞNG
-
-   Như Điều 3;
-
-   Lưu: VT, ĐTĐH
PHÓ HIỆU TRƯỞNG
(Đã ký)
ĐẠI HỌC QUỐC GIA TP.HCM
TRƯỜNG ĐẠI HỌC
CÔNG NGHỆ THÔNG TIN
CỘNG HÒA XÃ HỘI CHỦ NGHĨA VIỆT NAM
Độc lập -Tự do - Hạnh phúc
Số: 128/QĐ-ĐHCNTT-ĐTĐH
Tp.Hồ Chí Minh, ngày 30 tháng 08 năm 2016
1
QUY ĐỊNH
Dạy và học tiếng ngoại ngữ đối với hệ Đại học chính quy
của Trường Đại học Công nghệ Thông tin
(Ban hành kèm theo Quyết định số: . . ./QĐ-ĐHCNTT-ĐTĐH, ngày . . . tháng . . . năm 2016
của Hiệu trưởng Trường Đại học Công nghệ Thông tin)"
128/QD/DHCNTT/DTDH,khoan,Khoản 1,,0/3/1,3001.0,"nhiệm thi hành Quyết định này.
Quyết định có hiệu lực kể từ ngày ký./.
Nơi nhận:
KT.HIỆU TRƯỞNG
-
-   Như Điều 3;
-
-   Lưu: VT, ĐTĐH
PHÓ HIỆU TRƯỞNG
(Đã ký)
ĐẠI HỌC QUỐC GIA TP.HCM
TRƯỜNG ĐẠI HỌC
CÔNG NGHỆ THÔNG TIN
CỘNG HÒA XÃ HỘI CHỦ NGHĨA VIỆT NAM
Độc lập -Tự do - Hạnh phúc
Số: 128/QĐ-ĐHCNTT-ĐTĐH
Tp.Hồ Chí Minh, ngày 30 tháng 08 năm 2016
1
QUY ĐỊNH
Dạy và học tiếng ngoại ngữ đối với hệ Đại học chính quy
của Trường Đại học Công nghệ Thông tin
(Ban hành kèm theo Quyết định số: . . ./QĐ-ĐHCNTT-ĐTĐH, ngày . . . tháng . . . năm 2016
của Hiệu trưởng Trường Đại học Công nghệ Thông tin)"
128/QD/DHCNTT/DTDH,chuong,Chương 1,,1,1.0,
128/QD/DHCNTT/DTDH,dieu,Điều 1,Phạm vi điều chỉnh và đối tượng áp dụng,1/1,1001.0,"1. Văn bản này quy định về chương trình giảng dạy ngoại ngữ đối với các chương trình đào tạo
hệ Đại học chính quy của Trường Đại học Công nghệ Thông tin (gọi tắt là Trường).
2. Quy định này áp dụng với sinh viên đại học chính quy từ khóa tuyển sinh năm 2016. Sinh
viên các chương trình tiên tiến, chương trình chất lượng cao và chương trình cử nhân, kỹ sư tài
năng thực hiện theo quy định riêng của các chương trình này (nếu có)."
128/QD/DHCNTT/DTDH,khoan,Khoản 1,,1/1/1,1001.0,"Văn bản này quy định về chương trình giảng dạy ngoại ngữ đối với các chương trình đào tạo
hệ Đại học chính quy của Trường Đại học Công nghệ Thông tin (gọi tắt là Trường)."
128/QD/DHCNTT/DTDH,khoan,Khoản 2,,1/1/2,1002.0,"Quy định này áp dụng với sinh viên đại học chính quy từ khóa tuyển sinh năm 2016. Sinh
viên các chương trình tiên tiến, chương trình chất lượng cao và chương trình cử nhân, kỹ sư tài
năng thực hiện theo quy định riêng của các chương trình này (nếu có)."
128/QD/DHCNTT/DTDH,dieu,Điều 2,Ngoại ngữ được đào tạo,1/2,1002.0,"1. Sinh viên được chọn một trong các ngoại ngữ sau để xét đạt chuẩn quá trình và xét tốt
nghiệp: Tiếng Anh, Tiếng Nhật hoặc Tiếng Pháp. (Xem chương IV)
2. Sinh viên chọn ngoại ngữ là Tiếng Pháp hoặc Tiếng Nhật sẽ được miễn học các môn tiếng
Anh trong chương trình đào tạo."
128/QD/DHCNTT/DTDH,khoan,Khoản 1,,1/2/1,2001.0,"Sinh viên được chọn một trong các ngoại ngữ sau để xét đạt chuẩn quá trình và xét tốt
nghiệp: Tiếng Anh, Tiếng Nhật hoặc Tiếng Pháp. (Xem chương IV)"
128/QD/DHCNTT/DTDH,khoan,Khoản 2,,1/2/2,2002.0,"Sinh viên chọn ngoại ngữ là Tiếng Pháp hoặc Tiếng Nhật sẽ được miễn học các môn tiếng
Anh trong chương trình đào tạo."
128/QD/DHCNTT/DTDH,dieu,Điều 3,Mục đích của chương trình giảng dạy tiếng Anh và ngoại ngữ khác,1/3,1003.0,"1 . Chương trình giảng dạy tiếng Anh nhằm mục đích giúp người học:
a . Củng cố toàn diện 4 kỹ năng sử dụng tiếng Anh tổng quát: nghe, nói, đọc, viết; phát triển
kỹ năng sử dụng tiếng Anh chuyên ngành ở trình độ phù hợp với trình độ đào tạo và ngành
đào tạo.
b . Đáp ứng được chuẩn ngoại ngữ tiếng Anh đầu ra theo quy định của ĐHQG-HCM.
2 . Các ngoại ngữ khác được đưa vào chương trình giúp người học có thêm lựa chọn bổ sung
phù hợp với nhu cầu đa dạng của thị trường lao động.
2"
128/QD/DHCNTT/DTDH,khoan,Khoản 1,,1/3/1,3001.0,"1 . Chương trình giảng dạy tiếng Anh nhằm mục đích giúp người học:
a . Củng cố toàn diện 4 kỹ năng sử dụng tiếng Anh tổng quát: nghe, nói, đọc, viết; phát triển
kỹ năng sử dụng tiếng Anh chuyên ngành ở trình độ phù hợp với trình độ đào tạo và ngành
đào tạo.
b . Đáp ứng được chuẩn ngoại ngữ tiếng Anh đầu ra theo quy định của ĐHQG-HCM.
2 . Các ngoại ngữ khác được đưa vào chương trình giúp người học có thêm lựa chọn bổ sung
phù hợp với nhu cầu đa dạng của thị trường lao động.
2"
128/QD/DHCNTT/DTDH,chuong,Chương 2,,2,2.0,
128/QD/DHCNTT/DTDH,dieu,Điều 4,Chương trình giảng dạy tiếng Anh,2/4,2004.0,"1. Chương trình giảng dạy tiếng Anh của Trường bao gồm các môn học tiếng Anh tổng quát
(TATQ) và tiếng Anh chuyên môn (TACM).
a. Môn học TATQ được thiết kế với 3 cấp độ: Anh văn 1 (AV1), Anh văn 2 (AV2) và Anh
văn 3 (AV3). Mục tiêu nhằm giúp sinh viên rèn luyện các kỹ năng tiếng Anh: nghe, nói, đọc,
viết và chuẩn bị kiến thức cho sinh viên ôn thi đạt chuẩn đầu ra tiếng Anh theo qui định.
b. Môn học TACM: là môn học chuyên ngành được giảng dạy bằng tiếng Anh nhằm cung
cấp kiến thức tiếng Anh chuyên ngành và tạo môi trường cho sinh viên thực hành các kỹ
năng tiếng Anh.
2. Môn học TACM tuân thủ theo các quy định trong Chương III của quy định này."
128/QD/DHCNTT/DTDH,khoan,Khoản 1,,2/4/1,4001.0,"Chương trình giảng dạy tiếng Anh của Trường bao gồm các môn học tiếng Anh tổng quát
(TATQ) và tiếng Anh chuyên môn (TACM).
a. Môn học TATQ được thiết kế với 3 cấp độ: Anh văn 1 (AV1), Anh văn 2 (AV2) và Anh
văn 3 (AV3). Mục tiêu nhằm giúp sinh viên rèn luyện các kỹ năng tiếng Anh: nghe, nói, đọc,
viết và chuẩn bị kiến thức cho sinh viên ôn thi đạt chuẩn đầu ra tiếng Anh theo qui định.
b. Môn học TACM: là môn học chuyên ngành được giảng dạy bằng tiếng Anh nhằm cung
cấp kiến thức tiếng Anh chuyên ngành và tạo môi trường cho sinh viên thực hành các kỹ
năng tiếng Anh."
128/QD/DHCNTT/DTDH,khoan,Khoản 2,,2/4/2,4002.0,Môn học TACM tuân thủ theo các quy định trong Chương III của quy định này.
128/QD/DHCNTT/DTDH,dieu,Điều 5,Kiểm tra xếp lớp đầu khóa,2/5,2005.0,"1. Vào đầu khóa học, Trường tổ chức kiểm tra tiếng Anh để xếp lớp cho tất cả sinh viên khóa
tuyển mới. Căn cứ vào kết quả kiểm tra tiếng Anh, sinh viên được xếp vào lớp tiếng Anh phù
hợp với trình độ theo Bảng 1.
Điểm kiểm tra (TOEIC)
(Listening & Reading)
Kết quả
<300
Không được đăng ký AV1
300-395
Được đăng ký học AV1
400-445
Miễn AV1 và được đăng ký học AV2
≥ 450
Miễn AV1, AV2 và được đăng ký học AV3
Bảng 1. Quy định xếp lớp sau khi kiểm tra tiếng Anh đầu khóa
2. Sinh viên không dự thi xếp lớp và không nộp chứng chỉ tiếng Anh sẽ được xếp vào lớp Anh
văn bổ túc.
3. Sinh viên có điểm kiểm tra tiếng Anh nhỏ hơn 300 được xếp vào các lớp Anh văn bổ túc.
4. Những học phần tiếng Anh được miễn sẽ được cho điểm M và không tính vào điểm trung
bình chung tích lũy."
128/QD/DHCNTT/DTDH,khoan,Khoản 1,,2/5/1,5001.0,"Vào đầu khóa học, Trường tổ chức kiểm tra tiếng Anh để xếp lớp cho tất cả sinh viên khóa
tuyển mới. Căn cứ vào kết quả kiểm tra tiếng Anh, sinh viên được xếp vào lớp tiếng Anh phù
hợp với trình độ theo Bảng 1.
Điểm kiểm tra (TOEIC)
(Listening & Reading)
Kết quả
<300
Không được đăng ký AV1
300-395
Được đăng ký học AV1
400-445
Miễn AV1 và được đăng ký học AV2
≥ 450
Miễn AV1, AV2 và được đăng ký học AV3
Bảng 1. Quy định xếp lớp sau khi kiểm tra tiếng Anh đầu khóa"
128/QD/DHCNTT/DTDH,khoan,Khoản 2,,2/5/2,5002.0,"Sinh viên không dự thi xếp lớp và không nộp chứng chỉ tiếng Anh sẽ được xếp vào lớp Anh
văn bổ túc."
128/QD/DHCNTT/DTDH,khoan,Khoản 3,,2/5/3,5003.0,Sinh viên có điểm kiểm tra tiếng Anh nhỏ hơn 300 được xếp vào các lớp Anh văn bổ túc.
128/QD/DHCNTT/DTDH,khoan,Khoản 4,,2/5/4,5004.0,"Những học phần tiếng Anh được miễn sẽ được cho điểm M và không tính vào điểm trung
bình chung tích lũy."
128/QD/DHCNTT/DTDH,dieu,Điều 6,Xét miễn học các môn học tiếng Anh trong chương trình đào tạo,2/6,2006.0,"3
1. Sinh viên có một trong các chứng chỉ tiếng Anh đạt trình độ quy định tại bảng 2 thì được đề
nghị Trường xét miễn học các môn học tiếng Anh tương ứng trong chương trình đào tạo.
2. Chứng chỉ tiếng Anh hoặc giấy chứng nhận kết quả kiểm tra trình độ tiếng Anh phải còn
hiệu lực tính đến ngày xét công nhận.
Môn
học
TOEIC
(Listening & Reading)
TOEFL
iBT
IELTS
Cambridge
VNU-EPT
CEFR
AV1
400
32
4.0
KET Pass with
Merit
126 - 150
A2.2
AV2
450
37
4.5
PET Pass with
Merit, Pass
151 - 175
B1.1
AV3
500
42
5.0
FCE (45 to 59)/
PET Pass with
Distinction
176 - 200
B1.2
Bảng 2. Xét miễn học Anh văn 1, Anh văn 2, Anh văn 3
3. Hai tuần trước khi bắt đầu học kỳ, sinh viên thỏa mãn các điều kiện về miễn học tại Khoản 1
điều này nộp đơn theo mẫu (phụ lục đính kèm) kèm theo bản sao và mang theo bản gốc của
chứng chỉ để kiểm tra, đối chiếu cho Phòng ĐTĐH. Sau học kỳ thứ 2 của khóa học, sinh viên
không được xem xét miễn học các môn học tiếng Anh trong chương trình đào tạo.
4. Phòng ĐTĐH phối hợp với Bộ môn Anh văn kiểm tra và báo cáo Hiệu trưởng ra quyết định
công nhận việc miễn học cho sinh viên."
128/QD/DHCNTT/DTDH,khoan,Khoản 1,,2/6/1,6001.0,"Sinh viên có một trong các chứng chỉ tiếng Anh đạt trình độ quy định tại bảng 2 thì được đề
nghị Trường xét miễn học các môn học tiếng Anh tương ứng trong chương trình đào tạo."
128/QD/DHCNTT/DTDH,khoan,Khoản 2,,2/6/2,6002.0,"Chứng chỉ tiếng Anh hoặc giấy chứng nhận kết quả kiểm tra trình độ tiếng Anh phải còn
hiệu lực tính đến ngày xét công nhận.
Môn
học
TOEIC
(Listening & Reading)
TOEFL
iBT
IELTS
Cambridge
VNU-EPT
CEFR
AV1
400
32
4.0
KET Pass with
Merit
126 - 150
A2.2
AV2
450
37
4.5
PET Pass with
Merit, Pass
151 - 175
B1.1
AV3
500
42
5.0
FCE (45 to 59)/
PET Pass with
Distinction
176 - 200
B1.2
Bảng 2. Xét miễn học Anh văn 1, Anh văn 2, Anh văn 3"
128/QD/DHCNTT/DTDH,khoan,Khoản 3,,2/6/3,6003.0,"Hai tuần trước khi bắt đầu học kỳ, sinh viên thỏa mãn các điều kiện về miễn học tại Khoản 1
điều này nộp đơn theo mẫu (phụ lục đính kèm) kèm theo bản sao và mang theo bản gốc của
chứng chỉ để kiểm tra, đối chiếu cho Phòng ĐTĐH. Sau học kỳ thứ 2 của khóa học, sinh viên
không được xem xét miễn học các môn học tiếng Anh trong chương trình đào tạo."
128/QD/DHCNTT/DTDH,khoan,Khoản 4,,2/6/4,6004.0,"Phòng ĐTĐH phối hợp với Bộ môn Anh văn kiểm tra và báo cáo Hiệu trưởng ra quyết định
công nhận việc miễn học cho sinh viên."
128/QD/DHCNTT/DTDH,dieu,Điều 7,Tổ chức lớp học,2/7,2007.0,"1. Có 2 phương thức tổ chức lớp học trong chương trình giảng dạy tiếng Anh:
a. Phương thức 1: Lớp tối đa 50 sinh viên.
b. Phương thức 2 (Tiếng Anh tăng cường): Lớp nhỏ tối đa 30 sinh viên, phòng học chất
lượng cao.
Sinh viên được quyền lựa chọn lớp học theo phương thức 1 hoặc phương thức 2.
2. Tương ứng với 2 phương thức tổ chức lớp ở Khoản 1 của điều này, có 2 phương thức thu
học phí:
a. Phương thức 1: Học phí được thu theo quy định thu học phí của chương trình đào tạo hệ
đại học chính quy.
b. Phương thức 2: Học phí được thu theo mức riêng tương ứng với chi phí đào tạo do Hiệu
trưởng quy định.
4"
128/QD/DHCNTT/DTDH,khoan,Khoản 1,,2/7/1,7001.0,"Có 2 phương thức tổ chức lớp học trong chương trình giảng dạy tiếng Anh:
a. Phương thức 1: Lớp tối đa 50 sinh viên.
b. Phương thức 2 (Tiếng Anh tăng cường): Lớp nhỏ tối đa 30 sinh viên, phòng học chất
lượng cao.
Sinh viên được quyền lựa chọn lớp học theo phương thức 1 hoặc phương thức 2."
128/QD/DHCNTT/DTDH,khoan,Khoản 2,,2/7/2,7002.0,"Tương ứng với 2 phương thức tổ chức lớp ở Khoản 1 của điều này, có 2 phương thức thu
học phí:
a. Phương thức 1: Học phí được thu theo quy định thu học phí của chương trình đào tạo hệ
đại học chính quy.
b. Phương thức 2: Học phí được thu theo mức riêng tương ứng với chi phí đào tạo do Hiệu
trưởng quy định.
4"
128/QD/DHCNTT/DTDH,chuong,Chương 3,,3,3.0,
128/QD/DHCNTT/DTDH,dieu,Điều 10,Quyền lợi của sinh viên học TACM,3/10,3010.0,"Môn học TACM được ghi chú rõ về ngôn ngữ giảng dạy trong bảng điểm và giấy chứng nhận
hoàn thành môn học.
5"
128/QD/DHCNTT/DTDH,khoan,Khoản 1,,3/10/1,10001.0,"Môn học TACM được ghi chú rõ về ngôn ngữ giảng dạy trong bảng điểm và giấy chứng nhận
hoàn thành môn học.
5"
128/QD/DHCNTT/DTDH,dieu,Điều 8,Tổ chức giảng dạy,3/8,3008.0,"1. Môn học TACM đáp ứng các yêu cầu sau:
a. Là các học phần thuộc khối kiến thức cơ bản, cơ sở hoặc chuyên ngành được giảng dạy
chủ yếu bằng tiếng Anh. Nội dung giảng dạy hoàn toàn giống học phần được giảng dạy bằng
tiếng Việt.
b. Cán bộ giảng dạy (CBGD) lý thuyết phải giảng bằng tiếng Anh.
c. Tài liệu giảng dạy và giáo trình chính của môn học bằng tiếng Anh.
2. Điều kiện để được tham gia học các lớp TACM: Sinh viên phải có chứng chỉ tiếng Anh
tương đương chuẩn B1.2 hoặc đã hoàn tất học phần Anh văn 3.
3. Mỗi lớp học TACM có 01 trợ giảng để hỗ trợ sinh viên trong quá trình học tập. Trợ giảng
do CBGD lý thuyết chỉ định. Trợ giảng có thể sử dụng tiếng Việt trong quá trình hỗ trợ sinh
viên."
128/QD/DHCNTT/DTDH,khoan,Khoản 1,,3/8/1,8001.0,"Môn học TACM đáp ứng các yêu cầu sau:
a. Là các học phần thuộc khối kiến thức cơ bản, cơ sở hoặc chuyên ngành được giảng dạy
chủ yếu bằng tiếng Anh. Nội dung giảng dạy hoàn toàn giống học phần được giảng dạy bằng
tiếng Việt.
b. Cán bộ giảng dạy (CBGD) lý thuyết phải giảng bằng tiếng Anh.
c. Tài liệu giảng dạy và giáo trình chính của môn học bằng tiếng Anh."
128/QD/DHCNTT/DTDH,khoan,Khoản 2,,3/8/2,8002.0,"Điều kiện để được tham gia học các lớp TACM: Sinh viên phải có chứng chỉ tiếng Anh
tương đương chuẩn B1.2 hoặc đã hoàn tất học phần Anh văn 3."
128/QD/DHCNTT/DTDH,khoan,Khoản 3,,3/8/3,8003.0,"Mỗi lớp học TACM có 01 trợ giảng để hỗ trợ sinh viên trong quá trình học tập. Trợ giảng
do CBGD lý thuyết chỉ định. Trợ giảng có thể sử dụng tiếng Việt trong quá trình hỗ trợ sinh
viên."
128/QD/DHCNTT/DTDH,dieu,Điều 9,Yêu cầu về cán bộ giảng dạy,3/9,3009.0,"CBGD phải đáp ứng yêu cầu theo quy định chung của Trường; ngoài ra, CBGD lý thuyết phải
đáp ứng thêm một trong các yêu cầu sau đây:
a. Có trình độ tiếng Anh tối thiểu tương đương cấp độ C1 tham chiếu theo khung Châu Âu
(CEFR).
b. Tốt nghiệp một trường đại học nước ngoài, có sử dụng tiếng Anh trong quá trình học tập
(có môn học bằng tiếng Anh, hoặc luận án tốt nghiệp được viết bằng tiếng Anh).
c. Tốt nghiệp một trường đại học trong nước theo chương trình đào tạo sử dụng 100% tiếng
Anh."
128/QD/DHCNTT/DTDH,khoan,Khoản 1,,3/9/1,9001.0,"CBGD phải đáp ứng yêu cầu theo quy định chung của Trường; ngoài ra, CBGD lý thuyết phải
đáp ứng thêm một trong các yêu cầu sau đây:
a. Có trình độ tiếng Anh tối thiểu tương đương cấp độ C1 tham chiếu theo khung Châu Âu
(CEFR).
b. Tốt nghiệp một trường đại học nước ngoài, có sử dụng tiếng Anh trong quá trình học tập
(có môn học bằng tiếng Anh, hoặc luận án tốt nghiệp được viết bằng tiếng Anh).
c. Tốt nghiệp một trường đại học trong nước theo chương trình đào tạo sử dụng 100% tiếng
Anh."
128/QD/DHCNTT/DTDH,chuong,Chương 4,,4,4.0,
128/QD/DHCNTT/DTDH,dieu,Điều 11,Chuẩn quá trình về ngoại ngữ,4/11,4011.0,"1. Sau học kỳ chính thứ 4 của khóa học, sinh viên phải đạt chuẩn quá trình về ngoại ngữ theo
quy định tại bảng 3. Nếu không đạt chuẩn quá trình, sinh viên chỉ được đăng ký tối đa 02 môn
học ngoài các môn học ngoại ngữ (bao gồm cả đăng ký học lại hoặc cải thiện) cho đến khi đạt
chuẩn.
Tiếng Anh
Tiếng Pháp
Tiếng Nhật
 Đạt môn học Anh văn 1, hoặc
 Có chứng chỉ tiếng Anh 2 kỹ
năng tương đương cấp độ Anh
văn 1 (AV1) quy định tại Điều 6
của quy chế này.
Có chứng chỉ tiếng
Pháp: DELF A1 hoặc
TCF Niveau 1.
Có chứng chỉ tiếng Nhật:
JLPT N5.
Bảng 3. Chuẩn quá trình về ngoại ngữ"
128/QD/DHCNTT/DTDH,khoan,Khoản 1,,4/11/1,11001.0,"Sau học kỳ chính thứ 4 của khóa học, sinh viên phải đạt chuẩn quá trình về ngoại ngữ theo
quy định tại bảng 3. Nếu không đạt chuẩn quá trình, sinh viên chỉ được đăng ký tối đa 02 môn
học ngoài các môn học ngoại ngữ (bao gồm cả đăng ký học lại hoặc cải thiện) cho đến khi đạt
chuẩn.
Tiếng Anh
Tiếng Pháp
Tiếng Nhật
 Đạt môn học Anh văn 1, hoặc
 Có chứng chỉ tiếng Anh 2 kỹ
năng tương đương cấp độ Anh
văn 1 (AV1) quy định tại Điều 6
của quy chế này.
Có chứng chỉ tiếng
Pháp: DELF A1 hoặc
TCF Niveau 1.
Có chứng chỉ tiếng Nhật:
JLPT N5.
Bảng 3. Chuẩn quá trình về ngoại ngữ"
128/QD/DHCNTT/DTDH,dieu,Điều 12,Chuẩn đầu ra về ngoại ngữ,4/12,4012.0,"1. Đối với ngoại ngữ là tiếng Anh, để được xét tốt nghiệp, sinh viên phải hoàn tất các môn học
tiếng Anh trong chương trình đào tạo và có một trong các loại chứng chỉ tiếng Anh đạt chuẩn
tối thiểu quy định trong Bảng 4 dưới đây. Chứng chỉ tiếng Anh phải có đầy đủ 4 kỹ năng và
còn hiệu lực tính đến ngày nộp hồ sơ xét tốt nghiệp.
Chứng
chỉ
CEFR
TOEIC
TOEFL
iBT
IELTS
Cambridge
English
VNU-
EPT
Listening
& Reading
Speaking
& Writing
Tiếng
Anh
B1.2
450
185
42
5.0
FCE / PET Pass
with  Distinction
176
Bảng 4. Chuẩn đầu ra tiếng Anh
2. Đối với ngoại ngữ là tiếng Pháp hoặc Tiếng Nhật, sinh viên phải nộp các chứng chỉ còn hiệu
lực để được xét tốt nghiệp theo Bảng 5 dưới đây.
6
Cấp độ (CEFR)
Tiếng Pháp
Tiếng  Nhật
B1
DELF B1
TCF niveau 3
JLPT  N3
Bảng 5. Chuẩn đầu ra tiếng Pháp và tiếng Nhật
3. Việc công nhận các loại chứng chỉ khác do Hiệu trưởng xem xét và quyết định."
128/QD/DHCNTT/DTDH,khoan,Khoản 1,,4/12/1,12001.0,"Đối với ngoại ngữ là tiếng Anh, để được xét tốt nghiệp, sinh viên phải hoàn tất các môn học
tiếng Anh trong chương trình đào tạo và có một trong các loại chứng chỉ tiếng Anh đạt chuẩn
tối thiểu quy định trong Bảng 4 dưới đây. Chứng chỉ tiếng Anh phải có đầy đủ 4 kỹ năng và
còn hiệu lực tính đến ngày nộp hồ sơ xét tốt nghiệp.
Chứng
chỉ
CEFR
TOEIC
TOEFL
iBT
IELTS
Cambridge
English
VNU-
EPT
Listening
& Reading
Speaking
& Writing
Tiếng
Anh
B1.2
450
185
42
5.0
FCE / PET Pass
with  Distinction
176
Bảng 4. Chuẩn đầu ra tiếng Anh"
128/QD/DHCNTT/DTDH,khoan,Khoản 2,,4/12/2,12002.0,"Đối với ngoại ngữ là tiếng Pháp hoặc Tiếng Nhật, sinh viên phải nộp các chứng chỉ còn hiệu
lực để được xét tốt nghiệp theo Bảng 5 dưới đây.
6
Cấp độ (CEFR)
Tiếng Pháp
Tiếng  Nhật
B1
DELF B1
TCF niveau 3
JLPT  N3
Bảng 5. Chuẩn đầu ra tiếng Pháp và tiếng Nhật"
128/QD/DHCNTT/DTDH,khoan,Khoản 3,,4/12/3,12003.0,Việc công nhận các loại chứng chỉ khác do Hiệu trưởng xem xét và quyết định.
128/QD/DHCNTT/DTDH,chuong,Chương 5,,5,5.0,
128/QD/DHCNTT/DTDH,dieu,Điều 13,Trách nhiệm của Phòng Đào tạo Đại học,5/13,5013.0,"1. Quản lý đào tạo ngoại ngữ theo chương trình giảng dạy của trường.
2. Chủ trì tổ chức thi xếp lớp đầu khóa.
3. Chủ trì tổ chức xét miễn học.
4. Quản lý việc thực hiện quy định này."
128/QD/DHCNTT/DTDH,khoan,Khoản 1,,5/13/1,13001.0,Quản lý đào tạo ngoại ngữ theo chương trình giảng dạy của trường.
128/QD/DHCNTT/DTDH,khoan,Khoản 2,,5/13/2,13002.0,Chủ trì tổ chức thi xếp lớp đầu khóa.
128/QD/DHCNTT/DTDH,khoan,Khoản 3,,5/13/3,13003.0,Chủ trì tổ chức xét miễn học.
128/QD/DHCNTT/DTDH,khoan,Khoản 4,,5/13/4,13004.0,Quản lý việc thực hiện quy định này.
128/QD/DHCNTT/DTDH,dieu,Điều 14,"Trách nhiệm của Bộ môn Anh văn, Trung tâm Ngoại ngữ",5/14,5014.0,"1. Biên soạn chương trình, phân công giảng viên giảng dạy các môn học ngoại ngữ.
2. Phối hợp tổ chức kiểm tra xếp lớp đầu khóa.
3. Phối hợp xét miễn học.
4. Phối hợp với Phòng Đào tạo Đại học quản lý việc đào tạo ngoại ngữ."
128/QD/DHCNTT/DTDH,khoan,Khoản 1,,5/14/1,14001.0,"Biên soạn chương trình, phân công giảng viên giảng dạy các môn học ngoại ngữ."
128/QD/DHCNTT/DTDH,khoan,Khoản 2,,5/14/2,14002.0,Phối hợp tổ chức kiểm tra xếp lớp đầu khóa.
128/QD/DHCNTT/DTDH,khoan,Khoản 3,,5/14/3,14003.0,Phối hợp xét miễn học.
128/QD/DHCNTT/DTDH,khoan,Khoản 4,,5/14/4,14004.0,Phối hợp với Phòng Đào tạo Đại học quản lý việc đào tạo ngoại ngữ.
128/QD/DHCNTT/DTDH,dieu,Điều 15,Trách nhiệm của các Khoa/Bộ môn trực thuộc Trường,5/15,5015.0,"Biên soạn chương trình, tổ chức giảng dạy các môn học TACM."
128/QD/DHCNTT/DTDH,khoan,Khoản 1,,5/15/1,15001.0,"Biên soạn chương trình, tổ chức giảng dạy các môn học TACM."
128/QD/DHCNTT/DTDH,chuong,Chương 6,,6,6.0,
141/QD/DHCNTT16/3/2018QUY,chuong,Chương,,0,0.0,
141/QD/DHCNTT16/3/2018QUY,dieu,Điều 1,Ban hành kèm theo Quyết định này “Quy định đào tạo ngoại ngữ đối với hệ,0/1,1.0,đại học chính quy của Trường Đại học Công nghệ Thông tin”.
141/QD/DHCNTT16/3/2018QUY,khoan,Khoản 1,,0/1/1,1001.0,đại học chính quy của Trường Đại học Công nghệ Thông tin”.
141/QD/DHCNTT16/3/2018QUY,dieu,Điều 2,"Quyết định này thay thế Quyết định số 888/QĐ-ĐHCNTT, ngày 15/12/2017",0/2,2.0,"của Hiệu trưởng Trường ĐHCNTT ban hành quy định chuẩn ngoại ngữ xét tốt nghiệp đối
với sinh viên hệ đại học chính quy của Trường Đại học Công nghệ Thông tin. Các quyết
định trước đây trái với quyết định này đều được bãi bỏ."
141/QD/DHCNTT16/3/2018QUY,khoan,Khoản 1,,0/2/1,2001.0,"của Hiệu trưởng Trường ĐHCNTT ban hành quy định chuẩn ngoại ngữ xét tốt nghiệp đối
với sinh viên hệ đại học chính quy của Trường Đại học Công nghệ Thông tin. Các quyết
định trước đây trái với quyết định này đều được bãi bỏ."
141/QD/DHCNTT16/3/2018QUY,dieu,Điều 3,"Các Ông/Bà Trưởng các Phòng, Ban, Khoa, Bộ môn có liên quan chịu trách",0/3,3.0,"nhiệm thi hành Quyết định này.
Quyết định này có hiệu lực kể từ ngày ký./.
Nơi nhận:
KT.HIỆU TRƯỞNG
-   Như Điều 3;
-   Lưu: VT, ĐTĐH(Ta)
PHÓ HIỆU TRƯỞNG
(Đã ký)
Vũ Đức Lung
ĐẠI HỌC QUỐC GIA TP.HCM
TRƯỜNG ĐẠI HỌC
CÔNG NGHỆ THÔNG TIN
CỘNG HÒA XÃ HỘI CHỦ NGHĨA VIỆT NAM
Độc lập -Tự do - Hạnh phúc
Số: 141 /QĐ-ĐHCNTT
Tp.Hồ Chí Minh, ngày  16    tháng  3    năm 2018
1
QUY ĐỊNH
Đào tạo ngoại ngữ đối với hệ đại học chính quy
của Trường Đại học Công nghệ Thông tin
(Ban hành kèm theo Quyết định số:141 /QĐ-ĐHCNTT, ngày 16    tháng  3  năm 2018
của Hiệu trưởng Trường Đại học Công nghệ Thông tin)"
141/QD/DHCNTT16/3/2018QUY,khoan,Khoản 1,,0/3/1,3001.0,"nhiệm thi hành Quyết định này.
Quyết định này có hiệu lực kể từ ngày ký./.
Nơi nhận:
KT.HIỆU TRƯỞNG
-   Như Điều 3;
-   Lưu: VT, ĐTĐH(Ta)
PHÓ HIỆU TRƯỞNG
(Đã ký)
Vũ Đức Lung
ĐẠI HỌC QUỐC GIA TP.HCM
TRƯỜNG ĐẠI HỌC
CÔNG NGHỆ THÔNG TIN
CỘNG HÒA XÃ HỘI CHỦ NGHĨA VIỆT NAM
Độc lập -Tự do - Hạnh phúc
Số: 141 /QĐ-ĐHCNTT
Tp.Hồ Chí Minh, ngày  16    tháng  3    năm 2018
1
QUY ĐỊNH
Đào tạo ngoại ngữ đối với hệ đại học chính quy
của Trường Đại học Công nghệ Thông tin
(Ban hành kèm theo Quyết định số:141 /QĐ-ĐHCNTT, ngày 16    tháng  3  năm 2018
của Hiệu trưởng Trường Đại học Công nghệ Thông tin)"
141/QD/DHCNTT16/3/2018QUY,chuong,Chương 1,,1,1.0,
141/QD/DHCNTT16/3/2018QUY,dieu,Điều 1,Phạm vi điều chỉnh và đối tượng áp dụng,1/1,1001.0,"1. Văn bản này quy định về đào tạo ngoại ngữ đối với các chương trình đào tạo hệ đại học
chính quy của Trường Đại học Công nghệ Thông tin (gọi tắt là Trường) bao gồm: chương
trình giảng dạy, kiểm tra xếp lớp đầu khóa, xét miễn học các môn học tiếng Anh, chuẩn quá
trình, chuẩn ngoại ngữ xét tốt nghiệp và tổ chức giảng dạy các môn học chuyên ngành bằng
tiếng Anh.
2. Quy định này áp dụng với sinh viên các chương trình đại học chính quy bao gồm: chương
trình đại trà (CTĐTr), chương trình tài năng (CTTN), chương trình chất lượng cao
(CTCLC) và chương trình tiên tiến (CTTT)."
141/QD/DHCNTT16/3/2018QUY,khoan,Khoản 1,,1/1/1,1001.0,"Văn bản này quy định về đào tạo ngoại ngữ đối với các chương trình đào tạo hệ đại học
chính quy của Trường Đại học Công nghệ Thông tin (gọi tắt là Trường) bao gồm: chương
trình giảng dạy, kiểm tra xếp lớp đầu khóa, xét miễn học các môn học tiếng Anh, chuẩn quá
trình, chuẩn ngoại ngữ xét tốt nghiệp và tổ chức giảng dạy các môn học chuyên ngành bằng
tiếng Anh."
141/QD/DHCNTT16/3/2018QUY,khoan,Khoản 2,,1/1/2,1002.0,"Quy định này áp dụng với sinh viên các chương trình đại học chính quy bao gồm: chương
trình đại trà (CTĐTr), chương trình tài năng (CTTN), chương trình chất lượng cao
(CTCLC) và chương trình tiên tiến (CTTT)."
141/QD/DHCNTT16/3/2018QUY,dieu,Điều 2,Mục đích đào tạo ngoại ngữ,1/2,1002.0,"1 . Chương trình giảng dạy tiếng Anh nhằm mục đích giúp sinh viên:
a .Phát triển toàn diện 4 kỹ năng sử dụng tiếng Anh tổng quát: nghe, nói, đọc, viết; phát
triển kỹ năng sử dụng tiếng Anh chuyên ngành ở mức độ phù hợp với trình độ đào tạo,
ngành đào tạo và loại chương trình đào tạo.
b . Đáp ứng được chuẩn ngoại ngữ tiếng Anh đầu ra theo quy định của ĐHQG-HCM.
2 . Các ngoại ngữ khác tiếng Anh được đưa vào nhằm khuyến khích sinh viên học để đáp
ứng nhu cầu đa dạng của thị trường lao động.
3 . Sinh viên chương trình đại trà, chương trình tài năng và chương trình chất lượng cao
được chọn một trong các chứng chỉ ngoại ngữ: tiếng Anh, tiếng Nhật hoặc tiếng Pháp để xét
đạt chuẩn quá trình và xét tốt nghiệp, tuy nhiên sinh viên vẫn phải hoàn thành chương trình
ngoại ngữ quy định tại Điều 3.
2"
141/QD/DHCNTT16/3/2018QUY,khoan,Khoản 1,,1/2/1,2001.0,"1 . Chương trình giảng dạy tiếng Anh nhằm mục đích giúp sinh viên:
a .Phát triển toàn diện 4 kỹ năng sử dụng tiếng Anh tổng quát: nghe, nói, đọc, viết; phát
triển kỹ năng sử dụng tiếng Anh chuyên ngành ở mức độ phù hợp với trình độ đào tạo,
ngành đào tạo và loại chương trình đào tạo.
b . Đáp ứng được chuẩn ngoại ngữ tiếng Anh đầu ra theo quy định của ĐHQG-HCM.
2 . Các ngoại ngữ khác tiếng Anh được đưa vào nhằm khuyến khích sinh viên học để đáp
ứng nhu cầu đa dạng của thị trường lao động.
3 . Sinh viên chương trình đại trà, chương trình tài năng và chương trình chất lượng cao
được chọn một trong các chứng chỉ ngoại ngữ: tiếng Anh, tiếng Nhật hoặc tiếng Pháp để xét
đạt chuẩn quá trình và xét tốt nghiệp, tuy nhiên sinh viên vẫn phải hoàn thành chương trình
ngoại ngữ quy định tại Điều 3.
2"
141/QD/DHCNTT16/3/2018QUY,chuong,Chương 2,,2,2.0,
141/QD/DHCNTT16/3/2018QUY,dieu,Điều 3,Chương trình giảng dạy tiếng Anh,2/3,2003.0,"1. Chương trình giảng dạy tiếng Anh của từng loại chương trình bao gồm những môn học
được liệt kê theo cấp độ khó tăng dần như trong Bảng 1 nhằm hỗ trợ sinh viên đạt chuẩn
ngoại ngữ xét tốt nghiệp theo quy định của từng chương trình. Đối với những môn học tiếng
Anh nằm trong chương trình đào tạo được xét miễn học theo Điều 4 và Điều 5 của quy định
này thì sinh viên được nhận điểm M cho môn học đó và không tính vào điểm trung bình
chung tích lũy.
Bảng 1. Chương trình giảng dạy tiếng Anh
CTĐTr và CTTN
CTCLC
CTTT
Gồm 3 môn học:
1. Anh văn 1 (ENG01)
2. Anh văn 2 (ENG02)
3. Anh văn 3 (ENG03)
Gồm 5 môn học:
1. Anh văn 1 (ENG01)
2. Anh văn 2 (ENG02)
3. Anh văn 3 (ENG03)
4. Anh văn 4 (ENG04)
5. Anh văn 5 (ENG05)
Gồm 8 môn học:
1. Anh văn 1 (ENG01)
2. Anh văn 2 (ENG02)
3. Anh văn 3 (ENG03)
4. Anh văn 4 (ENG04)
5. Anh văn 5 (ENG05)
6. Tiếng Anh 1
(ENGL1113)
7. Tiếng Anh 2
(ENGL1213)
8. Tiếng Anh chuyên
ngành công nghệ thông
tin (SPCH3723)
2. Ngoài các môn học tiếng Anh tại Khoản 1, trong chương trình đào tạo của ngành học có
thể có những môn học chuyên ngành được giảng dạy bằng tiếng Anh nhằm cung cấp kiến
thức tiếng Anh chuyên ngành và tạo môi trường cho sinh viên thực hành các kỹ năng tiếng
Anh, gọi tắt là môn học Tiếng Anh chuyên môn (TACM). Những môn học này được thiết kế
và tổ chức giảng dạy tuân thủ theo các quy định tại Chương III của quy định này."
141/QD/DHCNTT16/3/2018QUY,khoan,Khoản 1,,2/3/1,3001.0,"Chương trình giảng dạy tiếng Anh của từng loại chương trình bao gồm những môn học
được liệt kê theo cấp độ khó tăng dần như trong Bảng 1 nhằm hỗ trợ sinh viên đạt chuẩn
ngoại ngữ xét tốt nghiệp theo quy định của từng chương trình. Đối với những môn học tiếng
Anh nằm trong chương trình đào tạo được xét miễn học theo Điều 4 và Điều 5 của quy định
này thì sinh viên được nhận điểm M cho môn học đó và không tính vào điểm trung bình
chung tích lũy.
Bảng 1. Chương trình giảng dạy tiếng Anh
CTĐTr và CTTN
CTCLC
CTTT
Gồm 3 môn học:"
141/QD/DHCNTT16/3/2018QUY,khoan,Khoản 1,,2/3/1,3001.0,Anh văn 1 (ENG01)
141/QD/DHCNTT16/3/2018QUY,khoan,Khoản 1,,2/3/1,3001.0,Anh văn 1 (ENG01)
141/QD/DHCNTT16/3/2018QUY,khoan,Khoản 1,,2/3/1,3001.0,Anh văn 1 (ENG01)
141/QD/DHCNTT16/3/2018QUY,khoan,Khoản 2,,2/3/2,3002.0,Anh văn 2 (ENG02)
141/QD/DHCNTT16/3/2018QUY,khoan,Khoản 2,,2/3/2,3002.0,Anh văn 2 (ENG02)
141/QD/DHCNTT16/3/2018QUY,khoan,Khoản 2,,2/3/2,3002.0,Anh văn 2 (ENG02)
141/QD/DHCNTT16/3/2018QUY,khoan,Khoản 2,,2/3/2,3002.0,"Ngoài các môn học tiếng Anh tại Khoản 1, trong chương trình đào tạo của ngành học có
thể có những môn học chuyên ngành được giảng dạy bằng tiếng Anh nhằm cung cấp kiến
thức tiếng Anh chuyên ngành và tạo môi trường cho sinh viên thực hành các kỹ năng tiếng
Anh, gọi tắt là môn học Tiếng Anh chuyên môn (TACM). Những môn học này được thiết kế
và tổ chức giảng dạy tuân thủ theo các quy định tại Chương III của quy định này."
141/QD/DHCNTT16/3/2018QUY,khoan,Khoản 3,,2/3/3,3003.0,"Anh văn 3 (ENG03)
Gồm 5 môn học:"
141/QD/DHCNTT16/3/2018QUY,khoan,Khoản 3,,2/3/3,3003.0,Anh văn 3 (ENG03)
141/QD/DHCNTT16/3/2018QUY,khoan,Khoản 3,,2/3/3,3003.0,Anh văn 3 (ENG03)
141/QD/DHCNTT16/3/2018QUY,khoan,Khoản 4,,2/3/4,3004.0,Anh văn 4 (ENG04)
141/QD/DHCNTT16/3/2018QUY,khoan,Khoản 4,,2/3/4,3004.0,Anh văn 4 (ENG04)
141/QD/DHCNTT16/3/2018QUY,khoan,Khoản 5,,2/3/5,3005.0,"Anh văn 5 (ENG05)
Gồm 8 môn học:"
141/QD/DHCNTT16/3/2018QUY,khoan,Khoản 5,,2/3/5,3005.0,Anh văn 5 (ENG05)
141/QD/DHCNTT16/3/2018QUY,khoan,Khoản 6,,2/3/6,3006.0,"Tiếng Anh 1
(ENGL1113)"
141/QD/DHCNTT16/3/2018QUY,khoan,Khoản 7,,2/3/7,3007.0,"Tiếng Anh 2
(ENGL1213)"
141/QD/DHCNTT16/3/2018QUY,khoan,Khoản 8,,2/3/8,3008.0,"Tiếng Anh chuyên
ngành công nghệ thông
tin (SPCH3723)"
141/QD/DHCNTT16/3/2018QUY,dieu,Điều 4,Kiểm tra xếp lớp đầu khóa,2/4,2004.0,"1. Vào đầu khóa học, Trường tổ chức kiểm tra tiếng Anh để xếp lớp cho tất cả sinh viên
khóa tuyển mới. Đề kiểm tra xếp lớp đầu khóa có dạng thức như đề thi TOEIC 2 kỹ năng
(Nghe và Đọc). Căn cứ vào kết quả kiểm tra tiếng Anh, sinh viên được xếp vào lớp tiếng
Anh phù hợp với trình độ của sinh viên theo Bảng 2.
3
Bảng 2. Xếp lớp đầu khóa
Điểm kiểm tra
(dạng thức
TOEIC Nghe
và Đọc)
CTĐTr và CTTN
CTCLC
CTTT
<300
Không được học ENG01
Học ENG01
300 – 345
Học ENG01
350 – 395
Miễn ENG01;
Học ENG02
400 – 445
Miễn ENG01, ENG02;
Học ENG03
Miễn ENG01, ENG02;
Học ENG03
450 – 495
Miễn
ENG01ENG03
Miễn ENG01  ENG03;
Học ENG04
Miễn ENG01  ENG03;
Học ENG04
≥ 500
Miễn ENG01  ENG04;
Học ENG05
Miễn ENG01  ENG04;
Học ENG05
2. Nếu không dự thi xếp lớp và không nộp chứng chỉ tiếng Anh, sinh viên được xếp vào
trình độ tương ứng với điểm kiểm tra dưới 300 theo Bảng 2."
141/QD/DHCNTT16/3/2018QUY,khoan,Khoản 1,,2/4/1,4001.0,"Vào đầu khóa học, Trường tổ chức kiểm tra tiếng Anh để xếp lớp cho tất cả sinh viên
khóa tuyển mới. Đề kiểm tra xếp lớp đầu khóa có dạng thức như đề thi TOEIC 2 kỹ năng
(Nghe và Đọc). Căn cứ vào kết quả kiểm tra tiếng Anh, sinh viên được xếp vào lớp tiếng
Anh phù hợp với trình độ của sinh viên theo Bảng 2.
3
Bảng 2. Xếp lớp đầu khóa
Điểm kiểm tra
(dạng thức
TOEIC Nghe
và Đọc)
CTĐTr và CTTN
CTCLC
CTTT
<300
Không được học ENG01
Học ENG01
300 – 345
Học ENG01
350 – 395
Miễn ENG01;
Học ENG02
400 – 445
Miễn ENG01, ENG02;
Học ENG03
Miễn ENG01, ENG02;
Học ENG03
450 – 495
Miễn
ENG01ENG03
Miễn ENG01  ENG03;
Học ENG04
Miễn ENG01  ENG03;
Học ENG04
≥ 500
Miễn ENG01  ENG04;
Học ENG05
Miễn ENG01  ENG04;
Học ENG05"
141/QD/DHCNTT16/3/2018QUY,khoan,Khoản 2,,2/4/2,4002.0,"Nếu không dự thi xếp lớp và không nộp chứng chỉ tiếng Anh, sinh viên được xếp vào
trình độ tương ứng với điểm kiểm tra dưới 300 theo Bảng 2."
141/QD/DHCNTT16/3/2018QUY,dieu,Điều 5,Xét miễn các môn học tiếng Anh,2/5,2005.0,"1. Sinh viên được xét miễn học các môn tiếng Anh tương ứng nếu có một trong các chứng
chỉ tiếng Anh đạt trình độ tối thiểu theo quy định tại Bảng 3. Sinh viên được miễn môn học
nào thì đồng thời được miễn những môn học ở cấp độ thấp hơn mà sinh viên chưa học hoặc
chưa đạt.
Bảng 3 Điều kiện miễn học môn tiếng Anh
Chứng chỉ
Môn học được miễn
TOEIC
(Nghe
và
Đọc)
TOEFL
iBT
IELTS
Cambridge
English
VNU-
EPT
CTĐTr/
CTTN
CTCLC CTTT
350
32
3.5
KET (Merit)
152
Anh văn 1
Anh văn 1
400
35
4.0
KET (Distinction)
165
Anh văn 2
Anh văn 2
450
45
4.5
PET(Pass)
Business
Preliminary
(Pass)
176
Anh văn 3
Anh văn 3
500
50
5.0
PET(Merit)
Business
Preliminary(Merit)
226
Anh văn 4
555
60
5.5
PET(Distinction)
FCE
(Grade C)
Business
Preliminary
(Distinction)
Business Vantage
(Grade C)
251
Anh văn 5
4
2. Trường chỉ xét miễn học trong vòng ba học kỳ đầu của Khóa học. Hai tuần trước khi bắt
đầu học kỳ, sinh viên đạt các chứng chỉ được quy định tại Khoản 1 Điều này nộp bản sao
chứng chỉ còn hiệu lực cho Trường để được xét miễn các môn tiếng Anh tương ứng. Sau
thời gian này, sinh viên không được xét miễn học các môn tiếng Anh."
141/QD/DHCNTT16/3/2018QUY,khoan,Khoản 1,,2/5/1,5001.0,"Sinh viên được xét miễn học các môn tiếng Anh tương ứng nếu có một trong các chứng
chỉ tiếng Anh đạt trình độ tối thiểu theo quy định tại Bảng 3. Sinh viên được miễn môn học
nào thì đồng thời được miễn những môn học ở cấp độ thấp hơn mà sinh viên chưa học hoặc
chưa đạt.
Bảng 3 Điều kiện miễn học môn tiếng Anh
Chứng chỉ
Môn học được miễn
TOEIC
(Nghe
và
Đọc)
TOEFL
iBT
IELTS
Cambridge
English
VNU-
EPT
CTĐTr/
CTTN
CTCLC CTTT
350
32
3.5
KET (Merit)
152
Anh văn 1
Anh văn 1
400
35
4.0
KET (Distinction)
165
Anh văn 2
Anh văn 2
450
45
4.5
PET(Pass)
Business
Preliminary
(Pass)
176
Anh văn 3
Anh văn 3
500
50
5.0
PET(Merit)
Business
Preliminary(Merit)
226
Anh văn 4
555
60
5.5
PET(Distinction)
FCE
(Grade C)
Business
Preliminary
(Distinction)
Business Vantage
(Grade C)
251
Anh văn 5
4"
141/QD/DHCNTT16/3/2018QUY,khoan,Khoản 2,,2/5/2,5002.0,"Trường chỉ xét miễn học trong vòng ba học kỳ đầu của Khóa học. Hai tuần trước khi bắt
đầu học kỳ, sinh viên đạt các chứng chỉ được quy định tại Khoản 1 Điều này nộp bản sao
chứng chỉ còn hiệu lực cho Trường để được xét miễn các môn tiếng Anh tương ứng. Sau
thời gian này, sinh viên không được xét miễn học các môn tiếng Anh."
141/QD/DHCNTT16/3/2018QUY,dieu,Điều 6,Chuẩn quá trình về ngoại ngữ,2/6,2006.0,"Hết học kỳ chính thứ 04 của khóa học đối với chương trình đại trà, chương trình tài năng và
chất lượng cao; học kỳ chính thứ 02 đối với chương trình tiên tiến, sinh viên phải đạt chuẩn
quá trình về ngoại ngữ theo quy định tại Bảng 4. Nếu không đạt chuẩn quá trình, sinh viên
chỉ được đăng ký tối đa 02 môn học ngoài các môn học ngoại ngữ (bao gồm cả đăng ký học
lại hoặc cải thiện) cho đến khi đạt chuẩn.
Bảng 4. Chuẩn quá trình
CTĐTr / CTTN / CTCLC
CTTT
Tiếng Anh
Đạt môn học Anh văn 1 hoặc có
chứng chỉ tương đương TOEIC
350 (2 kỹ năng) quy định tại
Bảng 3
Đạt môn học Anh văn 2
hoặc có chứng chỉ tương
đương TOEIC 400 (2 kỹ
năng) quy định tại Bảng 3
Tiếng Pháp
DELF A1 hoặc TCF Niveau 1
Không áp dụng
Tiếng Nhật
JLPT N5
Không áp dụng"
141/QD/DHCNTT16/3/2018QUY,khoan,Khoản 1,,2/6/1,6001.0,"Hết học kỳ chính thứ 04 của khóa học đối với chương trình đại trà, chương trình tài năng và
chất lượng cao; học kỳ chính thứ 02 đối với chương trình tiên tiến, sinh viên phải đạt chuẩn
quá trình về ngoại ngữ theo quy định tại Bảng 4. Nếu không đạt chuẩn quá trình, sinh viên
chỉ được đăng ký tối đa 02 môn học ngoài các môn học ngoại ngữ (bao gồm cả đăng ký học
lại hoặc cải thiện) cho đến khi đạt chuẩn.
Bảng 4. Chuẩn quá trình
CTĐTr / CTTN / CTCLC
CTTT
Tiếng Anh
Đạt môn học Anh văn 1 hoặc có
chứng chỉ tương đương TOEIC
350 (2 kỹ năng) quy định tại
Bảng 3
Đạt môn học Anh văn 2
hoặc có chứng chỉ tương
đương TOEIC 400 (2 kỹ
năng) quy định tại Bảng 3
Tiếng Pháp
DELF A1 hoặc TCF Niveau 1
Không áp dụng
Tiếng Nhật
JLPT N5
Không áp dụng"
141/QD/DHCNTT16/3/2018QUY,dieu,Điều 7,Chuẩn ngoại ngữ xét tốt nghiệp,2/7,2007.0,"1. Để được xét tốt nghiệp sinh viên phải hoàn tất các môn học tiếng Anh trong chương trình
giảng dạy tiếng Anh tại Điều 3 và có một trong các loại chứng chỉ tiếng Anh đạt điểm tối
thiểu trong Bảng 5; hoặc có chứng chỉ tiếng Pháp hoặc tiếng Nhật tối thiểu tại Bảng 6.
5
Bảng 5 Chứng chỉ tiếng Anh dùng để xét công nhận tốt nghiệp
TOEIC
TOEFL
iBT
IELTS
Cambridge
English
VNU-EPT
Nghe và
Đọc
Nói và
Viết
CTĐTr
450
205
45
4.5
PET (Pass)
Business
Preliminary
(Pass)
176
CTTN/
CTCLC
555
205
60
5.5
PET
(Distinction)
FCE
(Grade C)
Business
Preliminary
(Distinction)
Business
Vantage
(Grade C)
201
CTTT
675
205
79
6.0
FCE
(Grade B)
Business
Vantage
(Grade B)
251
Bảng 6. Chứng chỉ tiếng Pháp và tiếng Nhật dùng để xét công nhận tốt nghiệp
Tiếng Pháp
Tiếng Nhật
CTĐTr
DELF B1 hoặc
TCF Niveau 3
JLPT  N4
CTCLC/ CTTN
DELF B2 hoặc
TCF Niveau 4
JLPT  N3
2. Tại bất cứ thời điểm nào trong khóa học, sinh viên đạt các chứng chỉ thỏa điều kiện tại
Khoản 1 của điều này có thể nộp chứng chỉ cho Trường để được công nhận đạt chuẩn ngoại
ngữ để xét tốt nghiệp. Chứng chỉ phải còn thời hạn hai năm tính từ ngày cấp chứng chỉ đến
ngày đăng ký xét công nhận đạt chuẩn (ngày nộp chứng chỉ).
3. Việc công nhận các loại chứng chỉ khác do Hiệu trưởng xem xét và quyết định.
Chương
trình
Chứng
chỉ
Chương trình
Chứng chỉ
6"
141/QD/DHCNTT16/3/2018QUY,khoan,Khoản 1,,2/7/1,7001.0,"Để được xét tốt nghiệp sinh viên phải hoàn tất các môn học tiếng Anh trong chương trình
giảng dạy tiếng Anh tại Điều 3 và có một trong các loại chứng chỉ tiếng Anh đạt điểm tối
thiểu trong Bảng 5; hoặc có chứng chỉ tiếng Pháp hoặc tiếng Nhật tối thiểu tại Bảng 6.
5
Bảng 5 Chứng chỉ tiếng Anh dùng để xét công nhận tốt nghiệp
TOEIC
TOEFL
iBT
IELTS
Cambridge
English
VNU-EPT
Nghe và
Đọc
Nói và
Viết
CTĐTr
450
205
45
4.5
PET (Pass)
Business
Preliminary
(Pass)
176
CTTN/
CTCLC
555
205
60
5.5
PET
(Distinction)
FCE
(Grade C)
Business
Preliminary
(Distinction)
Business
Vantage
(Grade C)
201
CTTT
675
205
79
6.0
FCE
(Grade B)
Business
Vantage
(Grade B)
251
Bảng 6. Chứng chỉ tiếng Pháp và tiếng Nhật dùng để xét công nhận tốt nghiệp
Tiếng Pháp
Tiếng Nhật
CTĐTr
DELF B1 hoặc
TCF Niveau 3
JLPT  N4
CTCLC/ CTTN
DELF B2 hoặc
TCF Niveau 4
JLPT  N3"
141/QD/DHCNTT16/3/2018QUY,khoan,Khoản 2,,2/7/2,7002.0,"Tại bất cứ thời điểm nào trong khóa học, sinh viên đạt các chứng chỉ thỏa điều kiện tại
Khoản 1 của điều này có thể nộp chứng chỉ cho Trường để được công nhận đạt chuẩn ngoại
ngữ để xét tốt nghiệp. Chứng chỉ phải còn thời hạn hai năm tính từ ngày cấp chứng chỉ đến
ngày đăng ký xét công nhận đạt chuẩn (ngày nộp chứng chỉ)."
141/QD/DHCNTT16/3/2018QUY,khoan,Khoản 3,,2/7/3,7003.0,"Việc công nhận các loại chứng chỉ khác do Hiệu trưởng xem xét và quyết định.
Chương
trình
Chứng
chỉ
Chương trình
Chứng chỉ
6"
141/QD/DHCNTT16/3/2018QUY,chuong,Chương 3,,3,3.0,
141/QD/DHCNTT16/3/2018QUY,dieu,Điều 10,Quyền lợi của sinh viên học TACM,3/10,3010.0,"Môn học TACM được ghi chú rõ về ngôn ngữ giảng dạy trong bảng điểm và giấy chứng
nhận hoàn thành môn học.
7"
141/QD/DHCNTT16/3/2018QUY,khoan,Khoản 1,,3/10/1,10001.0,"Môn học TACM được ghi chú rõ về ngôn ngữ giảng dạy trong bảng điểm và giấy chứng
nhận hoàn thành môn học.
7"
141/QD/DHCNTT16/3/2018QUY,dieu,Điều 8,Chương trình giảng dạy và tổ chức giảng dạy TACM,3/8,3008.0,"1. Môn học TACM đáp ứng các yêu cầu sau:
a. Là các môn học thuộc khối kiến thức cơ bản, cơ sở hoặc chuyên ngành được giảng dạy
chủ yếu bằng tiếng Anh. Nội dung giảng dạy hoàn toàn giống môn học được giảng dạy bằng
tiếng Việt.
b. Cán bộ giảng dạy (CBGD) lý thuyết phải giảng bằng tiếng Anh.
c. Tài liệu giảng dạy và giáo trình chính của môn học bằng tiếng Anh.
2. Để được tham gia học các lớp TACM, sinh viên phải có một trong các loại chứng chỉ
tiếng Anh tương đương TOEIC 400 tại Bảng 3 hoặc đã hoàn tất môn học Anh văn 2
(ENG02).
3. Mỗi lớp học TACM có tối thiểu 01 trợ giảng để hỗ trợ sinh viên trong quá trình học tập.
Trợ giảng do CBGD lý thuyết chỉ định. Trợ giảng có thể sử dụng tiếng Việt trong quá trình
hỗ trợ sinh viên."
141/QD/DHCNTT16/3/2018QUY,khoan,Khoản 1,,3/8/1,8001.0,"Môn học TACM đáp ứng các yêu cầu sau:
a. Là các môn học thuộc khối kiến thức cơ bản, cơ sở hoặc chuyên ngành được giảng dạy
chủ yếu bằng tiếng Anh. Nội dung giảng dạy hoàn toàn giống môn học được giảng dạy bằng
tiếng Việt.
b. Cán bộ giảng dạy (CBGD) lý thuyết phải giảng bằng tiếng Anh.
c. Tài liệu giảng dạy và giáo trình chính của môn học bằng tiếng Anh."
141/QD/DHCNTT16/3/2018QUY,khoan,Khoản 2,,3/8/2,8002.0,"Để được tham gia học các lớp TACM, sinh viên phải có một trong các loại chứng chỉ
tiếng Anh tương đương TOEIC 400 tại Bảng 3 hoặc đã hoàn tất môn học Anh văn 2
(ENG02)."
141/QD/DHCNTT16/3/2018QUY,khoan,Khoản 3,,3/8/3,8003.0,"Mỗi lớp học TACM có tối thiểu 01 trợ giảng để hỗ trợ sinh viên trong quá trình học tập.
Trợ giảng do CBGD lý thuyết chỉ định. Trợ giảng có thể sử dụng tiếng Việt trong quá trình
hỗ trợ sinh viên."
141/QD/DHCNTT16/3/2018QUY,dieu,Điều 9,Yêu cầu về cán bộ giảng dạy TACM,3/9,3009.0,"CBGD phải đáp ứng yêu cầu theo quy định chung của Trường; ngoài ra, CBGD lý thuyết
phải đáp ứng thêm một trong các yêu cầu sau đây:
1. Có trình độ tiếng Anh tối thiểu tương đương cấp độ C1 tham chiếu theo khung Châu
Âu(CEFR).
2. Tốt nghiệp một trường đại học nước ngoài, có sử dụng tiếng Anh trong quá trình học tập
(có môn học bằng tiếng Anh, hoặc luận án tốt nghiệp được viết bằng tiếng Anh).
3. Tốt nghiệp một trường đại học trong nước theo chương trình đào tạo sử dụng 100% tiếng
Anh."
141/QD/DHCNTT16/3/2018QUY,khoan,Khoản 1,,3/9/1,9001.0,"Có trình độ tiếng Anh tối thiểu tương đương cấp độ C1 tham chiếu theo khung Châu
Âu(CEFR)."
141/QD/DHCNTT16/3/2018QUY,khoan,Khoản 2,,3/9/2,9002.0,"Tốt nghiệp một trường đại học nước ngoài, có sử dụng tiếng Anh trong quá trình học tập
(có môn học bằng tiếng Anh, hoặc luận án tốt nghiệp được viết bằng tiếng Anh)."
141/QD/DHCNTT16/3/2018QUY,khoan,Khoản 3,,3/9/3,9003.0,"Tốt nghiệp một trường đại học trong nước theo chương trình đào tạo sử dụng 100% tiếng
Anh."
141/QD/DHCNTT16/3/2018QUY,chuong,Chương 4,,4,4.0,
141/QD/DHCNTT16/3/2018QUY,dieu,Điều 11,Trách nhiệm của Đơn vị quản lý đào tạo,4/11,4011.0,"1. Quản lý đào tạo ngoại ngữ theo quy định này.
2. Chủ trì tổ chức thi xếp lớp đầu khóa.
3. Chủ trì tổ chức xét miễn học."
141/QD/DHCNTT16/3/2018QUY,khoan,Khoản 1,,4/11/1,11001.0,Quản lý đào tạo ngoại ngữ theo quy định này.
141/QD/DHCNTT16/3/2018QUY,khoan,Khoản 2,,4/11/2,11002.0,Chủ trì tổ chức thi xếp lớp đầu khóa.
141/QD/DHCNTT16/3/2018QUY,khoan,Khoản 3,,4/11/3,11003.0,Chủ trì tổ chức xét miễn học.
141/QD/DHCNTT16/3/2018QUY,dieu,Điều 12,Trách nhiệm của Đơn vị chuyên môn phụ trách các môn học ngoại ngữ,4/12,4012.0,"1. Biên soạn chương trình, phân công giảng viên giảng dạy các môn học ngoại ngữ.
2. Phối hợp tổ chức kiểm tra xếp lớp đầu khóa.
3. Phối hợp xét miễn học các môn học ngoại ngữ.
4. Phối hợp với Đơn vị quản lý đào tạo quản lý việc đào tạo ngoại ngữ."
141/QD/DHCNTT16/3/2018QUY,khoan,Khoản 1,,4/12/1,12001.0,"Biên soạn chương trình, phân công giảng viên giảng dạy các môn học ngoại ngữ."
141/QD/DHCNTT16/3/2018QUY,khoan,Khoản 2,,4/12/2,12002.0,Phối hợp tổ chức kiểm tra xếp lớp đầu khóa.
141/QD/DHCNTT16/3/2018QUY,khoan,Khoản 3,,4/12/3,12003.0,Phối hợp xét miễn học các môn học ngoại ngữ.
141/QD/DHCNTT16/3/2018QUY,khoan,Khoản 4,,4/12/4,12004.0,Phối hợp với Đơn vị quản lý đào tạo quản lý việc đào tạo ngoại ngữ.
141/QD/DHCNTT16/3/2018QUY,dieu,Điều 13,Trách nhiệm của các Khoa/Bộ môn phụ trách các ngành,4/13,4013.0,"Biên soạn chương trình, tổ chức giảng dạy các môn học TACM."
141/QD/DHCNTT16/3/2018QUY,khoan,Khoản 1,,4/13/1,13001.0,"Biên soạn chương trình, tổ chức giảng dạy các môn học TACM."
141/QD/DHCNTT16/3/2018QUY,dieu,Điều 14,Phạm vi áp dụng,4/14,4014.0,"Quy định này áp dụng bắt buộc cho các khóa tuyển sinh từ năm 2017. Các khóa tuyển sinh
trước năm 2017 có thể lựa chọn áp dụng quy định này hoặc quy định được ban hành trước
đó."
141/QD/DHCNTT16/3/2018QUY,khoan,Khoản 1,,4/14/1,14001.0,"Quy định này áp dụng bắt buộc cho các khóa tuyển sinh từ năm 2017. Các khóa tuyển sinh
trước năm 2017 có thể lựa chọn áp dụng quy định này hoặc quy định được ban hành trước
đó."
141/QD/DHCNTT16/3/2018QUY,dieu,Điều 15,Điều khoản thi hành,4/15,4015.0,"1. Quy định này có hiệu lực thi hành kể từ ngày ký; thay thế Quyết định số 888/QĐ-
ĐHCNTT, ngày 15/12/2017 của Hiệu trưởng Trường ĐHCNTT ban hành quy định chuẩn
ngoại ngữ xét tốt nghiệp đối với sinh viên hệ đại học chính quy của Trường Đại học Công
nghệ Thông tin
2. Trong quá trình tổ chức thực hiện, tùy theo yêu cầu thực tế, Quy định này sẽ được sửa
đổi, bổ sung cho phù hợp. Việc sửa đổi, bổ sung do Hiệu trưởng xem xét, quyết định./.
KT.HIỆU TRƯỞNG
PHÓ HIỆU TRƯỞNG
(Đã ký)
Vũ Đức Lung"
141/QD/DHCNTT16/3/2018QUY,khoan,Khoản 1,,4/15/1,15001.0,"Quy định này có hiệu lực thi hành kể từ ngày ký; thay thế Quyết định số 888/QĐ-
ĐHCNTT, ngày 15/12/2017 của Hiệu trưởng Trường ĐHCNTT ban hành quy định chuẩn
ngoại ngữ xét tốt nghiệp đối với sinh viên hệ đại học chính quy của Trường Đại học Công
nghệ Thông tin"
141/QD/DHCNTT16/3/2018QUY,khoan,Khoản 2,,4/15/2,15002.0,"Trong quá trình tổ chức thực hiện, tùy theo yêu cầu thực tế, Quy định này sẽ được sửa
đổi, bổ sung cho phù hợp. Việc sửa đổi, bổ sung do Hiệu trưởng xem xét, quyết định./.
KT.HIỆU TRƯỞNG
PHÓ HIỆU TRƯỞNG
(Đã ký)
Vũ Đức Lung"
147/QD/DHCNTT/DTDH,chuong,Chương,,0,0.0,
147/QD/DHCNTT/DTDH,dieu,Điều 1,"Ban hành chuẩn đầu ra tiếng Anh, áp dụng cho sinh viên hệ đại học chính",0/1,1.0,quy của Trường Đại học Công nghệ Thông tin theo quy định đính kèm.
147/QD/DHCNTT/DTDH,khoan,Khoản 1,,0/1/1,1001.0,quy của Trường Đại học Công nghệ Thông tin theo quy định đính kèm.
147/QD/DHCNTT/DTDH,dieu,Điều 2,"Quyết định có hiệu lực kể từ ngày ký. Các thông báo, quy định về chuẩn",0/2,2.0,đầu ra tiếng Anh trước đây trái với Quyết định này không còn hiệu lực.
147/QD/DHCNTT/DTDH,khoan,Khoản 1,,0/2/1,2001.0,đầu ra tiếng Anh trước đây trái với Quyết định này không còn hiệu lực.
147/QD/DHCNTT/DTDH,dieu,Điều 3,"Các Ông/Bà Trưởng phòng Đào tạo Đại học, Công tác sinh viên, Khoa, Bộ",0/3,3.0,"môn chịu trách nhiệm thi hành quyết định này.
Nơi nhận:
- Như Điều 3;
- Lưu : TCHC.
HIỆU TRƯỞNG
(Đã ký)
Dương Anh Đức
ĐẠI HỌC QUỐC GIA TP.HCM
CỘNG HÒA XÃ HỘI CHỦ NGHĨA VIỆT NAM
TRƯỜNG ĐẠI HỌC
CÔNG NGHỆ THÔNG TIN
Độc lập – Tự do – Hạnh phúc
Số:      147/ QĐ-ĐHCNTT-ĐTĐH
TP.Hồ Chí Minh,  ngày 31  tháng 7 năm 2013
QUY ĐỊNH CHUẨN ĐẦU RA TIẾNG ANH CHO SINH VIÊN HỆ CHÍNH QUY
(Đính kèm Quyết định số: 147/QĐ - ĐHCNTT - ĐTĐH, ngày   31   tháng    7   năm 2013)
HIỆU TRƯỞNG
(Đã ký)
Dương Anh Đức
1.  Từ khoá 01 đến khoá 06: Sinh
viên phải hoàn thành 04 môn Anh
văn (AV1, AV2, AV3, AV4) với số
điểm từ 5.0 trở lên cho từng môn học
hoặc nộp 1 trong các chứng chỉ tiếng
Anh đạt cấp độ 8 theo chứng chỉ
VNU – ETP hoặc tương đương trình
độ B1 theo CEFR như bảng bên:
Các chứng chỉ tiếng Anh trình độ B1
theo CEF như sau
Chứng chỉ
Điểm tối thiểu
IELTS
4.5
TOEFL iBT
45
TOEFL ITP
430
TOEIC
450
BULATS
47
2.  Từ khoá 07 trở đi: Sinh viên bắt
buộc phải hoàn thành 03 môn Anh
văn trong CTĐT (AV1, AV2, AV3),
đồng thời khi xét tốt nghiệp phải nộp
thêm 1  trong các chứng chỉ tiếng
Anh đạt cấp độ 8 theo chứng chỉ
VNU – ETP hoặc tương đương trình
độ B1 theo CEFR như bảng bên:
IELTS
4.5
TOEFL iBT
45
TOEFL ITP
430
TOEIC
450
BULATS
47
Tính đến thời điểm xét cấp bằng tốt nghiệp, các chứng chỉ còn trong thời hạn 2
năm kể từ ngày cấp.
ĐẠI HỌC QUỐC GIA TP.HCM
CỘNG HÒA XÃ HỘI CHỦ NGHĨA VIỆT NAM
TRƯỜNG ĐẠI HỌC
CÔNG NGHỆ THÔNG TIN
Độc lập – Tự do – Hạnh phúc"
147/QD/DHCNTT/DTDH,khoan,Khoản 1,,0/3/1,3001.0,"Từ khoá 01 đến khoá 06: Sinh
viên phải hoàn thành 04 môn Anh
văn (AV1, AV2, AV3, AV4) với số
điểm từ 5.0 trở lên cho từng môn học
hoặc nộp 1 trong các chứng chỉ tiếng
Anh đạt cấp độ 8 theo chứng chỉ
VNU – ETP hoặc tương đương trình
độ B1 theo CEFR như bảng bên:
Các chứng chỉ tiếng Anh trình độ B1
theo CEF như sau
Chứng chỉ
Điểm tối thiểu
IELTS
4.5
TOEFL iBT
45
TOEFL ITP
430
TOEIC
450
BULATS
47"
147/QD/DHCNTT/DTDH,khoan,Khoản 2,,0/3/2,3002.0,"Từ khoá 07 trở đi: Sinh viên bắt
buộc phải hoàn thành 03 môn Anh
văn trong CTĐT (AV1, AV2, AV3),
đồng thời khi xét tốt nghiệp phải nộp
thêm 1  trong các chứng chỉ tiếng
Anh đạt cấp độ 8 theo chứng chỉ
VNU – ETP hoặc tương đương trình
độ B1 theo CEFR như bảng bên:
IELTS
4.5
TOEFL iBT
45
TOEFL ITP
430
TOEIC
450
BULATS
47
Tính đến thời điểm xét cấp bằng tốt nghiệp, các chứng chỉ còn trong thời hạn 2
năm kể từ ngày cấp.
ĐẠI HỌC QUỐC GIA TP.HCM
CỘNG HÒA XÃ HỘI CHỦ NGHĨA VIỆT NAM
TRƯỜNG ĐẠI HỌC
CÔNG NGHỆ THÔNG TIN
Độc lập – Tự do – Hạnh phúc"
159/QD/DHCNTT,chuong,Chương 1,,1,1.0,
159/QD/DHCNTT,dieu,Điều 1,Phạm vi điều chỉnh và đối tượng áp dụng,1/1,1001.0,"Quy định này quy định những yêu cầu, hình thức thực hiện, bảo vệ khoá luận tốt nghiệp,
áp dụng đối với SV bậc đại học hệ chính quy của Trường Đại học Công nghệ Thông tin –
Đại học Quốc gia TP.HCM (sau đây gọi tắt là Trường)."
159/QD/DHCNTT,khoan,Khoản 1,,1/1/1,1001.0,"Quy định này quy định những yêu cầu, hình thức thực hiện, bảo vệ khoá luận tốt nghiệp,
áp dụng đối với SV bậc đại học hệ chính quy của Trường Đại học Công nghệ Thông tin –
Đại học Quốc gia TP.HCM (sau đây gọi tắt là Trường)."
159/QD/DHCNTT,dieu,Điều 2,"Một số thuật ngữ, chữ viết tắt sử dụng trong quy định này",1/2,1002.0," KLTN: Khóa luận tốt nghiệp
 ĐHCNTT: Trường Đại học Công nghệ Thông tin – ĐHQG-HCM
 P.ĐTĐH: Phòng Đào tạo Đại học
 VPCCTĐB: Văn phòng Các chương trình đặc biệt
 Khoa: Khoa quản lý SV
 Hội đồng: Hội đồng bảo vệ
 CBHD: Cán bộ hướng dẫn
 CBPB: Cán bộ phản biện
 TV: Thành viên Hội đồng
 SV: Sinh viên
2"
159/QD/DHCNTT,khoan,Khoản 1,,1/2/1,2001.0," KLTN: Khóa luận tốt nghiệp
 ĐHCNTT: Trường Đại học Công nghệ Thông tin – ĐHQG-HCM
 P.ĐTĐH: Phòng Đào tạo Đại học
 VPCCTĐB: Văn phòng Các chương trình đặc biệt
 Khoa: Khoa quản lý SV
 Hội đồng: Hội đồng bảo vệ
 CBHD: Cán bộ hướng dẫn
 CBPB: Cán bộ phản biện
 TV: Thành viên Hội đồng
 SV: Sinh viên
2"
159/QD/DHCNTT,chuong,Chương 2,,2,2.0,
159/QD/DHCNTT,dieu,Điều 3,Thời gian thực hiện KLTN,2/3,2003.0,"1. Hàng năm theo kế hoạch đào tạo, nhà trường tổ chức xét và giao đề tài KLTN cho các SV
vào đầu mỗi học kỳ chính.
2. Thời gian thực hiện KLTN là 1 học kỳ chính (15 tuần). Trường hợp đặc biệt SV có thể làm
đơn đề nghị P.ĐTĐH cho phép gia hạn thời gian thực hiện KLTN nếu có sự đồng ý của
CBHD và Khoa."
159/QD/DHCNTT,khoan,Khoản 1,,2/3/1,3001.0,"Hàng năm theo kế hoạch đào tạo, nhà trường tổ chức xét và giao đề tài KLTN cho các SV
vào đầu mỗi học kỳ chính."
159/QD/DHCNTT,khoan,Khoản 2,,2/3/2,3002.0,"Thời gian thực hiện KLTN là 1 học kỳ chính (15 tuần). Trường hợp đặc biệt SV có thể làm
đơn đề nghị P.ĐTĐH cho phép gia hạn thời gian thực hiện KLTN nếu có sự đồng ý của
CBHD và Khoa."
159/QD/DHCNTT,dieu,Điều 4,Điều kiện SV được làm KLTN,2/4,2004.0,"SV phải đăng ký thực hiện KLTN theo thông báo đăng ký học phần vào đầu mỗi học kỳ.
SV đủ điều kiện làm KLTN là các SV đáp ứng các yêu cầu được quy định trong Quy chế
đào tạo theo học chế tín chỉ của Trường. Ngoài các yêu cầu chung do Trường quy định, Khoa
có thể đề xuất bổ sung các tiêu chuẩn xét chọn làm KLTN của riêng Khoa. Các quy định bổ
sung này phải được gửi cho P. ĐTĐH khi lên kế hoạch đào tạo và công bố rộng rãi cho SV
vào trước đầu mỗi học kỳ có xét duyệt KLTN.
P.ĐTĐH/VPCCTĐB căn cứ vào các tiêu chuẩn và danh sách SV đăng ký thực hiện KLTN
để xét duyệt danh sách SV thực hiện đề tài. P.ĐTĐH/VPCCTĐB cung cấp danh sách SV đủ
điều kiện thực hiện KLTN sau khi kết thúc đợt đăng ký học phần về Khoa để Khoa giao đề
tài.
Khoa gửi danh sách SV và đề tài KLTN  được giao cho P.ĐTĐH/VPCCTĐB. Căn cứ đề
nghị của Trưởng P.ĐTĐH và Trưởng Khoa, Hiệu trưởng sẽ ra quyết định giao đề tài KLTN
cho SV.
SV không đủ điều kiện làm KLTN có thể đăng ký học các môn chuyên đề tốt nghiệp."
159/QD/DHCNTT,khoan,Khoản 1,,2/4/1,4001.0,"SV phải đăng ký thực hiện KLTN theo thông báo đăng ký học phần vào đầu mỗi học kỳ.
SV đủ điều kiện làm KLTN là các SV đáp ứng các yêu cầu được quy định trong Quy chế
đào tạo theo học chế tín chỉ của Trường. Ngoài các yêu cầu chung do Trường quy định, Khoa
có thể đề xuất bổ sung các tiêu chuẩn xét chọn làm KLTN của riêng Khoa. Các quy định bổ
sung này phải được gửi cho P. ĐTĐH khi lên kế hoạch đào tạo và công bố rộng rãi cho SV
vào trước đầu mỗi học kỳ có xét duyệt KLTN.
P.ĐTĐH/VPCCTĐB căn cứ vào các tiêu chuẩn và danh sách SV đăng ký thực hiện KLTN
để xét duyệt danh sách SV thực hiện đề tài. P.ĐTĐH/VPCCTĐB cung cấp danh sách SV đủ
điều kiện thực hiện KLTN sau khi kết thúc đợt đăng ký học phần về Khoa để Khoa giao đề
tài.
Khoa gửi danh sách SV và đề tài KLTN  được giao cho P.ĐTĐH/VPCCTĐB. Căn cứ đề
nghị của Trưởng P.ĐTĐH và Trưởng Khoa, Hiệu trưởng sẽ ra quyết định giao đề tài KLTN
cho SV.
SV không đủ điều kiện làm KLTN có thể đăng ký học các môn chuyên đề tốt nghiệp."
159/QD/DHCNTT,dieu,Điều 5,Đăng ký và xét duyệt đề tài KLTN,2/5,2005.0,"1. Đề tài KLTN có thể do giảng viên hay các doanh nghiệp đề xuất.
2. Khoa duyệt danh sách đề tài KLTN và công bố để SV đăng ký.
3. Mỗi đề tài KLTN được giao cho từ 1 đến 2 SV thực hiện với sự phân công trách nhiệm
cụ thể cho từng SV có ghi rõ trong đề cương nghiên cứu.
4. SV đăng ký đề tài KLTN với CBHD, viết thuyết minh đề tài KLTN có sự xác nhận của
CBHD để gửi về Khoa.
5. Khoa lập hội đồng đánh giá thuyết minh đề tài KLTN, nhằm đánh giá thuyết minh đề
tài KLTN của SV có đáp ứng được các yêu cầu:
-  Tính khoa học, tính thực tiễn của đề tài;
-  Tính khả thi của đề tài (điều kiện thực hiện, thời gian, khối lượng);
-  Đề tài phù hợp với mục tiêu đào tạo và chuẩn đầu ra của ngành đào tạo tương ứng;
6. Khoa gửi công văn đề nghị giao đề tài KLTN cho P.ĐTĐH/VPCCTĐB. Căn cứ đề nghị
của Trưởng P.ĐTĐH và Trưởng Khoa, Hiệu trưởng ra quyết định giao đề tài KLTN
cho SV.
3"
159/QD/DHCNTT,khoan,Khoản 1,,2/5/1,5001.0,Đề tài KLTN có thể do giảng viên hay các doanh nghiệp đề xuất.
159/QD/DHCNTT,khoan,Khoản 2,,2/5/2,5002.0,Khoa duyệt danh sách đề tài KLTN và công bố để SV đăng ký.
159/QD/DHCNTT,khoan,Khoản 3,,2/5/3,5003.0,"Mỗi đề tài KLTN được giao cho từ 1 đến 2 SV thực hiện với sự phân công trách nhiệm
cụ thể cho từng SV có ghi rõ trong đề cương nghiên cứu."
159/QD/DHCNTT,khoan,Khoản 4,,2/5/4,5004.0,"SV đăng ký đề tài KLTN với CBHD, viết thuyết minh đề tài KLTN có sự xác nhận của
CBHD để gửi về Khoa."
159/QD/DHCNTT,khoan,Khoản 5,,2/5/5,5005.0,"Khoa lập hội đồng đánh giá thuyết minh đề tài KLTN, nhằm đánh giá thuyết minh đề
tài KLTN của SV có đáp ứng được các yêu cầu:
-  Tính khoa học, tính thực tiễn của đề tài;
-  Tính khả thi của đề tài (điều kiện thực hiện, thời gian, khối lượng);
-  Đề tài phù hợp với mục tiêu đào tạo và chuẩn đầu ra của ngành đào tạo tương ứng;"
159/QD/DHCNTT,khoan,Khoản 6,,2/5/6,5006.0,"Khoa gửi công văn đề nghị giao đề tài KLTN cho P.ĐTĐH/VPCCTĐB. Căn cứ đề nghị
của Trưởng P.ĐTĐH và Trưởng Khoa, Hiệu trưởng ra quyết định giao đề tài KLTN
cho SV.
3"
159/QD/DHCNTT,dieu,Điều 6,Quy định về CBHD,2/6,2006.0,"1. Mỗi đề tài KLTN do tối thiểu 1 CBHD có học vị từ thạc sĩ trở lên hướng dẫn. Nếu KLTN
gồm 2 CBHD thì phải phân rõ trách nhiệm hướng dẫn chính và hướng dẫn phụ. Trường
hợp mời CBHD bên ngoài hướng dẫn thì phải có một CBHD là cán bộ của Trường.
2. CBHD đề tài không được là người có quan hệ ruột thịt (cha, mẹ, vợ, chồng, anh, chị, em
ruột) với SV thực hiện đề tài KLTN.
3. CBHD hướng dẫn tối đa 10 đề tài trong mỗi học kỳ.
4. Đối với các đề tài KLTN có sử dụng dữ liệu hoặc tư liệu của doanh nghiệp, CBHD có
trách nhiệm kiểm tra việc thực hiện các quy định về tác quyền của đơn vị cung cấp dữ
liệu hoặc tư liệu liên quan."
159/QD/DHCNTT,khoan,Khoản 1,,2/6/1,6001.0,"Mỗi đề tài KLTN do tối thiểu 1 CBHD có học vị từ thạc sĩ trở lên hướng dẫn. Nếu KLTN
gồm 2 CBHD thì phải phân rõ trách nhiệm hướng dẫn chính và hướng dẫn phụ. Trường
hợp mời CBHD bên ngoài hướng dẫn thì phải có một CBHD là cán bộ của Trường."
159/QD/DHCNTT,khoan,Khoản 2,,2/6/2,6002.0,"CBHD đề tài không được là người có quan hệ ruột thịt (cha, mẹ, vợ, chồng, anh, chị, em
ruột) với SV thực hiện đề tài KLTN."
159/QD/DHCNTT,khoan,Khoản 3,,2/6/3,6003.0,CBHD hướng dẫn tối đa 10 đề tài trong mỗi học kỳ.
159/QD/DHCNTT,khoan,Khoản 4,,2/6/4,6004.0,"Đối với các đề tài KLTN có sử dụng dữ liệu hoặc tư liệu của doanh nghiệp, CBHD có
trách nhiệm kiểm tra việc thực hiện các quy định về tác quyền của đơn vị cung cấp dữ
liệu hoặc tư liệu liên quan."
159/QD/DHCNTT,dieu,Điều 7,Báo cáo tiến độ thực hiện KLTN,2/7,2007.0,"1. Khoa lập hội đồng đánh giá báo cáo giữa kỳ KLTN. Mục đích của báo cáo giữa kỳ nhằm:
a. Rà soát tiến độ thực hiện của SV;
b. Phát hiện những khó khăn, trở ngại (nếu có) từ phía CBHD hoặc từ phía SV để có biện
pháp xử lý kịp thời:
- Điều chỉnh tên, nội dung hay phương pháp thực hiện đề tài;
- Thay thế hoặc bổ sung CBHD.
- Đình chỉ việc thực hiện KLTN nếu xét thấy không có khả năng tiếp tục thực hiện để
hoàn thành đề tài đúng hạn.
c. Các trường hợp SV bị hội đồng đề nghị đình chỉ thực hiện KLTN được trưởng ĐVCM
xem xét và quyết định. SV bị đình chỉ nhận điểm không (0) đối với môn học KLTN.
d. Tên đề tài KLTN, CBHD có thể thay đổi 01 lần theo đề xuất của hội đồng đánh giá
ngay sau khi SV báo cáo giữa kỳ. Khoa tổng hợp kết quả báo cáo giữa kỳ của các SV,
các đề nghị thay đổi và gửi cho P.ĐTĐH/VPCCTĐB.
2. Ngoài ra, SV cần báo cáo định kỳ tiến độ thực hiện đề tài KLTN cho CBHD theo quy
định của CBHD.
4"
159/QD/DHCNTT,khoan,Khoản 1,,2/7/1,7001.0,"Khoa lập hội đồng đánh giá báo cáo giữa kỳ KLTN. Mục đích của báo cáo giữa kỳ nhằm:
a. Rà soát tiến độ thực hiện của SV;
b. Phát hiện những khó khăn, trở ngại (nếu có) từ phía CBHD hoặc từ phía SV để có biện
pháp xử lý kịp thời:
- Điều chỉnh tên, nội dung hay phương pháp thực hiện đề tài;
- Thay thế hoặc bổ sung CBHD.
- Đình chỉ việc thực hiện KLTN nếu xét thấy không có khả năng tiếp tục thực hiện để
hoàn thành đề tài đúng hạn.
c. Các trường hợp SV bị hội đồng đề nghị đình chỉ thực hiện KLTN được trưởng ĐVCM
xem xét và quyết định. SV bị đình chỉ nhận điểm không (0) đối với môn học KLTN.
d. Tên đề tài KLTN, CBHD có thể thay đổi 01 lần theo đề xuất của hội đồng đánh giá
ngay sau khi SV báo cáo giữa kỳ. Khoa tổng hợp kết quả báo cáo giữa kỳ của các SV,
các đề nghị thay đổi và gửi cho P.ĐTĐH/VPCCTĐB."
159/QD/DHCNTT,khoan,Khoản 2,,2/7/2,7002.0,"Ngoài ra, SV cần báo cáo định kỳ tiến độ thực hiện đề tài KLTN cho CBHD theo quy
định của CBHD.
4"
159/QD/DHCNTT,chuong,Chương 3,,3,3.0,
159/QD/DHCNTT,dieu,Điều 10,Hoàn thành KLTN,3/10,3010.0,"1. SV phải bảo vệ KLTN trước hội đồng do Trường thành lập.
2. Điều kiện để SV được bảo vệ KLTN theo quy định trong Quy chế đào tạo theo học chế
tín chỉ của Trường.
3. Khi CBPB đánh giá đề tài KLTN của SV không đủ điều kiện để bảo vệ trước hội đồng
(điểm đánh giá dưới 5), Khoa xem xét các biện pháp xử lý sau và quyết định:

Thảo luận lại về điểm đánh giá với CBHD và CBPB. Nếu đạt được sự đồng thuận thì
xứ lý theo quyết định đồng thuận này (cho phép hoặc không cho phép SV bảo vệ KLTN).

Trong trường hợp không đạt được sự đồng thuận giữa CBHD và CBPB, khi cần thiết
có thể mời một CBPB thứ 2. Nếu CBPB thứ 2 cũng không đạt được sự đồng thuận thì
trưởng ĐVCM ra quyết định cuối cùng.
4. Nếu hết thời gian thực hiện KLTN theo quy định mà SV không đủ điều kiện ra bảo vệ
vào đúng đợt bảo vệ chính thức, SV có thể làm đơn xin gia hạn thời gian làm KLTN thêm
01 học kỳ (phải được sự đồng ý của CBHD và Khoa). SV làm Đơn gia hạn thời gian làm
5
KLTN (theo mẫu) nộp về P.ĐTĐH/VPĐB. Khi có quyết định gia hạn thời gian làm KLTN,
trường hợp SV đã hết thời gian thiết kế chương trình đào tạo phải đóng học phí gia hạn
theo quy định và có khống chế điểm tối đa.
5. SV không được tiếp tục thực hiện KLTN hoặc có điểm KLTN sau khi bảo vệ trước hội
đồng dưới 5 sẽ phải đăng ký lại ở học kỳ sau môn KLTN hoặc học các môn chuyên đề tốt
nghiệp thay thế theo quy định trong chương trình đào tạo của ngành tương ứng sao cho
tổng số tín chỉ tối thiểu bằng với số tín chỉ của KLTN."
159/QD/DHCNTT,khoan,Khoản 1,,3/10/1,10001.0,SV phải bảo vệ KLTN trước hội đồng do Trường thành lập.
159/QD/DHCNTT,khoan,Khoản 2,,3/10/2,10002.0,"Điều kiện để SV được bảo vệ KLTN theo quy định trong Quy chế đào tạo theo học chế
tín chỉ của Trường."
159/QD/DHCNTT,khoan,Khoản 3,,3/10/3,10003.0,"Khi CBPB đánh giá đề tài KLTN của SV không đủ điều kiện để bảo vệ trước hội đồng
(điểm đánh giá dưới 5), Khoa xem xét các biện pháp xử lý sau và quyết định:

Thảo luận lại về điểm đánh giá với CBHD và CBPB. Nếu đạt được sự đồng thuận thì
xứ lý theo quyết định đồng thuận này (cho phép hoặc không cho phép SV bảo vệ KLTN).

Trong trường hợp không đạt được sự đồng thuận giữa CBHD và CBPB, khi cần thiết
có thể mời một CBPB thứ 2. Nếu CBPB thứ 2 cũng không đạt được sự đồng thuận thì
trưởng ĐVCM ra quyết định cuối cùng."
159/QD/DHCNTT,khoan,Khoản 4,,3/10/4,10004.0,"Nếu hết thời gian thực hiện KLTN theo quy định mà SV không đủ điều kiện ra bảo vệ
vào đúng đợt bảo vệ chính thức, SV có thể làm đơn xin gia hạn thời gian làm KLTN thêm
01 học kỳ (phải được sự đồng ý của CBHD và Khoa). SV làm Đơn gia hạn thời gian làm
5
KLTN (theo mẫu) nộp về P.ĐTĐH/VPĐB. Khi có quyết định gia hạn thời gian làm KLTN,
trường hợp SV đã hết thời gian thiết kế chương trình đào tạo phải đóng học phí gia hạn
theo quy định và có khống chế điểm tối đa."
159/QD/DHCNTT,khoan,Khoản 5,,3/10/5,10005.0,"SV không được tiếp tục thực hiện KLTN hoặc có điểm KLTN sau khi bảo vệ trước hội
đồng dưới 5 sẽ phải đăng ký lại ở học kỳ sau môn KLTN hoặc học các môn chuyên đề tốt
nghiệp thay thế theo quy định trong chương trình đào tạo của ngành tương ứng sao cho
tổng số tín chỉ tối thiểu bằng với số tín chỉ của KLTN."
159/QD/DHCNTT,dieu,Điều 11,Thành lập hội đồng bảo vệ KLTN,3/11,3011.0,"1.  Mỗi đợt bảo vệ, ứng với mỗi ngành (hoặc có thể là liên ngành khi cần thiết) theo đề
nghị của Trưởng Khoa phụ trách ngành, Hiệu trưởng ra quyết định thành lập một hay
nhiều hội đồng bảo vệ KLTN.
2. Hội đồng có thành phần như sau:

Thành phần Hội đồng bao gồm chủ tịch hội đồng, ủy viên thư ký, CBPB. CBHD
không thuộc Hội đồng.

Thành viên của Hội đồng là giảng viên có học vị từ thạc sĩ trở lên hoặc có thể mời
những người có chuyên môn phù hợp ở ngoài Trường. Số thành viên Hội đồng mời từ
ngoài Trường, nếu có, không quá 1/3 tổng số thành viên của Hội đồng.

Chủ tịch hội đồng là giảng viên có học vị từ tiến sĩ hoặc có chức danh từ giảng viên
chính trở lên, có năng lực chuyên môn, kinh nghiệm giảng dạy và quản lý đào tạo, am
hiểu lĩnh vực liên quan đến hướng nghiên cứu của các đề tài được bảo vệ.

Chủ tịch hội đồng và các thành viên không được là người có quan hệ ruột thịt (cha,
mẹ, vợ, chồng, anh, chị, em ruột) với SV bảo vệ tại Hội đồng đó (trường hợp vi phạm
điều này được phát hiện sau khi bảo vệ thì kết quả bảo vệ bị hủy và SV phải bảo vệ lại)."
159/QD/DHCNTT,khoan,Khoản 1,,3/11/1,11001.0,"Mỗi đợt bảo vệ, ứng với mỗi ngành (hoặc có thể là liên ngành khi cần thiết) theo đề
nghị của Trưởng Khoa phụ trách ngành, Hiệu trưởng ra quyết định thành lập một hay
nhiều hội đồng bảo vệ KLTN."
159/QD/DHCNTT,khoan,Khoản 2,,3/11/2,11002.0,"Hội đồng có thành phần như sau:

Thành phần Hội đồng bao gồm chủ tịch hội đồng, ủy viên thư ký, CBPB. CBHD
không thuộc Hội đồng.

Thành viên của Hội đồng là giảng viên có học vị từ thạc sĩ trở lên hoặc có thể mời
những người có chuyên môn phù hợp ở ngoài Trường. Số thành viên Hội đồng mời từ
ngoài Trường, nếu có, không quá 1/3 tổng số thành viên của Hội đồng.

Chủ tịch hội đồng là giảng viên có học vị từ tiến sĩ hoặc có chức danh từ giảng viên
chính trở lên, có năng lực chuyên môn, kinh nghiệm giảng dạy và quản lý đào tạo, am
hiểu lĩnh vực liên quan đến hướng nghiên cứu của các đề tài được bảo vệ.

Chủ tịch hội đồng và các thành viên không được là người có quan hệ ruột thịt (cha,
mẹ, vợ, chồng, anh, chị, em ruột) với SV bảo vệ tại Hội đồng đó (trường hợp vi phạm
điều này được phát hiện sau khi bảo vệ thì kết quả bảo vệ bị hủy và SV phải bảo vệ lại)."
159/QD/DHCNTT,dieu,Điều 12,Tổ chức bảo vệ KLTN,3/12,3012.0,"1.  Hằng năm Trường có 2 đợt bảo vệ khóa luận tốt nghiệp theo kế hoạch chung của Trường
và được công bố vào đầu mỗi năm học. Khoa đề nghị thời gian tổ chức Hội đồng và gởi về
P.ĐTĐH/VPCCTĐB chậm nhất 7 ngày sau thời hạn thực hiện KLTN đã hết.
2. Khoa gửi danh sách SV đủ điều kiện bảo vệ KLTN trước Hội đồng cho P.
ĐTĐH/VPCCTĐB. Căn cứ đề nghị của Trưởng P.ĐTĐH và Trưởng khoa, Hiệu trưởng ra
quyết định thành lập Hội đồng bảo vệ KLTN cho SV.
3. Các thành viên Hội đồng phải có mặt đầy đủ khi Hội đồng họp đánh giá các KLTN.
4. CBHD và CBPB phải gửi bản nhận xét bằng văn bản có chữ ký kèm ý kiến đánh giá xếp
loại và điểm cụ thể dành cho KLTN cho thư ký Hội đồng trước khi Hội đồng bắt đầu làm
việc.
5. Qui trình tổ chức bảo vệ KLTN gồm những bước cơ bản sau:

Thư ký đọc quyết định thành lập hội đồng, danh sách SV và tên đề tài, tên CBHD.

Chủ tịch hội đồng phát biểu, xác định các quy định làm việc thống nhất cho toàn hội
đồng.
6

Thư ký ghi biên bản đầy đủ họ tên các SV tham gia thực hiện đề tài, nội dung trao
đổi, thảo luận trong buổi bảo vệ.

SV trình bày đề tài không quá 15 phút.

CBPB (hoặc thư ký) đọc nhận xét đề tài của CBPB.

SV trả lời các câu hỏi của CBPB và hội đồng.

Thư ký đọc nhận xét đề tài của CBHD.

Hội đồng đánh giá theo điểm cho từng SV trên phiếu chấm theo mẫu của Trường.

Thư ký tập hợp phiếu nhận xét của CBHD, CBPB và phiếu chấm của các thành viên
Hội đồng để tính điểm trung bình của đề tài.

Chủ tịch Hội đồng có thể họp các thành viên để xem xét, trao đổi thêm về kết quả bảo
vệ. Kết quả chính thức phải được công bố trước khi Hội đồng tuyên bố kết thúc buổi bảo
vệ.
6. Sau khi bảo vệ trước hội đồng, SV và Khoa thực hiện theo quy trình nộp và nhập điểm
KLTN theo Phụ lục đính kèm Quy định này."
159/QD/DHCNTT,khoan,Khoản 1,,3/12/1,12001.0,"Hằng năm Trường có 2 đợt bảo vệ khóa luận tốt nghiệp theo kế hoạch chung của Trường
và được công bố vào đầu mỗi năm học. Khoa đề nghị thời gian tổ chức Hội đồng và gởi về
P.ĐTĐH/VPCCTĐB chậm nhất 7 ngày sau thời hạn thực hiện KLTN đã hết."
159/QD/DHCNTT,khoan,Khoản 2,,3/12/2,12002.0,"Khoa gửi danh sách SV đủ điều kiện bảo vệ KLTN trước Hội đồng cho P.
ĐTĐH/VPCCTĐB. Căn cứ đề nghị của Trưởng P.ĐTĐH và Trưởng khoa, Hiệu trưởng ra
quyết định thành lập Hội đồng bảo vệ KLTN cho SV."
159/QD/DHCNTT,khoan,Khoản 3,,3/12/3,12003.0,Các thành viên Hội đồng phải có mặt đầy đủ khi Hội đồng họp đánh giá các KLTN.
159/QD/DHCNTT,khoan,Khoản 4,,3/12/4,12004.0,"CBHD và CBPB phải gửi bản nhận xét bằng văn bản có chữ ký kèm ý kiến đánh giá xếp
loại và điểm cụ thể dành cho KLTN cho thư ký Hội đồng trước khi Hội đồng bắt đầu làm
việc."
159/QD/DHCNTT,khoan,Khoản 5,,3/12/5,12005.0,"Qui trình tổ chức bảo vệ KLTN gồm những bước cơ bản sau:

Thư ký đọc quyết định thành lập hội đồng, danh sách SV và tên đề tài, tên CBHD.

Chủ tịch hội đồng phát biểu, xác định các quy định làm việc thống nhất cho toàn hội
đồng.
6

Thư ký ghi biên bản đầy đủ họ tên các SV tham gia thực hiện đề tài, nội dung trao
đổi, thảo luận trong buổi bảo vệ.

SV trình bày đề tài không quá 15 phút.

CBPB (hoặc thư ký) đọc nhận xét đề tài của CBPB.

SV trả lời các câu hỏi của CBPB và hội đồng.

Thư ký đọc nhận xét đề tài của CBHD.

Hội đồng đánh giá theo điểm cho từng SV trên phiếu chấm theo mẫu của Trường.

Thư ký tập hợp phiếu nhận xét của CBHD, CBPB và phiếu chấm của các thành viên
Hội đồng để tính điểm trung bình của đề tài.

Chủ tịch Hội đồng có thể họp các thành viên để xem xét, trao đổi thêm về kết quả bảo
vệ. Kết quả chính thức phải được công bố trước khi Hội đồng tuyên bố kết thúc buổi bảo
vệ."
159/QD/DHCNTT,khoan,Khoản 6,,3/12/6,12006.0,"Sau khi bảo vệ trước hội đồng, SV và Khoa thực hiện theo quy trình nộp và nhập điểm
KLTN theo Phụ lục đính kèm Quy định này."
159/QD/DHCNTT,dieu,Điều 13,Đánh giá kết quả KLTN,3/13,3013.0,"1. Việc đánh giá KLTN căn cứ vào các yếu tố cơ bản sau:

Báo cáo KLTN có đáp ứng các qui định của Trường và Khoa hay không; cần nêu rõ
ưu, khuyết điểm.

Nhận xét về tính mới, tính khoa học, tính sáng tạo, tính thực tiễn của đề tài, nội dung,
phương pháp nghiên cứu đề tài.

Khả năng, xử lý và giải quyết vấn đề của SV, triển vọng của kết quả nghiên cứu.
2. Điểm chấm KLTN cho theo thang điểm 10 (lẻ đến 0,5) của mỗi thành viên hội đồng
(TV), CBHD và CBPB. Điểm tổng kết là trung bình cộng (làm tròn đến 0,1) của:

CBHD và CBPB : Điểm hệ số 2

Các thành viên còn lại của Hội đồng: Điểm hệ số 1
Ví dụ: (với số thành viên Hội đồng là 3)
Điểm KLTN = (TV1+TV2+CBHD*2+CBPB*2)/6

Nếu điểm của thành viên Hội đồng hoặc CBHD hoặc CBPB sai biệt từ 2 điểm trở lên
so với điểm tổng kết thì Hội đồng phải họp thảo luận để thống nhất, nếu kết quả vẫn
không thay đổi thì Hội đồng không công nhận điểm của thành viên hoặc CBHD hoặc
CBPB đó. Điểm không công nhận không được tính vào điểm tổng kết của KLTN."
159/QD/DHCNTT,khoan,Khoản 1,,3/13/1,13001.0,"Việc đánh giá KLTN căn cứ vào các yếu tố cơ bản sau:

Báo cáo KLTN có đáp ứng các qui định của Trường và Khoa hay không; cần nêu rõ
ưu, khuyết điểm.

Nhận xét về tính mới, tính khoa học, tính sáng tạo, tính thực tiễn của đề tài, nội dung,
phương pháp nghiên cứu đề tài.

Khả năng, xử lý và giải quyết vấn đề của SV, triển vọng của kết quả nghiên cứu."
159/QD/DHCNTT,khoan,Khoản 2,,3/13/2,13002.0,"Điểm chấm KLTN cho theo thang điểm 10 (lẻ đến 0,5) của mỗi thành viên hội đồng
(TV), CBHD và CBPB. Điểm tổng kết là trung bình cộng (làm tròn đến 0,1) của:

CBHD và CBPB : Điểm hệ số 2

Các thành viên còn lại của Hội đồng: Điểm hệ số 1
Ví dụ: (với số thành viên Hội đồng là 3)
Điểm KLTN = (TV1+TV2+CBHD*2+CBPB*2)/6

Nếu điểm của thành viên Hội đồng hoặc CBHD hoặc CBPB sai biệt từ 2 điểm trở lên
so với điểm tổng kết thì Hội đồng phải họp thảo luận để thống nhất, nếu kết quả vẫn
không thay đổi thì Hội đồng không công nhận điểm của thành viên hoặc CBHD hoặc
CBPB đó. Điểm không công nhận không được tính vào điểm tổng kết của KLTN."
159/QD/DHCNTT,dieu,Điều 14,Hội đồng chấm phúc tra KLTN,3/14,3014.0,"Trong trường hợp có tranh chấp, khiếu nại về kết quả chấm bảo vệ KLTN, Hiệu trưởng
có thể chỉ định một Hội đồng để chấm phúc tra. Thành phần, nhiệm vụ, quyền hạn của Hội
đồng phúc tra được Hiệu trưởng quy định trong quyết định thành lập Hội đồng. Điểm cuối
cùng của KLTN là điểm của Hội đồng chấm phúc tra."
159/QD/DHCNTT,khoan,Khoản 1,,3/14/1,14001.0,"Trong trường hợp có tranh chấp, khiếu nại về kết quả chấm bảo vệ KLTN, Hiệu trưởng
có thể chỉ định một Hội đồng để chấm phúc tra. Thành phần, nhiệm vụ, quyền hạn của Hội
đồng phúc tra được Hiệu trưởng quy định trong quyết định thành lập Hội đồng. Điểm cuối
cùng của KLTN là điểm của Hội đồng chấm phúc tra."
159/QD/DHCNTT,dieu,Điều 15,Chế độ lưu trữ,3/15,3015.0,"7
1. Toàn bộ biên bản, hồ sơ bảo vệ KLTN được Thư ký Hội đồng bàn giao cho Khoa và
được các Khoa lưu trữ tối thiểu trong vòng 5 năm.
2. Khoa tổng hợp điểm vào danh sách các SV đã đăng ký làm KLTN (kể cả các SV không
hoàn thành KLTN) do P.ĐTĐH/VPCCTĐB cung cấp. Khoa nhập danh sách điểm
KLTN lên hệ thống, đồng thời gửi bảng điểm giấy cho P.ĐTĐH/VPCCTĐB trong thời
gian 20 ngày sau ngày bảo vệ."
159/QD/DHCNTT,khoan,Khoản 1,,3/15/1,15001.0,"Toàn bộ biên bản, hồ sơ bảo vệ KLTN được Thư ký Hội đồng bàn giao cho Khoa và
được các Khoa lưu trữ tối thiểu trong vòng 5 năm."
159/QD/DHCNTT,khoan,Khoản 2,,3/15/2,15002.0,"Khoa tổng hợp điểm vào danh sách các SV đã đăng ký làm KLTN (kể cả các SV không
hoàn thành KLTN) do P.ĐTĐH/VPCCTĐB cung cấp. Khoa nhập danh sách điểm
KLTN lên hệ thống, đồng thời gửi bảng điểm giấy cho P.ĐTĐH/VPCCTĐB trong thời
gian 20 ngày sau ngày bảo vệ."
159/QD/DHCNTT,dieu,Điều 16,Thù lao hướng dẫn và các hội đồng,3/16,3016.0,Thù lao hướng dẫn và tổ chức các hội đồng được chi trả theo Quy chế chi tiêu nội bộ.
159/QD/DHCNTT,khoan,Khoản 1,,3/16/1,16001.0,Thù lao hướng dẫn và tổ chức các hội đồng được chi trả theo Quy chế chi tiêu nội bộ.
159/QD/DHCNTT,dieu,Điều 17,Tổ chức thực hiện,3/17,3017.0,"1. Phòng ĐTĐH, VPCCTĐB: Tổ chức ĐKHP, công nhận kết quả KLTN, gia hạn KLTN
cho SV.
2. Khoa: tổ chức cho SV đăng ký đề tài KLTN, tổ chức cho SV báo cáo giữa kỳ và bảo
vệ cuối kỳ.
3. Các đơn vị khác: Phối hợp thực hiện các công việc liên quan theo chức năng, nhiệm
vụ của đơn vị."
159/QD/DHCNTT,khoan,Khoản 1,,3/17/1,17001.0,"Phòng ĐTĐH, VPCCTĐB: Tổ chức ĐKHP, công nhận kết quả KLTN, gia hạn KLTN
cho SV."
159/QD/DHCNTT,khoan,Khoản 2,,3/17/2,17002.0,"Khoa: tổ chức cho SV đăng ký đề tài KLTN, tổ chức cho SV báo cáo giữa kỳ và bảo
vệ cuối kỳ."
159/QD/DHCNTT,khoan,Khoản 3,,3/17/3,17003.0,"Các đơn vị khác: Phối hợp thực hiện các công việc liên quan theo chức năng, nhiệm
vụ của đơn vị."
159/QD/DHCNTT,dieu,Điều 18,Điều khoản thi hành,3/18,3018.0,"Quy định này có hiệu lực thi hành kể từ ngày ký. Mọi quy định trước đây trái với quy
định này đều bãi bỏ.
Mọi sự thay đổi, hoặc bổ sung về nội dung, các điều khoản của quy định này do Hiệu
trưởng quyết định.
KT. HIỆU TRƯỞNG
PHÓ HIỆU TRƯỞNG
(Đã ký)
Nguyễn Lưu Thùy Ngân
8
Phụ lục
QUY TRÌNH
Cập nhật trạng thái báo cáo tiến độ giữa kỳ,
Gia hạn thời gian làm Khóa luận tốt nghiệp, Nộp báo cáo Khóa luận tốt
nghiệp
(Ban hành kèm theo Quyết định số:  159/QĐ-ĐHCNTT, ngày  05 tháng  3 năm 2024 của
Hiệu trưởng Trường Đại học Công nghệ Thông tin)
I. Mục đích
Quy trình này của Trường Đại học Công nghệ Thông tin (sau đây gọi tắt là Trường)
nhằm chuẩn hóa quy trình Báo cáo tiến độ giữa kỳ, Gia hạn thời gian làm Khóa luận tốt
nghiệp, Nộp báo cáo Khóa luận tốt nghiệp của Trường Đại học Công nghệ Thông tin; đảm
bảo sự phối hợp đồng bộ, kịp thời, chính xác giữa các đơn vị có liên quan.
II. Phạm vi áp dụng
Quy trình này áp dụng cho Phòng Đào tạo Đại học, Văn phòng Các chương trình Đặc biệt,
các Khoa, sinh viên hệ chính quy và các đơn vị có liên quan kể từ học kỳ 1 năm học 2023-
2024.
- Các mốc thời điểm trong lưu đồ như t + 7, t + 14, t + 20 được tính theo đơn vị ngày.
III. Quy trình phối hợp
1. Báo cáo tiến độ giữa kỳ:
- t: tuần báo cáo tiến độ giữa kỳ
9
Đơn
vị/CN
th/hiện
Thời
điểm
1. Kiểm tra
và nhận xét
KLTN
SV
CBHD
Khoa
Dừng
làm?
Có
Không
t
t + 7
t + 14
3. Thư ký cập
nhật trạng
thái: tiếp tục
hoặc dừng
làm KLTN
Bắt
đầu
t + 3
Kết
thúc
Đổi
tên?
Không
Có
2. Thư ký lập
danh sách SV
và tên KLTN
mới
P.ĐTĐH/
VPCTTĐB
4. Trình BGH
ký quyết định
công nhận
10
2. Gia hạn thời gian làm Khóa luận tốt nghiệp:
-
t: ngày Khoa gửi danh sách SV bảo vệ KLTN về P.ĐTĐH/ VPCCTĐB.
-
11
3. Nộp báo cáo Khóa luận tốt nghiệp
3.1 Lưu đồ quy trình
- t: ngày bảo vệ KLTN
3.2  Diễn giải các bước của quy trình
Bắt đầu quy trình
Bước 1: Sinh viên nộp báo cáo KLTN
12
- Sau ngày bảo vệ khóa luận t, tất cả các SV đã tham gia bảo vệ có kết quả Đạt cần chỉnh sửa,
hoàn tất báo cáo KLTN theo góp ý của CBPB và Hội đồng bảo vệ (nếu có) và nộp báo cáo
KLTN đến hết ngày t+7 tại trang web Cổng thông tin đào tạo (https://daa.uit.edu.vn). Sử dụng
chức năng “Nộp KLTN” để nộp bản báo cáo KLTN chính thức cho Trường:
 Chọn menu Sinh viên => Nộp KLTN.
 Nhập đầy đủ thông tin và upload tập tin báo cáo KLTN, bao gồm:
1. 01 file báo cáo KLTN dạng .PDF (không được đặt mật khẩu khóa file).
2. 01 file văn bản báo cáo KLTN dạng Microsoft Word hoặc Latex (không được đặt mật
khẩu khóa file).
3. Nhập tóm tắt báo cáo KLTN.
4. Nhập danh sách các từ khóa liên quan đến nội dung KLTN bằng tiếng Việt và tiếng
Anh.
 Sau khi nhập đầy đủ thông tin, SV xác nhận nộp KLTN bằng cách đánh dấu chọn vào
dòng sau đây:
Xác nhận phiên bản này là phiên bản đã chỉnh sửa cuối cùng, hệ thống sẽ thông
báo đến CBHD để tiến hành kiểm tra.
Ngay sau đó hệ thống sẽ gửi email tự động đến CBHD để kiểm tra.
Bước 2: Thư ký hội đồng bảo vệ KLTN gửi biên bản Hội đồng
- Sau ngày bảo vệ khóa luận t, thư ký hội đồng bảo vệ KLTN gửi biên bản Hội đồng cho
Giáo viên hướng dẫn và sinh viên.
Bước 3: CBHD kiểm tra, xác nhận
Từ thời điểm t + 8 đến trước thời điểm t + 14:
- Khi nhận được email thông báo từ hệ thống, CBHD tiến hành kiểm tra, xác nhận trên Cổng
thông tin đào tạo (https://daa.uit.edu.vn/giangvien) về vấn đề: Nội dung báo cáo KLTN đã
được chỉnh sửa theo góp ý của cán bộ phản biện và Hội đồng bảo vệ.
- Nếu báo cáo KLTN chưa đạt yêu cầu, SV phải tiến hành chỉnh sửa và nộp lại; CBHD tiếp
tục thực hiện Bước 3. Ngược lại nếu SV không hoàn thành chỉnh sửa cho đạt yêu cầu thì từ
thời điểm t + 14 trở đi, KLTN chưa đạt yêu cầu bị đánh giá 0 (không) điểm.
Bước 4: Khoa nhận KLTN và kiểm tra
Đối với KLTN đã được CBHD xác nhận nộp hợp lệ, đạt yêu cầu thì điểm nhập là
điểm do Hội đồng bảo vệ KLTN chấm, ngược lại đối với các KLTN không hợp lệ, không
đạt yêu cầu thì điểm là 0 (không).
Bước 5: Khoa nhập điểm và nộp bảng điểm giấy cho P.ĐTĐH/VPĐB
Đến trước thời điểm t + 20: Khoa phải tiến hành nhập điểm cho tất cả các SV đã bảo
vệ KLTN (gồm cả hai loại kết quả Đạt và Không Đạt) lên hệ thống quản lý điểm; sau đó
tiến hành nộp bảng điểm giấy cho P.ĐTĐH (đối với chương trình đại trà, chương trình
13
chuẩn, chương trình văn bằng 2, chương trình liên thông) hoặc VPĐB (đối với các chương
trình còn lại)."
159/QD/DHCNTT,khoan,Khoản 1,,3/18/1,18001.0,"Báo cáo tiến độ giữa kỳ:
- t: tuần báo cáo tiến độ giữa kỳ
9
Đơn
vị/CN
th/hiện
Thời
điểm"
159/QD/DHCNTT,khoan,Khoản 1,,3/18/1,18001.0,"Kiểm tra
và nhận xét
KLTN
SV
CBHD
Khoa
Dừng
làm?
Có
Không
t
t + 7
t + 14"
159/QD/DHCNTT,khoan,Khoản 1,,3/18/1,18001.0,01 file báo cáo KLTN dạng .PDF (không được đặt mật khẩu khóa file).
159/QD/DHCNTT,khoan,Khoản 2,,3/18/2,18002.0,"Thư ký lập
danh sách SV
và tên KLTN
mới
P.ĐTĐH/
VPCTTĐB"
159/QD/DHCNTT,khoan,Khoản 2,,3/18/2,18002.0,"Gia hạn thời gian làm Khóa luận tốt nghiệp:
-
t: ngày Khoa gửi danh sách SV bảo vệ KLTN về P.ĐTĐH/ VPCCTĐB.
-
11"
159/QD/DHCNTT,khoan,Khoản 2,,3/18/2,18002.0,"01 file văn bản báo cáo KLTN dạng Microsoft Word hoặc Latex (không được đặt mật
khẩu khóa file)."
159/QD/DHCNTT,khoan,Khoản 2024,,3/18/2024,20024.0,"- Các mốc thời điểm trong lưu đồ như t + 7, t + 14, t + 20 được tính theo đơn vị ngày.
III. Quy trình phối hợp"
159/QD/DHCNTT,khoan,Khoản 3,,3/18/3,18003.0,"Thư ký cập
nhật trạng
thái: tiếp tục
hoặc dừng
làm KLTN
Bắt
đầu
t + 3
Kết
thúc
Đổi
tên?
Không
Có"
159/QD/DHCNTT,khoan,Khoản 3,,3/18/3,18003.0,"Nộp báo cáo Khóa luận tốt nghiệp
3.1 Lưu đồ quy trình
- t: ngày bảo vệ KLTN
3.2  Diễn giải các bước của quy trình
Bắt đầu quy trình
Bước 1: Sinh viên nộp báo cáo KLTN
12
- Sau ngày bảo vệ khóa luận t, tất cả các SV đã tham gia bảo vệ có kết quả Đạt cần chỉnh sửa,
hoàn tất báo cáo KLTN theo góp ý của CBPB và Hội đồng bảo vệ (nếu có) và nộp báo cáo
KLTN đến hết ngày t+7 tại trang web Cổng thông tin đào tạo (https://daa.uit.edu.vn). Sử dụng
chức năng “Nộp KLTN” để nộp bản báo cáo KLTN chính thức cho Trường:
 Chọn menu Sinh viên => Nộp KLTN.
 Nhập đầy đủ thông tin và upload tập tin báo cáo KLTN, bao gồm:"
159/QD/DHCNTT,khoan,Khoản 3,,3/18/3,18003.0,Nhập tóm tắt báo cáo KLTN.
159/QD/DHCNTT,khoan,Khoản 4,,3/18/4,18004.0,"Trình BGH
ký quyết định
công nhận
10"
159/QD/DHCNTT,khoan,Khoản 4,,3/18/4,18004.0,"Nhập danh sách các từ khóa liên quan đến nội dung KLTN bằng tiếng Việt và tiếng
Anh.
 Sau khi nhập đầy đủ thông tin, SV xác nhận nộp KLTN bằng cách đánh dấu chọn vào
dòng sau đây:
Xác nhận phiên bản này là phiên bản đã chỉnh sửa cuối cùng, hệ thống sẽ thông
báo đến CBHD để tiến hành kiểm tra.
Ngay sau đó hệ thống sẽ gửi email tự động đến CBHD để kiểm tra.
Bước 2: Thư ký hội đồng bảo vệ KLTN gửi biên bản Hội đồng
- Sau ngày bảo vệ khóa luận t, thư ký hội đồng bảo vệ KLTN gửi biên bản Hội đồng cho
Giáo viên hướng dẫn và sinh viên.
Bước 3: CBHD kiểm tra, xác nhận
Từ thời điểm t + 8 đến trước thời điểm t + 14:
- Khi nhận được email thông báo từ hệ thống, CBHD tiến hành kiểm tra, xác nhận trên Cổng
thông tin đào tạo (https://daa.uit.edu.vn/giangvien) về vấn đề: Nội dung báo cáo KLTN đã
được chỉnh sửa theo góp ý của cán bộ phản biện và Hội đồng bảo vệ.
- Nếu báo cáo KLTN chưa đạt yêu cầu, SV phải tiến hành chỉnh sửa và nộp lại; CBHD tiếp
tục thực hiện Bước 3. Ngược lại nếu SV không hoàn thành chỉnh sửa cho đạt yêu cầu thì từ
thời điểm t + 14 trở đi, KLTN chưa đạt yêu cầu bị đánh giá 0 (không) điểm.
Bước 4: Khoa nhận KLTN và kiểm tra
Đối với KLTN đã được CBHD xác nhận nộp hợp lệ, đạt yêu cầu thì điểm nhập là
điểm do Hội đồng bảo vệ KLTN chấm, ngược lại đối với các KLTN không hợp lệ, không
đạt yêu cầu thì điểm là 0 (không).
Bước 5: Khoa nhập điểm và nộp bảng điểm giấy cho P.ĐTĐH/VPĐB
Đến trước thời điểm t + 20: Khoa phải tiến hành nhập điểm cho tất cả các SV đã bảo
vệ KLTN (gồm cả hai loại kết quả Đạt và Không Đạt) lên hệ thống quản lý điểm; sau đó
tiến hành nộp bảng điểm giấy cho P.ĐTĐH (đối với chương trình đại trà, chương trình
13
chuẩn, chương trình văn bằng 2, chương trình liên thông) hoặc VPĐB (đối với các chương
trình còn lại)."
159/QD/DHCNTT,dieu,Điều 8,Báo cáo KLTN cuối kỳ,3/8,3008.0,"1. Khi hết thời gian thực hiện KLTN theo quy định của Trường, SV phải báo cáo việc thực
hiện KLTN và kết quả cho CBHD. CBHD cho nhận xét theo mẫu Phiếu nhận xét theo quy
định của Trường.
2. Sau khi có ý kiến đồng ý của CBHD, SV phải hoàn thành và nộp báo cáo KLTN cho
Khoa đúng hạn.
3. Yêu cầu đối với báo cáo KLTN:
 Hình thức trình bày KLTN theo quy định của Trường,
 KLTN phải có ý kiến thống nhất về nội dung và sự đồng ý cho phép SV bảo vệ kèm
chữ ký của CBHD.
 Báo cáo KLTN phải được gửi đến: CBHD, CBPB và các thành viên trong hội đồng.
Báo cáo bản mềm (định dạng Word / PDF) hay bản giấy là do Khoa quyết định."
159/QD/DHCNTT,khoan,Khoản 1,,3/8/1,8001.0,"Khi hết thời gian thực hiện KLTN theo quy định của Trường, SV phải báo cáo việc thực
hiện KLTN và kết quả cho CBHD. CBHD cho nhận xét theo mẫu Phiếu nhận xét theo quy
định của Trường."
159/QD/DHCNTT,khoan,Khoản 2,,3/8/2,8002.0,"Sau khi có ý kiến đồng ý của CBHD, SV phải hoàn thành và nộp báo cáo KLTN cho
Khoa đúng hạn."
159/QD/DHCNTT,khoan,Khoản 3,,3/8/3,8003.0,"Yêu cầu đối với báo cáo KLTN:
 Hình thức trình bày KLTN theo quy định của Trường,
 KLTN phải có ý kiến thống nhất về nội dung và sự đồng ý cho phép SV bảo vệ kèm
chữ ký của CBHD.
 Báo cáo KLTN phải được gửi đến: CBHD, CBPB và các thành viên trong hội đồng.
Báo cáo bản mềm (định dạng Word / PDF) hay bản giấy là do Khoa quyết định."
159/QD/DHCNTT,dieu,Điều 9,Phản biện KLTN,3/9,3009.0,"1. Mỗi KLTN được đánh giá bởi người phản biện do Khoa chỉ định, sau đây gọi là CBPB.
2. CBPB có trình độ chuyên môn phù hợp với đề tài và học vị từ thạc sĩ trở lên. Trong
trường hợp cần thiết Khoa có thể mời chuyên gia có chuyên môn phù hợp ngoài Trường
làm CBPB.
3. CBPB phải khác với CBHD và không được là người có quan hệ ruột thịt (cha, mẹ, vợ,
chồng, anh, chị, em ruột) với SV.
4. SV phải báo cáo với CBPB trước khi bảo vệ trước hội đồng. CBPB nhận xét KLTN theo
mẫu Phiếu nhận xét của P. ĐTĐH."
159/QD/DHCNTT,khoan,Khoản 1,,3/9/1,9001.0,"Mỗi KLTN được đánh giá bởi người phản biện do Khoa chỉ định, sau đây gọi là CBPB."
159/QD/DHCNTT,khoan,Khoản 2,,3/9/2,9002.0,"CBPB có trình độ chuyên môn phù hợp với đề tài và học vị từ thạc sĩ trở lên. Trong
trường hợp cần thiết Khoa có thể mời chuyên gia có chuyên môn phù hợp ngoài Trường
làm CBPB."
159/QD/DHCNTT,khoan,Khoản 3,,3/9/3,9003.0,"CBPB phải khác với CBHD và không được là người có quan hệ ruột thịt (cha, mẹ, vợ,
chồng, anh, chị, em ruột) với SV."
159/QD/DHCNTT,khoan,Khoản 4,,3/9/4,9004.0,"SV phải báo cáo với CBPB trước khi bảo vệ trước hội đồng. CBPB nhận xét KLTN theo
mẫu Phiếu nhận xét của P. ĐTĐH."
172/QD/DHCNTT,chuong,Chương,,0,0.0,
172/QD/DHCNTT,dieu,Điều 1,"Ban hành kèm theo Quyết định này Quy chế văn bằng, chứng chỉ của",0/1,1.0,Trường Đại học Công nghệ Thông tin.
172/QD/DHCNTT,khoan,Khoản 1,,0/1/1,1001.0,Trường Đại học Công nghệ Thông tin.
172/QD/DHCNTT,dieu,Điều 2,Quyết định có hiệu lực thi hành kể từ ngày ký.,0/2,2.0,"Quyết định này thay thế cho Quyết định số 284/QĐ-ĐHCNTT ngày 24 tháng 5
năm 2017 về việc ban hành Quy định văn bằng, chứng chỉ của Trường Đại học Công
nghệ Thông tin .
Quyết định này thay thế cho Quyết định số 43/QĐ-ĐHCNTT ngày 15 tháng 01
năm 2018 về việc ban hành Quy định hình thức và nội dung in trên văn bằng đại học,
chứng chỉ."
172/QD/DHCNTT,khoan,Khoản 1,,0/2/1,2001.0,"Quyết định này thay thế cho Quyết định số 284/QĐ-ĐHCNTT ngày 24 tháng 5
năm 2017 về việc ban hành Quy định văn bằng, chứng chỉ của Trường Đại học Công
nghệ Thông tin .
Quyết định này thay thế cho Quyết định số 43/QĐ-ĐHCNTT ngày 15 tháng 01
năm 2018 về việc ban hành Quy định hình thức và nội dung in trên văn bằng đại học,
chứng chỉ."
172/QD/DHCNTT,dieu,Điều 3,"Các Ông/Bà Trưởng các Phòng, Ban, Khoa có liên quan chịu trách nhiệm",0/3,3.0,"thi hành Quyết định này./.
Nơi nhận:
- Như Điều 3;
- Lưu: VT, ĐTĐH (Nh).
HIỆU TRƯỞNG
(đã ký)
Nguyễn Hoàng Tú Anh
ĐẠI HỌC QUỐC GIA TP.HCM
TRƯỜNG ĐẠI HỌC
CÔNG NGHỆ THÔNG TIN
CỘNG HÒA XÃ HỘI CHỦ NGHĨA VIỆT NAM
Độc lập – Tự do – Hạnh phúc
Tp. Hồ Chí Minh, ngày 08 tháng 3 năm 2023
QUY CHẾ
Văn bằng, chứng chỉ của Trường Đại học Công nghệ Thông tin
(Ban hành kèm theo Quyết định số: 172/QĐ-ĐHCNTT,  ngày 08 tháng 3 năm 2023
của Hiệu trưởng Trường Đại học Công nghệ Thông tin)"
172/QD/DHCNTT,khoan,Khoản 1,,0/3/1,3001.0,"thi hành Quyết định này./.
Nơi nhận:
- Như Điều 3;
- Lưu: VT, ĐTĐH (Nh).
HIỆU TRƯỞNG
(đã ký)
Nguyễn Hoàng Tú Anh
ĐẠI HỌC QUỐC GIA TP.HCM
TRƯỜNG ĐẠI HỌC
CÔNG NGHỆ THÔNG TIN
CỘNG HÒA XÃ HỘI CHỦ NGHĨA VIỆT NAM
Độc lập – Tự do – Hạnh phúc
Tp. Hồ Chí Minh, ngày 08 tháng 3 năm 2023
QUY CHẾ
Văn bằng, chứng chỉ của Trường Đại học Công nghệ Thông tin
(Ban hành kèm theo Quyết định số: 172/QĐ-ĐHCNTT,  ngày 08 tháng 3 năm 2023
của Hiệu trưởng Trường Đại học Công nghệ Thông tin)"
172/QD/DHCNTT,chuong,Chương 1,,1,1.0,
172/QD/DHCNTT,dieu,Điều 1,Phạm vi điều chỉnh và đối tượng áp dụng,1/1,1001.0,"1. Quy chế này quy định về việc quản lý văn bằng giáo dục đại học, sau đại học và các
loại chứng chỉ (sau đây gọi tắt là văn bằng, chứng chỉ) của Trường Đại học Công nghệ Thông
tin (ĐHCNTT); gồm: quản lý văn bằng, chứng chỉ; nội dung, ngôn ngữ, phương thức ghi
trong văn bằng, chứng chỉ; cấp phát, chỉnh sửa, thu hồi, hủy bỏ văn bằng, chứng chỉ; cấp bản
sao văn bằng từ sổ gốc; kiểm tra, thanh tra, xử lý vi phạm.
2. Quy chế này áp dụng đối với tất cả các đơn vị, cá nhân trong và ngoài Trường
ĐHCNTT có liên quan đến công tác quản lý, cấp phát, sử dụng văn bằng, chứng chỉ của
Trường ĐHCNTT."
172/QD/DHCNTT,khoan,Khoản 1,,1/1/1,1001.0,"Quy chế này quy định về việc quản lý văn bằng giáo dục đại học, sau đại học và các
loại chứng chỉ (sau đây gọi tắt là văn bằng, chứng chỉ) của Trường Đại học Công nghệ Thông
tin (ĐHCNTT); gồm: quản lý văn bằng, chứng chỉ; nội dung, ngôn ngữ, phương thức ghi
trong văn bằng, chứng chỉ; cấp phát, chỉnh sửa, thu hồi, hủy bỏ văn bằng, chứng chỉ; cấp bản
sao văn bằng từ sổ gốc; kiểm tra, thanh tra, xử lý vi phạm."
172/QD/DHCNTT,khoan,Khoản 2,,1/1/2,1002.0,"Quy chế này áp dụng đối với tất cả các đơn vị, cá nhân trong và ngoài Trường
ĐHCNTT có liên quan đến công tác quản lý, cấp phát, sử dụng văn bằng, chứng chỉ của
Trường ĐHCNTT."
172/QD/DHCNTT,dieu,Điều 2,"Nguyên tắc quản lý, cấp phát văn bằng, chứng chỉ",1/2,1002.0,"1. Văn bằng, chứng chỉ của Trường ĐHCNTT phát hành thuộc hệ thống văn bằng, chứng
chỉ giáo dục quốc dân.
2. Văn bằng, chứng chỉ được quản lý thống nhất, thực hiện phân cấp quản lý bảo đảm
quyền và trách nhiệm của các đơn vị trong Trường.
3. Văn bằng, chứng chỉ được cấp một lần trừ trường hợp quy định tại Điều 15 của Quy
chế này.
4. Nghiêm cấm mọi hành vi gian lận trong cấp phát và sử dụng văn bằng, chứng chỉ.
5. Bảo đảm công khai, minh bạch trong cấp phát văn bằng, chứng chỉ."
172/QD/DHCNTT,khoan,Khoản 1,,1/2/1,2001.0,"Văn bằng, chứng chỉ của Trường ĐHCNTT phát hành thuộc hệ thống văn bằng, chứng
chỉ giáo dục quốc dân."
172/QD/DHCNTT,khoan,Khoản 2,,1/2/2,2002.0,"Văn bằng, chứng chỉ được quản lý thống nhất, thực hiện phân cấp quản lý bảo đảm
quyền và trách nhiệm của các đơn vị trong Trường."
172/QD/DHCNTT,khoan,Khoản 3,,1/2/3,2003.0,"Văn bằng, chứng chỉ được cấp một lần trừ trường hợp quy định tại Điều 15 của Quy
chế này."
172/QD/DHCNTT,khoan,Khoản 4,,1/2/4,2004.0,"Nghiêm cấm mọi hành vi gian lận trong cấp phát và sử dụng văn bằng, chứng chỉ."
172/QD/DHCNTT,khoan,Khoản 5,,1/2/5,2005.0,"Bảo đảm công khai, minh bạch trong cấp phát văn bằng, chứng chỉ."
172/QD/DHCNTT,dieu,Điều 3,"Trách nhiệm của các đơn vị, cá nhân trong việc quản lý văn bằng, chứng chỉ",1/3,1003.0,"1. Hiệu trưởng chịu trách nhiệm chung trong việc quản lý, cấp phát văn bằng, chứng
chỉ.
2. Phòng Đào tạo Đại học (PĐTĐH) có trách nhiệm quản lý việc cấp văn bằng đại học,
chứng chỉ; thực hiện các thủ tục đề nghị cấp phôi bằng đại học, chứng chỉ từ ĐHQG-HCM,
quản lý phôi, thông tin in lên phôi và tổ chức thực hiện công tác lưu trữ, cấp phát, thu hồi,
hủy bỏ bằng đại học, chứng chỉ; bản sao bằng tốt nghiệp đại học, chứng chỉ của Trường
ĐHCNTT.
2
3. Phòng Đào tạo Sau đại học & Khoa học Công nghệ (PĐTSĐH-KHCN) có trách nhiệm
quản lý việc cấp văn bằng thạc sĩ, tiến sĩ; thực hiện các thủ tục đề nghị cấp phôi bằng từ
ĐHQG-HCM, quản lý phôi, thông tin in lên phôi và tổ chức thực hiện công tác lưu trữ, cấp
phát, thu hồi, hủy bỏ bằng thạc sĩ, tiến sĩ; bản sao bằng thạc sĩ, tiến sĩ của Trường ĐHCNTT.
4. Phòng Tổ chức Hành chính (PTCHC) có trách nhiệm phối hợp với PĐTĐH và
PĐTSĐH-KHCN trong việc in thông tin cấp bằng lên phôi văn bằng theo danh sách người
học tốt nghiệp đính kèm Quyết định công nhận tốt nghiệp của Hiệu trưởng Trường ĐHCNTT
theo đúng mẫu tương ứng; trình Hiệu trưởng ký và đóng dấu văn bằng, chứng chỉ; in các loại
phôi chứng chỉ thuộc thẩm quyền của Trường theo quy định.
5. Các đơn vị trực thuộc Trường có đào tạo, cấp chứng chỉ chịu trách nhiệm quản lý việc
in thông tin lên phôi và cấp phát chứng chỉ cho người học.
6. Phòng Thanh tra - Pháp chế - Đảm bảo Chất lượng (PTTPC-ĐBCL) có trách nhiệm
thực hiện công tác thanh tra, kiểm tra việc thực hiện các quy định về văn bằng, chứng chỉ.
7. Các đơn vị được phân công quản lý việc cấp văn bằng, chứng chỉ có trách nhiệm:
a) Kiểm tra, đối chiếu và ghi chính xác, đầy đủ các thông tin ghi trên văn bằng, chứng
chỉ. Cung cấp các thông tin dự kiến ghi trên văn bằng, chứng chỉ cho người học để người học
kiểm tra tính chính xác của các thông tin trước khi ghi trên văn bằng, chứng chỉ; yêu cầu
người học xác nhận về việc đã kiểm tra thông tin, ký xác nhận các yêu cầu chỉnh sửa thông
tin và cung cấp các căn cứ yêu cầu chỉnh sửa thông tin. Các thông tin liên quan đến khai sinh
của người học ghi trên văn bằng, chứng chỉ phải căn cứ vào giấy khai sinh hợp lệ và hồ sơ
trúng tuyển của người học;
b) Tổ chức in, cấp văn bằng, chứng chỉ đúng thẩm quyền và đúng thời hạn theo quy
định tại Điều 14 của Quy chế này.
c) Lập đầy đủ hồ sơ làm căn cứ để cấp phát, quản lý văn bằng, chứng chỉ và lưu trữ
vĩnh viễn.
d) Bảo đảm tính chính xác và chịu trách nhiệm về các thông tin trong hồ sơ, trong sổ
gốc cấp văn bằng, chứng chỉ.
đ) Cung cấp thông tin trong sổ gốc cấp văn bằng, chứng chỉ và thông tin trong hồ sơ
tốt nghiệp để người được cấp văn bằng, chứng chỉ có căn cứ đề nghị chỉnh sửa văn bằng,
chứng chỉ.
e) Chỉnh sửa nội dung văn bằng, chứng chỉ theo quy định tại Điều 18, Điều 19, Điều
20, Điều 21 của Quy chế này.
g) Bảo quản, lưu giữ văn bằng, chứng chỉ trong trường hợp người học chưa đến nhận
văn bằng, chứng chỉ.
h) Đảm bảo cơ sở vật chất, trang thiết bị in, phòng chống cháy nổ để bảo quản phôi,
văn bằng, chứng chỉ.
i) Thu hồi, hủy bỏ văn bằng, chứng chỉ theo quy định tại Điều 22 của Quy chế này.
3
k) Cấp bản sao văn bằng, chứng chỉ từ sổ gốc theo quy định tại Chương V của Quy chế
này.
l) Khi cấp văn bằng, chứng chỉ cho người học phải lập sổ gốc văn bằng, chứng chỉ theo
mẫu quy định của ĐHQG-HCM.
m) Đối với phôi văn bằng, chứng chỉ bị hư hỏng, viết sai, chất lượng không bảo đảm,
chưa sử dụng do thay đổi mẫu phôi thì lập hội đồng hủy phôi bằng, có biên bản ghi rõ số
lượng, số hiệu và tình trạng văn bằng, chứng chỉ trước khi hủy. Quy định này cũng áp dụng
đối với văn bằng, chứng chỉ bị ghi sai và đã được người có thẩm quyền cấp văn bằng, chứng
chỉ ký, đóng dấu nhưng người được cấp văn bằng, chứng chỉ chưa ký nhận.
n) Trường hợp phôi văn bằng, chứng chỉ bị mất thì phải có trách nhiệm lập biên bản,
báo cáo lên Hiệu trưởng, thông báo ngay với cơ quan công an nơi gần nhất và ĐHQG-HCM
để xử lý kịp thời."
172/QD/DHCNTT,khoan,Khoản 1,,1/3/1,3001.0,"Hiệu trưởng chịu trách nhiệm chung trong việc quản lý, cấp phát văn bằng, chứng
chỉ."
172/QD/DHCNTT,khoan,Khoản 2,,1/3/2,3002.0,"Phòng Đào tạo Đại học (PĐTĐH) có trách nhiệm quản lý việc cấp văn bằng đại học,
chứng chỉ; thực hiện các thủ tục đề nghị cấp phôi bằng đại học, chứng chỉ từ ĐHQG-HCM,
quản lý phôi, thông tin in lên phôi và tổ chức thực hiện công tác lưu trữ, cấp phát, thu hồi,
hủy bỏ bằng đại học, chứng chỉ; bản sao bằng tốt nghiệp đại học, chứng chỉ của Trường
ĐHCNTT.
2"
172/QD/DHCNTT,khoan,Khoản 3,,1/3/3,3003.0,"Phòng Đào tạo Sau đại học & Khoa học Công nghệ (PĐTSĐH-KHCN) có trách nhiệm
quản lý việc cấp văn bằng thạc sĩ, tiến sĩ; thực hiện các thủ tục đề nghị cấp phôi bằng từ
ĐHQG-HCM, quản lý phôi, thông tin in lên phôi và tổ chức thực hiện công tác lưu trữ, cấp
phát, thu hồi, hủy bỏ bằng thạc sĩ, tiến sĩ; bản sao bằng thạc sĩ, tiến sĩ của Trường ĐHCNTT."
172/QD/DHCNTT,khoan,Khoản 4,,1/3/4,3004.0,"Phòng Tổ chức Hành chính (PTCHC) có trách nhiệm phối hợp với PĐTĐH và
PĐTSĐH-KHCN trong việc in thông tin cấp bằng lên phôi văn bằng theo danh sách người
học tốt nghiệp đính kèm Quyết định công nhận tốt nghiệp của Hiệu trưởng Trường ĐHCNTT
theo đúng mẫu tương ứng; trình Hiệu trưởng ký và đóng dấu văn bằng, chứng chỉ; in các loại
phôi chứng chỉ thuộc thẩm quyền của Trường theo quy định."
172/QD/DHCNTT,khoan,Khoản 5,,1/3/5,3005.0,"Các đơn vị trực thuộc Trường có đào tạo, cấp chứng chỉ chịu trách nhiệm quản lý việc
in thông tin lên phôi và cấp phát chứng chỉ cho người học."
172/QD/DHCNTT,khoan,Khoản 6,,1/3/6,3006.0,"Phòng Thanh tra - Pháp chế - Đảm bảo Chất lượng (PTTPC-ĐBCL) có trách nhiệm
thực hiện công tác thanh tra, kiểm tra việc thực hiện các quy định về văn bằng, chứng chỉ."
172/QD/DHCNTT,khoan,Khoản 7,,1/3/7,3007.0,"Các đơn vị được phân công quản lý việc cấp văn bằng, chứng chỉ có trách nhiệm:
a) Kiểm tra, đối chiếu và ghi chính xác, đầy đủ các thông tin ghi trên văn bằng, chứng
chỉ. Cung cấp các thông tin dự kiến ghi trên văn bằng, chứng chỉ cho người học để người học
kiểm tra tính chính xác của các thông tin trước khi ghi trên văn bằng, chứng chỉ; yêu cầu
người học xác nhận về việc đã kiểm tra thông tin, ký xác nhận các yêu cầu chỉnh sửa thông
tin và cung cấp các căn cứ yêu cầu chỉnh sửa thông tin. Các thông tin liên quan đến khai sinh
của người học ghi trên văn bằng, chứng chỉ phải căn cứ vào giấy khai sinh hợp lệ và hồ sơ
trúng tuyển của người học;
b) Tổ chức in, cấp văn bằng, chứng chỉ đúng thẩm quyền và đúng thời hạn theo quy
định tại Điều 14 của Quy chế này.
c) Lập đầy đủ hồ sơ làm căn cứ để cấp phát, quản lý văn bằng, chứng chỉ và lưu trữ
vĩnh viễn.
d) Bảo đảm tính chính xác và chịu trách nhiệm về các thông tin trong hồ sơ, trong sổ
gốc cấp văn bằng, chứng chỉ.
đ) Cung cấp thông tin trong sổ gốc cấp văn bằng, chứng chỉ và thông tin trong hồ sơ
tốt nghiệp để người được cấp văn bằng, chứng chỉ có căn cứ đề nghị chỉnh sửa văn bằng,
chứng chỉ.
e) Chỉnh sửa nội dung văn bằng, chứng chỉ theo quy định tại Điều 18, Điều 19, Điều
20, Điều 21 của Quy chế này.
g) Bảo quản, lưu giữ văn bằng, chứng chỉ trong trường hợp người học chưa đến nhận
văn bằng, chứng chỉ.
h) Đảm bảo cơ sở vật chất, trang thiết bị in, phòng chống cháy nổ để bảo quản phôi,
văn bằng, chứng chỉ.
i) Thu hồi, hủy bỏ văn bằng, chứng chỉ theo quy định tại Điều 22 của Quy chế này.
3
k) Cấp bản sao văn bằng, chứng chỉ từ sổ gốc theo quy định tại Chương V của Quy chế
này.
l) Khi cấp văn bằng, chứng chỉ cho người học phải lập sổ gốc văn bằng, chứng chỉ theo
mẫu quy định của ĐHQG-HCM.
m) Đối với phôi văn bằng, chứng chỉ bị hư hỏng, viết sai, chất lượng không bảo đảm,
chưa sử dụng do thay đổi mẫu phôi thì lập hội đồng hủy phôi bằng, có biên bản ghi rõ số
lượng, số hiệu và tình trạng văn bằng, chứng chỉ trước khi hủy. Quy định này cũng áp dụng
đối với văn bằng, chứng chỉ bị ghi sai và đã được người có thẩm quyền cấp văn bằng, chứng
chỉ ký, đóng dấu nhưng người được cấp văn bằng, chứng chỉ chưa ký nhận.
n) Trường hợp phôi văn bằng, chứng chỉ bị mất thì phải có trách nhiệm lập biên bản,
báo cáo lên Hiệu trưởng, thông báo ngay với cơ quan công an nơi gần nhất và ĐHQG-HCM
để xử lý kịp thời."
172/QD/DHCNTT,diem,Điểm a),,1/3/7/a,3007.01,"Kiểm tra, đối chiếu và ghi chính xác, đầy đủ các thông tin ghi trên văn bằng, chứng
chỉ. Cung cấp các thông tin dự kiến ghi trên văn bằng, chứng chỉ cho người học để người học
kiểm tra tính chính xác của các thông tin trước khi ghi trên văn bằng, chứng chỉ; yêu cầu
người học xác nhận về việc đã kiểm tra thông tin, ký xác nhận các yêu cầu chỉnh sửa thông
tin và cung cấp các căn cứ yêu cầu chỉnh sửa thông tin. Các thông tin liên quan đến khai sinh
của người học ghi trên văn bằng, chứng chỉ phải căn cứ vào giấy khai sinh hợp lệ và hồ sơ
trúng tuyển của người học;"
172/QD/DHCNTT,diem,Điểm b),,1/3/7/b,3007.02,"Tổ chức in, cấp văn bằng, chứng chỉ đúng thẩm quyền và đúng thời hạn theo quy
định tại Điều 14 của Quy chế này."
172/QD/DHCNTT,diem,Điểm c),,1/3/7/c,3007.03,"Lập đầy đủ hồ sơ làm căn cứ để cấp phát, quản lý văn bằng, chứng chỉ và lưu trữ
vĩnh viễn."
172/QD/DHCNTT,diem,Điểm d),,1/3/7/d,3007.04,"Bảo đảm tính chính xác và chịu trách nhiệm về các thông tin trong hồ sơ, trong sổ
gốc cấp văn bằng, chứng chỉ.
đ) Cung cấp thông tin trong sổ gốc cấp văn bằng, chứng chỉ và thông tin trong hồ sơ
tốt nghiệp để người được cấp văn bằng, chứng chỉ có căn cứ đề nghị chỉnh sửa văn bằng,
chứng chỉ."
172/QD/DHCNTT,diem,Điểm e),,1/3/7/e,3007.05,"Chỉnh sửa nội dung văn bằng, chứng chỉ theo quy định tại Điều 18, Điều 19, Điều
20, Điều 21 của Quy chế này."
172/QD/DHCNTT,diem,Điểm g),,1/3/7/g,3007.06,"Bảo quản, lưu giữ văn bằng, chứng chỉ trong trường hợp người học chưa đến nhận
văn bằng, chứng chỉ."
172/QD/DHCNTT,diem,Điểm h),,1/3/7/h,3007.07,"Đảm bảo cơ sở vật chất, trang thiết bị in, phòng chống cháy nổ để bảo quản phôi,
văn bằng, chứng chỉ."
172/QD/DHCNTT,diem,Điểm i),,1/3/7/i,3007.08,"Thu hồi, hủy bỏ văn bằng, chứng chỉ theo quy định tại Điều 22 của Quy chế này.
3"
172/QD/DHCNTT,diem,Điểm k),,1/3/7/k,3007.09,"Cấp bản sao văn bằng, chứng chỉ từ sổ gốc theo quy định tại Chương V của Quy chế
này."
172/QD/DHCNTT,diem,Điểm l),,1/3/7/l,3007.1,"Khi cấp văn bằng, chứng chỉ cho người học phải lập sổ gốc văn bằng, chứng chỉ theo
mẫu quy định của ĐHQG-HCM."
172/QD/DHCNTT,diem,Điểm m),,1/3/7/m,3007.11,"Đối với phôi văn bằng, chứng chỉ bị hư hỏng, viết sai, chất lượng không bảo đảm,
chưa sử dụng do thay đổi mẫu phôi thì lập hội đồng hủy phôi bằng, có biên bản ghi rõ số
lượng, số hiệu và tình trạng văn bằng, chứng chỉ trước khi hủy. Quy định này cũng áp dụng
đối với văn bằng, chứng chỉ bị ghi sai và đã được người có thẩm quyền cấp văn bằng, chứng
chỉ ký, đóng dấu nhưng người được cấp văn bằng, chứng chỉ chưa ký nhận."
172/QD/DHCNTT,diem,Điểm n),,1/3/7/n,3007.12,"Trường hợp phôi văn bằng, chứng chỉ bị mất thì phải có trách nhiệm lập biên bản,
báo cáo lên Hiệu trưởng, thông báo ngay với cơ quan công an nơi gần nhất và ĐHQG-HCM
để xử lý kịp thời."
172/QD/DHCNTT,dieu,Điều 4,"Quyền và nghĩa vụ của người được cấp văn bằng, chứng chỉ",1/4,1004.0,"1. Người được cấp văn bằng, chứng chỉ có các quyền sau đây:
a) Yêu cầu Trường cấp bản sao, chứng thực văn bằng, chứng chỉ khi có nhu cầu.
b) Yêu cầu Trường cấp văn bằng, chứng chỉ đúng thời hạn quy định tại Điều 14; ghi
chính xác, đầy đủ các thông tin trên văn bằng, chứng chỉ; chỉnh sửa các nội dung ghi trên văn
bằng, chứng chỉ theo quy định tại Quy chế này.
c) Yêu cầu Trường cung cấp thông tin trong sổ gốc cấp văn bằng, chứng chỉ và thông
tin trong hồ sơ tốt nghiệp để có căn cứ đề nghị chỉnh sửa văn bằng, chứng chỉ.
2. Người được cấp văn bằng, chứng chỉ có các nghĩa vụ sau đây:
a) Cung cấp chính xác, đầy đủ các thông tin cần thiết để ghi trong nội dung văn bằng,
chứng chỉ.
b) Kiểm tra tính chính xác các thông tin ghi trên văn bằng, chứng chỉ trước khi ký nhận
văn bằng, chứng chỉ.
c) Phải có giấy ủy quyền theo quy định của pháp luật khi không trực tiếp đến nhận văn
bằng, chứng chỉ.
d) Giữ gìn, bảo quản văn bằng, chứng chỉ; không được tẩy xóa, chỉnh sửa các nội dung
trên văn bằng, chứng chỉ; không được cho người khác sử dụng văn bằng, chứng chỉ.
đ) Sử dụng Quyết định chỉnh sửa văn bằng, chứng chỉ kèm theo văn bằng, chứng chỉ
sau khi được chỉnh sửa văn bằng, chứng chỉ.
e) Trình báo cho Trường và cơ quan công an nơi gần nhất khi bị mất bản chính văn
bằng, chứng chỉ.
g) Nộp lại văn bằng, chứng chỉ cho Trường trong thời hạn 30 ngày, kể từ ngày nhận
được Quyết định thu hồi văn bằng, chứng chỉ."
172/QD/DHCNTT,khoan,Khoản 1,,1/4/1,4001.0,"Người được cấp văn bằng, chứng chỉ có các quyền sau đây:
a) Yêu cầu Trường cấp bản sao, chứng thực văn bằng, chứng chỉ khi có nhu cầu.
b) Yêu cầu Trường cấp văn bằng, chứng chỉ đúng thời hạn quy định tại Điều 14; ghi
chính xác, đầy đủ các thông tin trên văn bằng, chứng chỉ; chỉnh sửa các nội dung ghi trên văn
bằng, chứng chỉ theo quy định tại Quy chế này.
c) Yêu cầu Trường cung cấp thông tin trong sổ gốc cấp văn bằng, chứng chỉ và thông
tin trong hồ sơ tốt nghiệp để có căn cứ đề nghị chỉnh sửa văn bằng, chứng chỉ."
172/QD/DHCNTT,diem,Điểm a),,1/4/1/a,4001.01,"Yêu cầu Trường cấp bản sao, chứng thực văn bằng, chứng chỉ khi có nhu cầu."
172/QD/DHCNTT,diem,Điểm b),,1/4/1/b,4001.02,"Yêu cầu Trường cấp văn bằng, chứng chỉ đúng thời hạn quy định tại Điều 14; ghi
chính xác, đầy đủ các thông tin trên văn bằng, chứng chỉ; chỉnh sửa các nội dung ghi trên văn
bằng, chứng chỉ theo quy định tại Quy chế này."
172/QD/DHCNTT,diem,Điểm c),,1/4/1/c,4001.03,"Yêu cầu Trường cung cấp thông tin trong sổ gốc cấp văn bằng, chứng chỉ và thông
tin trong hồ sơ tốt nghiệp để có căn cứ đề nghị chỉnh sửa văn bằng, chứng chỉ."
172/QD/DHCNTT,khoan,Khoản 2,,1/4/2,4002.0,"Người được cấp văn bằng, chứng chỉ có các nghĩa vụ sau đây:
a) Cung cấp chính xác, đầy đủ các thông tin cần thiết để ghi trong nội dung văn bằng,
chứng chỉ.
b) Kiểm tra tính chính xác các thông tin ghi trên văn bằng, chứng chỉ trước khi ký nhận
văn bằng, chứng chỉ.
c) Phải có giấy ủy quyền theo quy định của pháp luật khi không trực tiếp đến nhận văn
bằng, chứng chỉ.
d) Giữ gìn, bảo quản văn bằng, chứng chỉ; không được tẩy xóa, chỉnh sửa các nội dung
trên văn bằng, chứng chỉ; không được cho người khác sử dụng văn bằng, chứng chỉ.
đ) Sử dụng Quyết định chỉnh sửa văn bằng, chứng chỉ kèm theo văn bằng, chứng chỉ
sau khi được chỉnh sửa văn bằng, chứng chỉ.
e) Trình báo cho Trường và cơ quan công an nơi gần nhất khi bị mất bản chính văn
bằng, chứng chỉ.
g) Nộp lại văn bằng, chứng chỉ cho Trường trong thời hạn 30 ngày, kể từ ngày nhận
được Quyết định thu hồi văn bằng, chứng chỉ."
172/QD/DHCNTT,diem,Điểm a),,1/4/2/a,4002.01,"Cung cấp chính xác, đầy đủ các thông tin cần thiết để ghi trong nội dung văn bằng,
chứng chỉ."
172/QD/DHCNTT,diem,Điểm b),,1/4/2/b,4002.02,"Kiểm tra tính chính xác các thông tin ghi trên văn bằng, chứng chỉ trước khi ký nhận
văn bằng, chứng chỉ."
172/QD/DHCNTT,diem,Điểm c),,1/4/2/c,4002.03,"Phải có giấy ủy quyền theo quy định của pháp luật khi không trực tiếp đến nhận văn
bằng, chứng chỉ."
172/QD/DHCNTT,diem,Điểm d),,1/4/2/d,4002.04,"Giữ gìn, bảo quản văn bằng, chứng chỉ; không được tẩy xóa, chỉnh sửa các nội dung
trên văn bằng, chứng chỉ; không được cho người khác sử dụng văn bằng, chứng chỉ.
đ) Sử dụng Quyết định chỉnh sửa văn bằng, chứng chỉ kèm theo văn bằng, chứng chỉ
sau khi được chỉnh sửa văn bằng, chứng chỉ."
172/QD/DHCNTT,diem,Điểm e),,1/4/2/e,4002.05,"Trình báo cho Trường và cơ quan công an nơi gần nhất khi bị mất bản chính văn
bằng, chứng chỉ."
172/QD/DHCNTT,diem,Điểm g),,1/4/2/g,4002.06,"Nộp lại văn bằng, chứng chỉ cho Trường trong thời hạn 30 ngày, kể từ ngày nhận
được Quyết định thu hồi văn bằng, chứng chỉ."
172/QD/DHCNTT,dieu,Điều 5,"Công bố thông tin về cấp văn bằng, chứng chỉ trên trang thông tin điện tử",1/5,1005.0,"1. Việc công bố thông tin về cấp văn bằng, chứng chỉ trên trang thông tin điện tử nhằm
công khai, minh bạch hoạt động đào tạo và cấp văn bằng, chứng chỉ của Trường; giúp cho
4
các cơ quan, tổ chức, cá nhân kiểm tra, giám sát hoạt động cấp văn bằng, chứng chỉ một cách
thuận lợi; hạn chế tình trạng gian lận và tiêu cực trong việc cấp văn bằng, chứng chỉ.
2. PĐTĐH, PĐTSĐH-KHCN phối hợp với Phòng Dữ liệu và Công nghệ Thông tin có
trách nhiệm công bố công khai thông tin về cấp văn bằng, chứng chỉ trên trang thông tin điện
tử của Trường chậm nhất sau 30 ngày kể từ ngày cấp văn bằng, chứng chỉ.
3. Thông tin về cấp văn bằng, chứng chỉ được công bố công khai phải đảm bảo chính
xác và đầy đủ các nội dung như sổ gốc văn bằng, chứng chỉ quy định tại Quy chế này; phải
được cập nhật và lưu trữ thường xuyên trên trang thông tin điện tử của Trường; đảm bảo dễ
quản lý, truy cập, tìm kiếm.
4. Trường hợp văn bằng, chứng chỉ được chỉnh sửa, thu hồi, hủy bỏ thì cũng phải được
công bố công khai trên trang thông tin điện tử của Trường.
Việc công bố công khai thông tin về cấp, chỉnh sửa, thu hồi, hủy bỏ văn bằng, chứng
chỉ trên trang thông tin điện tử được thực hiện cả đối với các văn bằng, chứng chỉ đã được
cấp trước ngày Quy chế này có hiệu lực thi hành."
172/QD/DHCNTT,khoan,Khoản 1,,1/5/1,5001.0,"Việc công bố thông tin về cấp văn bằng, chứng chỉ trên trang thông tin điện tử nhằm
công khai, minh bạch hoạt động đào tạo và cấp văn bằng, chứng chỉ của Trường; giúp cho
4
các cơ quan, tổ chức, cá nhân kiểm tra, giám sát hoạt động cấp văn bằng, chứng chỉ một cách
thuận lợi; hạn chế tình trạng gian lận và tiêu cực trong việc cấp văn bằng, chứng chỉ."
172/QD/DHCNTT,khoan,Khoản 2,,1/5/2,5002.0,"PĐTĐH, PĐTSĐH-KHCN phối hợp với Phòng Dữ liệu và Công nghệ Thông tin có
trách nhiệm công bố công khai thông tin về cấp văn bằng, chứng chỉ trên trang thông tin điện
tử của Trường chậm nhất sau 30 ngày kể từ ngày cấp văn bằng, chứng chỉ."
172/QD/DHCNTT,khoan,Khoản 3,,1/5/3,5003.0,"Thông tin về cấp văn bằng, chứng chỉ được công bố công khai phải đảm bảo chính
xác và đầy đủ các nội dung như sổ gốc văn bằng, chứng chỉ quy định tại Quy chế này; phải
được cập nhật và lưu trữ thường xuyên trên trang thông tin điện tử của Trường; đảm bảo dễ
quản lý, truy cập, tìm kiếm."
172/QD/DHCNTT,khoan,Khoản 4,,1/5/4,5004.0,"Trường hợp văn bằng, chứng chỉ được chỉnh sửa, thu hồi, hủy bỏ thì cũng phải được
công bố công khai trên trang thông tin điện tử của Trường.
Việc công bố công khai thông tin về cấp, chỉnh sửa, thu hồi, hủy bỏ văn bằng, chứng
chỉ trên trang thông tin điện tử được thực hiện cả đối với các văn bằng, chứng chỉ đã được
cấp trước ngày Quy chế này có hiệu lực thi hành."
172/QD/DHCNTT,chuong,Chương 2,,2,2.0,
172/QD/DHCNTT,dieu,Điều 6,"Quy định chung về nội dung văn bằng, chứng chỉ",2/6,2006.0,"Nội dung chung của các văn bằng, chứng chỉ gồm:
1. Tiêu đề:
CỘNG HOÀ XÃ HỘI CHỦ NGHĨA VIỆT NAM
Độc lập - Tự do - Hạnh phúc
2. Tên của Trường.
3. Tên văn bằng, chứng chỉ được quy định như sau:
a) Văn bằng:
- Bằng đại học;
Bằng tốt nghiệp đại học ngành kỹ thuật được gọi là bằng kỹ sư; của các ngành khoa học
cơ bản được gọi là bằng cử nhân;
- Bằng thạc sĩ;
- Bằng tiến sĩ.
b) Chứng chỉ:
- Chứng chỉ thực hành: chứng chỉ ngoại ngữ; chứng chỉ ứng dụng công nghệ thông tin.
- Chứng chỉ các môn học, bồi dưỡng; chứng chỉ kỹ thuật viên và các loại chứng chỉ
khác có giá trị tương ứng được Giám đốc ĐHQG-HCM giao nhiệm vụ đào tạo.
4. Ngành đào tạo (đối với văn bằng), chương trình đào tạo, bồi dưỡng nếu có (đối với
chứng chỉ).
5. Họ, chữ đệm, tên; ngày tháng năm sinh của người được cấp văn bằng, chứng chỉ.
6. Hạng tốt nghiệp/xếp loại tốt nghiệp.
7. Số hiệu và số vào sổ gốc cấp văn bằng, chứng chỉ.
5
8. Địa danh: Thành phố Hồ Chí Minh; ngày tháng năm cấp văn bằng, chứng chỉ.
9. Chức danh, chữ ký, họ, chữ đệm, tên của người có thẩm quyền cấp văn bằng, chứng
chỉ và đóng dấu theo quy định.
10. Biểu tượng, hoa văn:
a) Đối với văn bằng: Biểu tượng là biểu tượng của ĐHQG-HCM, của Trường; hoa văn
in trên văn bằng là biểu tượng của ĐHQG-HCM.
b) Đối với chứng chỉ do ĐHQG-HCM in phôi: Biểu tượng là biểu tượng của ĐHQG-
HCM; hoa văn in trên chứng chỉ là biểu tượng của ĐHQG-HCM.
c) Đối với chứng chỉ do Trường in phôi: Biểu tượng là biểu tượng của Trường; hoa văn
in trên văn bằng là biểu tượng của Trường."
172/QD/DHCNTT,khoan,Khoản 1,,2/6/1,6001.0,"Tiêu đề:
CỘNG HOÀ XÃ HỘI CHỦ NGHĨA VIỆT NAM
Độc lập - Tự do - Hạnh phúc"
172/QD/DHCNTT,khoan,Khoản 10,,2/6/10,6010.0,"Biểu tượng, hoa văn:
a) Đối với văn bằng: Biểu tượng là biểu tượng của ĐHQG-HCM, của Trường; hoa văn
in trên văn bằng là biểu tượng của ĐHQG-HCM.
b) Đối với chứng chỉ do ĐHQG-HCM in phôi: Biểu tượng là biểu tượng của ĐHQG-
HCM; hoa văn in trên chứng chỉ là biểu tượng của ĐHQG-HCM.
c) Đối với chứng chỉ do Trường in phôi: Biểu tượng là biểu tượng của Trường; hoa văn
in trên văn bằng là biểu tượng của Trường."
172/QD/DHCNTT,diem,Điểm a),,2/6/10/a,6010.01,"Đối với văn bằng: Biểu tượng là biểu tượng của ĐHQG-HCM, của Trường; hoa văn
in trên văn bằng là biểu tượng của ĐHQG-HCM."
172/QD/DHCNTT,diem,Điểm b),,2/6/10/b,6010.02,"Đối với chứng chỉ do ĐHQG-HCM in phôi: Biểu tượng là biểu tượng của ĐHQG-
HCM; hoa văn in trên chứng chỉ là biểu tượng của ĐHQG-HCM."
172/QD/DHCNTT,diem,Điểm c),,2/6/10/c,6010.03,"Đối với chứng chỉ do Trường in phôi: Biểu tượng là biểu tượng của Trường; hoa văn
in trên văn bằng là biểu tượng của Trường."
172/QD/DHCNTT,khoan,Khoản 2,,2/6/2,6002.0,Tên của Trường.
172/QD/DHCNTT,khoan,Khoản 3,,2/6/3,6003.0,"Tên văn bằng, chứng chỉ được quy định như sau:
a) Văn bằng:
- Bằng đại học;
Bằng tốt nghiệp đại học ngành kỹ thuật được gọi là bằng kỹ sư; của các ngành khoa học
cơ bản được gọi là bằng cử nhân;
- Bằng thạc sĩ;
- Bằng tiến sĩ.
b) Chứng chỉ:
- Chứng chỉ thực hành: chứng chỉ ngoại ngữ; chứng chỉ ứng dụng công nghệ thông tin.
- Chứng chỉ các môn học, bồi dưỡng; chứng chỉ kỹ thuật viên và các loại chứng chỉ
khác có giá trị tương ứng được Giám đốc ĐHQG-HCM giao nhiệm vụ đào tạo."
172/QD/DHCNTT,diem,Điểm a),,2/6/3/a,6003.01,"Văn bằng:
- Bằng đại học;
Bằng tốt nghiệp đại học ngành kỹ thuật được gọi là bằng kỹ sư; của các ngành khoa học
cơ bản được gọi là bằng cử nhân;
- Bằng thạc sĩ;
- Bằng tiến sĩ."
172/QD/DHCNTT,diem,Điểm b),,2/6/3/b,6003.02,"Chứng chỉ:
- Chứng chỉ thực hành: chứng chỉ ngoại ngữ; chứng chỉ ứng dụng công nghệ thông tin.
- Chứng chỉ các môn học, bồi dưỡng; chứng chỉ kỹ thuật viên và các loại chứng chỉ
khác có giá trị tương ứng được Giám đốc ĐHQG-HCM giao nhiệm vụ đào tạo."
172/QD/DHCNTT,khoan,Khoản 4,,2/6/4,6004.0,"Ngành đào tạo (đối với văn bằng), chương trình đào tạo, bồi dưỡng nếu có (đối với
chứng chỉ)."
172/QD/DHCNTT,khoan,Khoản 5,,2/6/5,6005.0,"Họ, chữ đệm, tên; ngày tháng năm sinh của người được cấp văn bằng, chứng chỉ."
172/QD/DHCNTT,khoan,Khoản 6,,2/6/6,6006.0,Hạng tốt nghiệp/xếp loại tốt nghiệp.
172/QD/DHCNTT,khoan,Khoản 7,,2/6/7,6007.0,"Số hiệu và số vào sổ gốc cấp văn bằng, chứng chỉ.
5"
172/QD/DHCNTT,khoan,Khoản 8,,2/6/8,6008.0,"Địa danh: Thành phố Hồ Chí Minh; ngày tháng năm cấp văn bằng, chứng chỉ."
172/QD/DHCNTT,khoan,Khoản 9,,2/6/9,6009.0,"Chức danh, chữ ký, họ, chữ đệm, tên của người có thẩm quyền cấp văn bằng, chứng
chỉ và đóng dấu theo quy định."
172/QD/DHCNTT,dieu,Điều 7,Các nội dung khác ghi trên chứng chỉ,2/7,2007.0,"Ngoài các nội dung quy định tại Điều 6 của Quy chế này, Trường có thể bổ sung các
nội dung khác trên chứng chỉ phù hợp với quyền tự chủ về in phôi chứng chỉ."
172/QD/DHCNTT,khoan,Khoản 1,,2/7/1,7001.0,"Ngoài các nội dung quy định tại Điều 6 của Quy chế này, Trường có thể bổ sung các
nội dung khác trên chứng chỉ phù hợp với quyền tự chủ về in phôi chứng chỉ."
172/QD/DHCNTT,dieu,Điều 8,"Ngôn ngữ ghi trên văn bằng, chứng chỉ",2/8,2008.0,"Ngôn ngữ chính ghi trên văn bằng, chứng chỉ là tiếng Việt. Đối với các văn bằng, chứng
chỉ có ghi thêm tiếng nước ngoài, thì tiếng nước ngoài phải được ghi chính xác và phù hợp
với nội dung tiếng Việt, kích cỡ chữ nước ngoài không lớn hơn kích cỡ chữ tiếng Việt."
172/QD/DHCNTT,khoan,Khoản 1,,2/8/1,8001.0,"Ngôn ngữ chính ghi trên văn bằng, chứng chỉ là tiếng Việt. Đối với các văn bằng, chứng
chỉ có ghi thêm tiếng nước ngoài, thì tiếng nước ngoài phải được ghi chính xác và phù hợp
với nội dung tiếng Việt, kích cỡ chữ nước ngoài không lớn hơn kích cỡ chữ tiếng Việt."
172/QD/DHCNTT,dieu,Điều 9,"Mẫu văn bằng, chứng chỉ",2/9,2009.0,"1. Mẫu từng loại văn bằng, chứng chỉ theo đúng mẫu văn bằng, chứng chỉ tương ứng
với các trình độ đào tạo do ĐHQG-HCM, Bộ GD&ĐT ban hành.
2. Đối với chứng chỉ được tự in phôi, Hiệu trưởng ký quyết định ban hành mẫu chứng
chỉ theo đề nghị của Trưởng phòng PĐTĐH.
6"
172/QD/DHCNTT,khoan,Khoản 1,,2/9/1,9001.0,"Mẫu từng loại văn bằng, chứng chỉ theo đúng mẫu văn bằng, chứng chỉ tương ứng
với các trình độ đào tạo do ĐHQG-HCM, Bộ GD&ĐT ban hành."
172/QD/DHCNTT,khoan,Khoản 2,,2/9/2,9002.0,"Đối với chứng chỉ được tự in phôi, Hiệu trưởng ký quyết định ban hành mẫu chứng
chỉ theo đề nghị của Trưởng phòng PĐTĐH.
6"
172/QD/DHCNTT,chuong,Chương 3,,3,3.0,
172/QD/DHCNTT,dieu,Điều 10,"Trách nhiệm in, quản lý phôi văn bằng, chứng chỉ",3/10,3010.0,"1. Trường ĐHCNTT thống nhất sử dụng phôi văn bằng do ĐHQG-HCM in và phát
hành. Đối với chứng chỉ thực hành Trường và các đơn vị trực thuộc có thể dùng phôi do
ĐHQG-HCM hoặc Bộ GD&ĐT in và phát hành. PĐTĐH và PĐTSĐH-KHCN chuẩn bị hồ
sơ và thực hiện thủ tục đề nghị ĐHQG-HCM hoặc Bộ GD&ĐT cấp phôi chứng chỉ thực hành
theo đúng quy định.
2. Đối với loại phôi chứng chỉ do Trường phát hành: Hiệu trưởng Trường phê duyệt
mẫu phôi chứng chỉ; gửi mẫu phôi chứng chỉ về Bộ GD&ĐT, ĐHQG-HCM, cơ quan công
an địa phương nơi đóng trụ sở chính để báo cáo; chịu trách nhiệm về nội dung in trên phôi
chứng chỉ và tổ chức in phôi chứng chỉ theo nhu cầu.
3. Việc in phôi chứng chỉ phải đảm bảo chặt chẽ, an toàn, bảo mật và phải được lập sổ
quản lý."
172/QD/DHCNTT,khoan,Khoản 1,,3/10/1,10001.0,"Trường ĐHCNTT thống nhất sử dụng phôi văn bằng do ĐHQG-HCM in và phát
hành. Đối với chứng chỉ thực hành Trường và các đơn vị trực thuộc có thể dùng phôi do
ĐHQG-HCM hoặc Bộ GD&ĐT in và phát hành. PĐTĐH và PĐTSĐH-KHCN chuẩn bị hồ
sơ và thực hiện thủ tục đề nghị ĐHQG-HCM hoặc Bộ GD&ĐT cấp phôi chứng chỉ thực hành
theo đúng quy định."
172/QD/DHCNTT,khoan,Khoản 2,,3/10/2,10002.0,"Đối với loại phôi chứng chỉ do Trường phát hành: Hiệu trưởng Trường phê duyệt
mẫu phôi chứng chỉ; gửi mẫu phôi chứng chỉ về Bộ GD&ĐT, ĐHQG-HCM, cơ quan công
an địa phương nơi đóng trụ sở chính để báo cáo; chịu trách nhiệm về nội dung in trên phôi
chứng chỉ và tổ chức in phôi chứng chỉ theo nhu cầu."
172/QD/DHCNTT,khoan,Khoản 3,,3/10/3,10003.0,"Việc in phôi chứng chỉ phải đảm bảo chặt chẽ, an toàn, bảo mật và phải được lập sổ
quản lý."
172/QD/DHCNTT,dieu,Điều 11,"Quy định lập số hiệu, số vào sổ cấp văn bằng, chứng chỉ",3/11,3011.0,"1. Số hiệu ghi trên phôi chứng chỉ được lập liên tục theo thứ tự số tự nhiên từ nhỏ đến
lớn trong toàn bộ quá trình hoạt động của Trường từ khi thực hiện việc tự in phôi chứng chỉ;
đảm bảo phân biệt được số hiệu của từng loại chứng chỉ và xác định được Trường ĐHCNTT.
2. Số vào sổ cấp văn bằng, chứng chỉ được lập liên tục theo thứ tự số tự nhiên từ nhỏ
đến lớn theo từng năm từ ngày 01/01 đến hết ngày 31/12; đảm bảo phân biệt được số vào sổ
gốc của từng loại văn bằng, chứng chỉ, năm cấp và Trường ĐHCNTT (quy định chi tiết tại
Phụ lục 1 kèm theo Quy chế này).
7"
172/QD/DHCNTT,khoan,Khoản 1,,3/11/1,11001.0,"Số hiệu ghi trên phôi chứng chỉ được lập liên tục theo thứ tự số tự nhiên từ nhỏ đến
lớn trong toàn bộ quá trình hoạt động của Trường từ khi thực hiện việc tự in phôi chứng chỉ;
đảm bảo phân biệt được số hiệu của từng loại chứng chỉ và xác định được Trường ĐHCNTT."
172/QD/DHCNTT,khoan,Khoản 2,,3/11/2,11002.0,"Số vào sổ cấp văn bằng, chứng chỉ được lập liên tục theo thứ tự số tự nhiên từ nhỏ
đến lớn theo từng năm từ ngày 01/01 đến hết ngày 31/12; đảm bảo phân biệt được số vào sổ
gốc của từng loại văn bằng, chứng chỉ, năm cấp và Trường ĐHCNTT (quy định chi tiết tại
Phụ lục 1 kèm theo Quy chế này).
7"
172/QD/DHCNTT,chuong,Chương 4,,4,4.0,
172/QD/DHCNTT,dieu,Điều 12,"Thẩm quyền cấp văn bằng, chứng chỉ",4/12,4012.0,"1. Thẩm quyền cấp văn bằng: Bằng tốt nghiệp đại học, bằng thạc sĩ, bằng tiến sĩ do
Hiệu trưởng Trường cấp.
2. Thẩm quyền cấp chứng chỉ: Hiệu trưởng Trường cấp hoặc ủy quyền cho thủ trưởng
đơn vị trực thuộc cấp theo quy định."
172/QD/DHCNTT,khoan,Khoản 1,,4/12/1,12001.0,"Thẩm quyền cấp văn bằng: Bằng tốt nghiệp đại học, bằng thạc sĩ, bằng tiến sĩ do
Hiệu trưởng Trường cấp."
172/QD/DHCNTT,khoan,Khoản 2,,4/12/2,12002.0,"Thẩm quyền cấp chứng chỉ: Hiệu trưởng Trường cấp hoặc ủy quyền cho thủ trưởng
đơn vị trực thuộc cấp theo quy định."
172/QD/DHCNTT,dieu,Điều 13,"Điều kiện cấp văn bằng, chứng chỉ",4/13,4013.0,"Người học được cấp văn bằng, chứng chỉ khi đảm bảo các điều kiện sau:
1. Văn bằng được cấp sau khi người học hoàn thành chương trình giáo dục, chương
trình đào tạo theo cấp học, trình độ đào tạo và đạt các điều kiện khác theo quy định của quy
chế đào tạo đại học, thạc sĩ, tiến sĩ.
2. Chứng chỉ:
a) Được cấp sau khi người học hoàn thành chương trình đào tạo hoặc bồi dưỡng nâng
cao trình độ học vấn, nghề nghiệp theo chương trình do Bộ GD&ĐT quy định hoặc ban hành.
b) Được cấp cho cá nhân có nhu cầu được đánh giá năng lực sử dụng CNTT hoặc có
nhu cầu được cấp chứng chỉ ứng dụng CNTT theo quy định của Bộ GD&ĐT.
3. Không đang trong thời gian bị truy cứu trách nhiệm hình sự."
172/QD/DHCNTT,khoan,Khoản 1,,4/13/1,13001.0,"Văn bằng được cấp sau khi người học hoàn thành chương trình giáo dục, chương
trình đào tạo theo cấp học, trình độ đào tạo và đạt các điều kiện khác theo quy định của quy
chế đào tạo đại học, thạc sĩ, tiến sĩ."
172/QD/DHCNTT,khoan,Khoản 2,,4/13/2,13002.0,"Chứng chỉ:
a) Được cấp sau khi người học hoàn thành chương trình đào tạo hoặc bồi dưỡng nâng
cao trình độ học vấn, nghề nghiệp theo chương trình do Bộ GD&ĐT quy định hoặc ban hành.
b) Được cấp cho cá nhân có nhu cầu được đánh giá năng lực sử dụng CNTT hoặc có
nhu cầu được cấp chứng chỉ ứng dụng CNTT theo quy định của Bộ GD&ĐT."
172/QD/DHCNTT,diem,Điểm a),,4/13/2/a,13002.01,"Được cấp sau khi người học hoàn thành chương trình đào tạo hoặc bồi dưỡng nâng
cao trình độ học vấn, nghề nghiệp theo chương trình do Bộ GD&ĐT quy định hoặc ban hành."
172/QD/DHCNTT,diem,Điểm b),,4/13/2/b,13002.02,"Được cấp cho cá nhân có nhu cầu được đánh giá năng lực sử dụng CNTT hoặc có
nhu cầu được cấp chứng chỉ ứng dụng CNTT theo quy định của Bộ GD&ĐT."
172/QD/DHCNTT,khoan,Khoản 3,,4/13/3,13003.0,Không đang trong thời gian bị truy cứu trách nhiệm hình sự.
172/QD/DHCNTT,dieu,Điều 14,"Thời hạn cấp văn bằng, chứng chỉ",4/14,4014.0,"1. Hiệu trưởng Trường ĐHCNTT có trách nhiệm cấp văn bằng cho người học trong
thời hạn:
a) 30 ngày kể từ ngày có quyết định công nhận tốt nghiệp đại học.
b) 30 ngày kể từ ngày có quyết định công nhận tốt nghiệp và cấp bằng thạc sĩ.
c) 30 ngày kể từ ngày có quyết định công nhận học vị tiến sĩ và cấp bằng tiến sĩ.
2. Hiệu trưởng hoặc thủ trưởng đơn vị trực thuộc được ủy quyền có trách nhiệm cấp
chứng chỉ cho người học chậm nhất là 30 ngày kể từ ngày kết thúc khóa đào tạo, bồi dưỡng
nâng cao trình độ học vấn, nghề nghiệp.
3. Trong thời gian chờ cấp văn bằng, người học đã tốt nghiệp được Hiệu trưởng Trường
ĐHCNTT cấp giấy chứng nhận tốt nghiệp tạm thời (theo mẫu Phụ lục 7, 8 kèm theo Quy chế
này)."
172/QD/DHCNTT,khoan,Khoản 1,,4/14/1,14001.0,"Hiệu trưởng Trường ĐHCNTT có trách nhiệm cấp văn bằng cho người học trong
thời hạn:
a) 30 ngày kể từ ngày có quyết định công nhận tốt nghiệp đại học.
b) 30 ngày kể từ ngày có quyết định công nhận tốt nghiệp và cấp bằng thạc sĩ.
c) 30 ngày kể từ ngày có quyết định công nhận học vị tiến sĩ và cấp bằng tiến sĩ."
172/QD/DHCNTT,diem,Điểm a),,4/14/1/a,14001.01,30 ngày kể từ ngày có quyết định công nhận tốt nghiệp đại học.
172/QD/DHCNTT,diem,Điểm b),,4/14/1/b,14001.02,30 ngày kể từ ngày có quyết định công nhận tốt nghiệp và cấp bằng thạc sĩ.
172/QD/DHCNTT,diem,Điểm c),,4/14/1/c,14001.03,30 ngày kể từ ngày có quyết định công nhận học vị tiến sĩ và cấp bằng tiến sĩ.
172/QD/DHCNTT,khoan,Khoản 2,,4/14/2,14002.0,"Hiệu trưởng hoặc thủ trưởng đơn vị trực thuộc được ủy quyền có trách nhiệm cấp
chứng chỉ cho người học chậm nhất là 30 ngày kể từ ngày kết thúc khóa đào tạo, bồi dưỡng
nâng cao trình độ học vấn, nghề nghiệp."
172/QD/DHCNTT,khoan,Khoản 3,,4/14/3,14003.0,"Trong thời gian chờ cấp văn bằng, người học đã tốt nghiệp được Hiệu trưởng Trường
ĐHCNTT cấp giấy chứng nhận tốt nghiệp tạm thời (theo mẫu Phụ lục 7, 8 kèm theo Quy chế
này)."
172/QD/DHCNTT,dieu,Điều 15,"Cấp lại văn bằng, chứng chỉ",4/15,4015.0,"1. Trường hợp văn bằng, chứng chỉ đã cấp nhưng phát hiện bị in sai do lỗi của Trường
thì Trường có trách nhiệm cấp lại bản chính văn bằng, chứng chỉ.
2. Hiệu trưởng hoặc thủ trưởng đơn vị được ủy quyền cấp chứng chỉ có thẩm quyền cấp
lại văn bằng, chứng chỉ.
3. Thủ tục cấp lại văn bằng, chứng chỉ như sau:
8
a) Người có yêu cầu cấp lại văn bằng, chứng chỉ gửi trực tiếp hoặc qua đường bưu điện
cho cơ quan có thẩm quyền cấp lại văn bằng, chứng chỉ một bộ hồ sơ gồm: đơn đề nghị cấp
lại văn bằng, chứng chỉ; văn bằng, chứng chỉ đề nghị cấp lại; giấy tờ chứng minh cơ quan có
thẩm quyền cấp văn bằng, chứng chỉ in sai văn bằng, chứng chỉ.
b) Trong thời hạn 05 (năm) ngày làm việc kể từ ngày nhận đủ hồ sơ hợp lệ, cơ quan có
thẩm quyền cấp lại văn bằng, chứng chỉ xem xét quyết định việc cấp lại văn bằng, chứng chỉ;
nếu không cấp lại thì phải trả lời bằng văn bản và nêu rõ lý do.
c) Trường hợp mẫu văn bằng, chứng chỉ tại thời điểm cấp lại văn bằng, chứng chỉ đã
thay đổi, cơ quan có thẩm quyền cấp văn bằng, chứng chỉ sử dụng mẫu văn bằng, chứng chỉ
hiện hành để cấp cho người được cấp lại văn bằng, chứng chỉ."
172/QD/DHCNTT,khoan,Khoản 1,,4/15/1,15001.0,"Trường hợp văn bằng, chứng chỉ đã cấp nhưng phát hiện bị in sai do lỗi của Trường
thì Trường có trách nhiệm cấp lại bản chính văn bằng, chứng chỉ."
172/QD/DHCNTT,khoan,Khoản 2,,4/15/2,15002.0,"Hiệu trưởng hoặc thủ trưởng đơn vị được ủy quyền cấp chứng chỉ có thẩm quyền cấp
lại văn bằng, chứng chỉ."
172/QD/DHCNTT,khoan,Khoản 3,,4/15/3,15003.0,"Thủ tục cấp lại văn bằng, chứng chỉ như sau:
8
a) Người có yêu cầu cấp lại văn bằng, chứng chỉ gửi trực tiếp hoặc qua đường bưu điện
cho cơ quan có thẩm quyền cấp lại văn bằng, chứng chỉ một bộ hồ sơ gồm: đơn đề nghị cấp
lại văn bằng, chứng chỉ; văn bằng, chứng chỉ đề nghị cấp lại; giấy tờ chứng minh cơ quan có
thẩm quyền cấp văn bằng, chứng chỉ in sai văn bằng, chứng chỉ.
b) Trong thời hạn 05 (năm) ngày làm việc kể từ ngày nhận đủ hồ sơ hợp lệ, cơ quan có
thẩm quyền cấp lại văn bằng, chứng chỉ xem xét quyết định việc cấp lại văn bằng, chứng chỉ;
nếu không cấp lại thì phải trả lời bằng văn bản và nêu rõ lý do.
c) Trường hợp mẫu văn bằng, chứng chỉ tại thời điểm cấp lại văn bằng, chứng chỉ đã
thay đổi, cơ quan có thẩm quyền cấp văn bằng, chứng chỉ sử dụng mẫu văn bằng, chứng chỉ
hiện hành để cấp cho người được cấp lại văn bằng, chứng chỉ."
172/QD/DHCNTT,diem,Điểm a),,4/15/3/a,15003.01,"Người có yêu cầu cấp lại văn bằng, chứng chỉ gửi trực tiếp hoặc qua đường bưu điện
cho cơ quan có thẩm quyền cấp lại văn bằng, chứng chỉ một bộ hồ sơ gồm: đơn đề nghị cấp
lại văn bằng, chứng chỉ; văn bằng, chứng chỉ đề nghị cấp lại; giấy tờ chứng minh cơ quan có
thẩm quyền cấp văn bằng, chứng chỉ in sai văn bằng, chứng chỉ."
172/QD/DHCNTT,diem,Điểm b),,4/15/3/b,15003.02,"Trong thời hạn 05 (năm) ngày làm việc kể từ ngày nhận đủ hồ sơ hợp lệ, cơ quan có
thẩm quyền cấp lại văn bằng, chứng chỉ xem xét quyết định việc cấp lại văn bằng, chứng chỉ;
nếu không cấp lại thì phải trả lời bằng văn bản và nêu rõ lý do."
172/QD/DHCNTT,diem,Điểm c),,4/15/3/c,15003.03,"Trường hợp mẫu văn bằng, chứng chỉ tại thời điểm cấp lại văn bằng, chứng chỉ đã
thay đổi, cơ quan có thẩm quyền cấp văn bằng, chứng chỉ sử dụng mẫu văn bằng, chứng chỉ
hiện hành để cấp cho người được cấp lại văn bằng, chứng chỉ."
172/QD/DHCNTT,dieu,Điều 16,"Sổ gốc văn bằng, chứng chỉ",4/16,4016.0,"1. Sổ gốc cấp văn bằng, chứng chỉ là tài liệu do Trường ĐHCNTT lập ra khi thực hiện
việc cấp bản chính văn bằng, chứng chỉ trong đó có ghi chép đầy đủ những nội dung tiếng
Việt như bản chính đã cấp.
2. Sổ gốc cấp văn bằng, chứng chỉ phải được ghi chép chính xác, đánh số trang, đóng
dấu giáp lai, không được tẩy xóa, đảm bảo quản lý chặt chẽ và lưu trữ vĩnh viễn.
3. Mẫu sổ gốc văn bằng, chứng chỉ được quy định tại Phụ lục 9, 10, 11, 14 kèm theo
Quy chế này."
172/QD/DHCNTT,khoan,Khoản 1,,4/16/1,16001.0,"Sổ gốc cấp văn bằng, chứng chỉ là tài liệu do Trường ĐHCNTT lập ra khi thực hiện
việc cấp bản chính văn bằng, chứng chỉ trong đó có ghi chép đầy đủ những nội dung tiếng
Việt như bản chính đã cấp."
172/QD/DHCNTT,khoan,Khoản 2,,4/16/2,16002.0,"Sổ gốc cấp văn bằng, chứng chỉ phải được ghi chép chính xác, đánh số trang, đóng
dấu giáp lai, không được tẩy xóa, đảm bảo quản lý chặt chẽ và lưu trữ vĩnh viễn."
172/QD/DHCNTT,khoan,Khoản 3,,4/16/3,16003.0,"Mẫu sổ gốc văn bằng, chứng chỉ được quy định tại Phụ lục 9, 10, 11, 14 kèm theo
Quy chế này."
172/QD/DHCNTT,dieu,Điều 17,"Ký, đóng dấu văn bằng, chứng chỉ",4/17,4017.0,"1. Hiệu trưởng hoặc thủ trưởng đơn vị được ủy quyền cấp chứng chỉ phải ký theo mẫu
chữ ký đã đăng ký với cơ quan có thẩm quyền và ghi rõ, đủ họ tên, chức danh.
2. Việc ký thay Hiệu trưởng phải theo đúng các quy định về công tác văn thư hiện hành
và có văn bản báo cáo ĐHQG-HCM trước khi ký.
3. Trong trường hợp thật cần thiết, do khối lượng văn bằng, chứng chỉ ký quá nhiều,
không thể ký trực tiếp thì Hiệu trưởng hoặc thủ trưởng đơn vị được ủy quyền cấp chứng chỉ
phải được ĐHQG-HCM cho phép mới được sử dụng dấu chữ ký đóng lên văn bằng, chứng
chỉ.
4. Việc đóng dấu trên chữ ký của Hiệu trưởng hoặc thủ trưởng đơn vị được ủy quyền
cấp chứng chỉ thực hiện theo quy định về công tác văn thư hiện hành."
172/QD/DHCNTT,khoan,Khoản 1,,4/17/1,17001.0,"Hiệu trưởng hoặc thủ trưởng đơn vị được ủy quyền cấp chứng chỉ phải ký theo mẫu
chữ ký đã đăng ký với cơ quan có thẩm quyền và ghi rõ, đủ họ tên, chức danh."
172/QD/DHCNTT,khoan,Khoản 2,,4/17/2,17002.0,"Việc ký thay Hiệu trưởng phải theo đúng các quy định về công tác văn thư hiện hành
và có văn bản báo cáo ĐHQG-HCM trước khi ký."
172/QD/DHCNTT,khoan,Khoản 3,,4/17/3,17003.0,"Trong trường hợp thật cần thiết, do khối lượng văn bằng, chứng chỉ ký quá nhiều,
không thể ký trực tiếp thì Hiệu trưởng hoặc thủ trưởng đơn vị được ủy quyền cấp chứng chỉ
phải được ĐHQG-HCM cho phép mới được sử dụng dấu chữ ký đóng lên văn bằng, chứng
chỉ."
172/QD/DHCNTT,khoan,Khoản 4,,4/17/4,17004.0,"Việc đóng dấu trên chữ ký của Hiệu trưởng hoặc thủ trưởng đơn vị được ủy quyền
cấp chứng chỉ thực hiện theo quy định về công tác văn thư hiện hành."
172/QD/DHCNTT,dieu,Điều 18,"Thẩm quyền quyết định chỉnh sửa nội dung văn bằng, chứng chỉ",4/18,4018.0,"Người có thẩm quyền quyết định chỉnh sửa nội dung văn bằng, chứng chỉ là Hiệu
trưởng hoặc thủ trưởng đơn vị được ủy quyền cấp chứng chỉ. Trường hợp Trường đã sáp
nhập, chia, tách, giải thể hoặc có sự điều chỉnh về thẩm quyền thì người có thẩm quyền quyết
định chỉnh sửa nội dung văn bằng, chứng chỉ là thủ trưởng cơ quan đang quản lý sổ gốc cấp
văn bằng, chứng chỉ."
172/QD/DHCNTT,khoan,Khoản 1,,4/18/1,18001.0,"Người có thẩm quyền quyết định chỉnh sửa nội dung văn bằng, chứng chỉ là Hiệu
trưởng hoặc thủ trưởng đơn vị được ủy quyền cấp chứng chỉ. Trường hợp Trường đã sáp
nhập, chia, tách, giải thể hoặc có sự điều chỉnh về thẩm quyền thì người có thẩm quyền quyết
định chỉnh sửa nội dung văn bằng, chứng chỉ là thủ trưởng cơ quan đang quản lý sổ gốc cấp
văn bằng, chứng chỉ."
172/QD/DHCNTT,dieu,Điều 19,"Các trường hợp chỉnh sửa nội dung văn bằng, chứng chỉ",4/19,4019.0,"Người được cấp văn bằng, chứng chỉ có quyền yêu cầu chỉnh sửa nội dung ghi trên văn
bằng, chứng chỉ trong các trường hợp sau:
9
1. Được cơ quan có thẩm quyền xác nhận thay đổi hoặc cải chính hộ tịch.
2. Được xác định lại dân tộc, xác định lại giới tính.
3. Được bổ sung hộ tịch, điều chỉnh hộ tịch.
4. Được đăng ký khai sinh quá hạn, đăng ký lại việc sinh."
172/QD/DHCNTT,khoan,Khoản 1,,4/19/1,19001.0,Được cơ quan có thẩm quyền xác nhận thay đổi hoặc cải chính hộ tịch.
172/QD/DHCNTT,khoan,Khoản 2,,4/19/2,19002.0,"Được xác định lại dân tộc, xác định lại giới tính."
172/QD/DHCNTT,khoan,Khoản 3,,4/19/3,19003.0,"Được bổ sung hộ tịch, điều chỉnh hộ tịch."
172/QD/DHCNTT,khoan,Khoản 4,,4/19/4,19004.0,"Được đăng ký khai sinh quá hạn, đăng ký lại việc sinh."
172/QD/DHCNTT,dieu,Điều 20,"Hồ sơ, trình tự, thủ tục chỉnh sửa nội dung văn bằng, chứng chỉ",4/20,4020.0,"1. Hồ sơ đề nghị chỉnh sửa văn bằng, chứng chỉ:
a) Đơn đề nghị chỉnh sửa văn bằng, chứng chỉ có chữ ký của người được cấp;
b) Văn bằng, chứng chỉ đề nghị chỉnh sửa;
c) Trích lục hoặc quyết định thay đổi hoặc cải chính hộ tịch, xác định lại dân tộc, xác
định lại giới tính đối với trường hợp chỉnh sửa văn bằng, chứng chỉ do thay đổi hoặc cải chính
hộ tịch, xác định lại dân tộc, xác định lại giới tính;
d) Giấy khai sinh đối với trường hợp chỉnh sửa văn bằng, chứng chỉ do bổ sung hộ
tịch, điều chỉnh hộ tịch, đăng ký lại việc sinh, đăng ký khai sinh quá hạn;
đ) Giấy chứng minh thư nhân dân hoặc căn cước công dân hoặc hộ chiếu hoặc giấy tờ
tùy thân hợp pháp khác có ảnh của người được cấp văn bằng, chứng chỉ. Thông tin ghi trên
các giấy tờ này phải phù hợp với đề nghị chỉnh sửa nội dung văn bằng, chứng chỉ. Các tài
liệu trong hồ sơ đề nghị chỉnh sửa văn bằng, chứng chỉ quy định tại các điểm b, c, d, đ khoản
1 Điều này có thể là bản sao từ sổ gốc hoặc bản sao được chứng thực từ bản chính.
Nếu tài liệu trong hồ sơ đề nghị chỉnh sửa văn bằng, chứng chỉ quy định tại các điểm
b, c, d, đ khoản 1 Điều này là bản sao không có chứng thực thì người đề nghị chỉnh sửa văn
bằng, chứng chỉ phải xuất trình bản chính để người tiếp nhận hồ sơ đối chiếu; người tiếp nhận
hồ sơ phải ký xác nhận và ghi rõ họ tên vào bản sao và chịu trách nhiệm về tính chính xác
của bản sao so với bản chính.
2. Trình tự chỉnh sửa văn bằng, chứng chỉ:
a) Người đề nghị chỉnh sửa văn bằng, chứng chỉ nộp trực tiếp hoặc gửi qua đường bưu
điện cho Trường 01 (một) bộ hồ sơ theo quy định tại khoản 1 Điều này;
b) Trong thời hạn 05 ngày làm việc kể từ ngày nhận hồ sơ hợp lệ, Trường xem xét
quyết định việc chỉnh sửa; nếu không chỉnh sửa thì Trường phải trả lời bằng văn bản và nêu
rõ lý do;
c) Việc chỉnh sửa nội dung văn bằng, chứng chỉ được thực hiện bằng cách ban hành
quyết định chỉnh sửa; không chỉnh sửa trực tiếp trên văn bằng, chứng chỉ. Quyết định chỉnh
sửa phải được lưu trong hồ sơ cấp văn bằng, chứng chỉ.
d) Căn cứ quyết định chỉnh sửa, cơ quan có thẩm quyền cấp văn bằng, chứng chỉ ghi
đầy đủ thông tin về văn bằng, chứng chỉ, các nội dung được chỉnh sửa của văn bằng, chứng
chỉ vào Phụ lục sổ gốc cấp văn bằng, chứng chỉ (theo mẫu phụ lục 16, 17 kèm theo Quy chế
này).
10"
172/QD/DHCNTT,khoan,Khoản 1,,4/20/1,20001.0,"Hồ sơ đề nghị chỉnh sửa văn bằng, chứng chỉ:
a) Đơn đề nghị chỉnh sửa văn bằng, chứng chỉ có chữ ký của người được cấp;
b) Văn bằng, chứng chỉ đề nghị chỉnh sửa;
c) Trích lục hoặc quyết định thay đổi hoặc cải chính hộ tịch, xác định lại dân tộc, xác
định lại giới tính đối với trường hợp chỉnh sửa văn bằng, chứng chỉ do thay đổi hoặc cải chính
hộ tịch, xác định lại dân tộc, xác định lại giới tính;
d) Giấy khai sinh đối với trường hợp chỉnh sửa văn bằng, chứng chỉ do bổ sung hộ
tịch, điều chỉnh hộ tịch, đăng ký lại việc sinh, đăng ký khai sinh quá hạn;
đ) Giấy chứng minh thư nhân dân hoặc căn cước công dân hoặc hộ chiếu hoặc giấy tờ
tùy thân hợp pháp khác có ảnh của người được cấp văn bằng, chứng chỉ. Thông tin ghi trên
các giấy tờ này phải phù hợp với đề nghị chỉnh sửa nội dung văn bằng, chứng chỉ. Các tài
liệu trong hồ sơ đề nghị chỉnh sửa văn bằng, chứng chỉ quy định tại các điểm b, c, d, đ khoản
1 Điều này có thể là bản sao từ sổ gốc hoặc bản sao được chứng thực từ bản chính.
Nếu tài liệu trong hồ sơ đề nghị chỉnh sửa văn bằng, chứng chỉ quy định tại các điểm
b, c, d, đ khoản 1 Điều này là bản sao không có chứng thực thì người đề nghị chỉnh sửa văn
bằng, chứng chỉ phải xuất trình bản chính để người tiếp nhận hồ sơ đối chiếu; người tiếp nhận
hồ sơ phải ký xác nhận và ghi rõ họ tên vào bản sao và chịu trách nhiệm về tính chính xác
của bản sao so với bản chính."
172/QD/DHCNTT,diem,Điểm a),,4/20/1/a,20001.01,"Đơn đề nghị chỉnh sửa văn bằng, chứng chỉ có chữ ký của người được cấp;"
172/QD/DHCNTT,diem,Điểm b),,4/20/1/b,20001.02,"Văn bằng, chứng chỉ đề nghị chỉnh sửa;"
172/QD/DHCNTT,diem,Điểm c),,4/20/1/c,20001.03,"Trích lục hoặc quyết định thay đổi hoặc cải chính hộ tịch, xác định lại dân tộc, xác
định lại giới tính đối với trường hợp chỉnh sửa văn bằng, chứng chỉ do thay đổi hoặc cải chính
hộ tịch, xác định lại dân tộc, xác định lại giới tính;"
172/QD/DHCNTT,diem,Điểm d),,4/20/1/d,20001.04,"Giấy khai sinh đối với trường hợp chỉnh sửa văn bằng, chứng chỉ do bổ sung hộ
tịch, điều chỉnh hộ tịch, đăng ký lại việc sinh, đăng ký khai sinh quá hạn;
đ) Giấy chứng minh thư nhân dân hoặc căn cước công dân hoặc hộ chiếu hoặc giấy tờ
tùy thân hợp pháp khác có ảnh của người được cấp văn bằng, chứng chỉ. Thông tin ghi trên
các giấy tờ này phải phù hợp với đề nghị chỉnh sửa nội dung văn bằng, chứng chỉ. Các tài
liệu trong hồ sơ đề nghị chỉnh sửa văn bằng, chứng chỉ quy định tại các điểm b, c, d, đ khoản
1 Điều này có thể là bản sao từ sổ gốc hoặc bản sao được chứng thực từ bản chính.
Nếu tài liệu trong hồ sơ đề nghị chỉnh sửa văn bằng, chứng chỉ quy định tại các điểm
b, c, d, đ khoản 1 Điều này là bản sao không có chứng thực thì người đề nghị chỉnh sửa văn
bằng, chứng chỉ phải xuất trình bản chính để người tiếp nhận hồ sơ đối chiếu; người tiếp nhận
hồ sơ phải ký xác nhận và ghi rõ họ tên vào bản sao và chịu trách nhiệm về tính chính xác
của bản sao so với bản chính."
172/QD/DHCNTT,khoan,Khoản 2,,4/20/2,20002.0,"Trình tự chỉnh sửa văn bằng, chứng chỉ:
a) Người đề nghị chỉnh sửa văn bằng, chứng chỉ nộp trực tiếp hoặc gửi qua đường bưu
điện cho Trường 01 (một) bộ hồ sơ theo quy định tại khoản 1 Điều này;
b) Trong thời hạn 05 ngày làm việc kể từ ngày nhận hồ sơ hợp lệ, Trường xem xét
quyết định việc chỉnh sửa; nếu không chỉnh sửa thì Trường phải trả lời bằng văn bản và nêu
rõ lý do;
c) Việc chỉnh sửa nội dung văn bằng, chứng chỉ được thực hiện bằng cách ban hành
quyết định chỉnh sửa; không chỉnh sửa trực tiếp trên văn bằng, chứng chỉ. Quyết định chỉnh
sửa phải được lưu trong hồ sơ cấp văn bằng, chứng chỉ.
d) Căn cứ quyết định chỉnh sửa, cơ quan có thẩm quyền cấp văn bằng, chứng chỉ ghi
đầy đủ thông tin về văn bằng, chứng chỉ, các nội dung được chỉnh sửa của văn bằng, chứng
chỉ vào Phụ lục sổ gốc cấp văn bằng, chứng chỉ (theo mẫu phụ lục 16, 17 kèm theo Quy chế
này).
10"
172/QD/DHCNTT,diem,Điểm a),,4/20/2/a,20002.01,"Người đề nghị chỉnh sửa văn bằng, chứng chỉ nộp trực tiếp hoặc gửi qua đường bưu
điện cho Trường 01 (một) bộ hồ sơ theo quy định tại khoản 1 Điều này;"
172/QD/DHCNTT,diem,Điểm b),,4/20/2/b,20002.02,"Trong thời hạn 05 ngày làm việc kể từ ngày nhận hồ sơ hợp lệ, Trường xem xét
quyết định việc chỉnh sửa; nếu không chỉnh sửa thì Trường phải trả lời bằng văn bản và nêu
rõ lý do;"
172/QD/DHCNTT,diem,Điểm c),,4/20/2/c,20002.03,"Việc chỉnh sửa nội dung văn bằng, chứng chỉ được thực hiện bằng cách ban hành
quyết định chỉnh sửa; không chỉnh sửa trực tiếp trên văn bằng, chứng chỉ. Quyết định chỉnh
sửa phải được lưu trong hồ sơ cấp văn bằng, chứng chỉ."
172/QD/DHCNTT,diem,Điểm d),,4/20/2/d,20002.04,"Căn cứ quyết định chỉnh sửa, cơ quan có thẩm quyền cấp văn bằng, chứng chỉ ghi
đầy đủ thông tin về văn bằng, chứng chỉ, các nội dung được chỉnh sửa của văn bằng, chứng
chỉ vào Phụ lục sổ gốc cấp văn bằng, chứng chỉ (theo mẫu phụ lục 16, 17 kèm theo Quy chế
này).
10"
172/QD/DHCNTT,dieu,Điều 21,"Nội dung chính của quyết định chỉnh sửa và áp dụng việc chỉnh sửa văn bằng,",4/21,4021.0,"chứng chỉ
1. Quyết định chỉnh sửa văn bằng, chứng chỉ gồm các nội dung chính sau:
a) Họ, chữ đệm, tên; ngày tháng năm sinh của người có văn bằng, chứng chỉ được
chỉnh sửa;
b) Tên, số hiệu, ngày tháng năm cấp của văn bằng, chứng chỉ được chỉnh sửa;
c) Nội dung chỉnh sửa;
d) Lý do chỉnh sửa;
đ) Hiệu lực và trách nhiệm thi hành quyết định.
2. Việc chỉnh sửa nội dung ghi trên văn bằng, chứng chỉ được áp dụng cả đối với
những văn bằng, chứng chỉ được cấp trước ngày Quy chế này có hiệu lực thi hành."
172/QD/DHCNTT,khoan,Khoản 1,,4/21/1,21001.0,"Quyết định chỉnh sửa văn bằng, chứng chỉ gồm các nội dung chính sau:
a) Họ, chữ đệm, tên; ngày tháng năm sinh của người có văn bằng, chứng chỉ được
chỉnh sửa;
b) Tên, số hiệu, ngày tháng năm cấp của văn bằng, chứng chỉ được chỉnh sửa;
c) Nội dung chỉnh sửa;
d) Lý do chỉnh sửa;
đ) Hiệu lực và trách nhiệm thi hành quyết định."
172/QD/DHCNTT,diem,Điểm a),,4/21/1/a,21001.01,"Họ, chữ đệm, tên; ngày tháng năm sinh của người có văn bằng, chứng chỉ được
chỉnh sửa;"
172/QD/DHCNTT,diem,Điểm b),,4/21/1/b,21001.02,"Tên, số hiệu, ngày tháng năm cấp của văn bằng, chứng chỉ được chỉnh sửa;"
172/QD/DHCNTT,diem,Điểm c),,4/21/1/c,21001.03,Nội dung chỉnh sửa;
172/QD/DHCNTT,diem,Điểm d),,4/21/1/d,21001.04,"Lý do chỉnh sửa;
đ) Hiệu lực và trách nhiệm thi hành quyết định."
172/QD/DHCNTT,khoan,Khoản 2,,4/21/2,21002.0,"Việc chỉnh sửa nội dung ghi trên văn bằng, chứng chỉ được áp dụng cả đối với
những văn bằng, chứng chỉ được cấp trước ngày Quy chế này có hiệu lực thi hành."
172/QD/DHCNTT,dieu,Điều 22,"Thu hồi, hủy bỏ văn bằng, chứng chỉ",4/22,4022.0,"1. Văn bằng, chứng chỉ bị thu hồi trong các trường hợp sau đây:
a) Có hành vi gian lận trong tuyển sinh, học tập, thi cử, bảo vệ đồ án, khóa luận tốt
nghiệp, luận văn, luận án hoặc gian lận trong việc làm hồ sơ để được cấp văn bằng, chứng
chỉ.
b) Cấp cho người không đủ điều kiện.
c) Do người không có thẩm quyền cấp.
d) Bị tẩy xóa, sửa chữa.
đ) Để cho người khác sử dụng.
e) Do lỗi của Trường.
2. Trường ĐHCNTT có trách nhiệm thu hồi và hủy bỏ văn bằng, chứng chỉ.
Trường hợp Trường đã sáp nhập, chia, tách, giải thể thì cơ quan có thẩm quyền thu hồi,
hủy bỏ văn bằng, chứng chỉ là cơ quan đang quản lý sổ gốc cấp văn bằng, chứng chỉ.
3. Trường ra quyết định thu hồi, hủy bỏ văn bằng, chứng chỉ. Nội dung của quyết định
ghi rõ lý do thu hồi, hủy bỏ. Quyết định được đăng tải trên cổng thông tin điện tử của cơ quan
có thẩm quyền thu hồi, hủy bỏ văn bằng, chứng chỉ; được gửi đến người bị thu hồi văn bằng,
chứng chỉ."
172/QD/DHCNTT,khoan,Khoản 1,,4/22/1,22001.0,"Văn bằng, chứng chỉ bị thu hồi trong các trường hợp sau đây:
a) Có hành vi gian lận trong tuyển sinh, học tập, thi cử, bảo vệ đồ án, khóa luận tốt
nghiệp, luận văn, luận án hoặc gian lận trong việc làm hồ sơ để được cấp văn bằng, chứng
chỉ.
b) Cấp cho người không đủ điều kiện.
c) Do người không có thẩm quyền cấp.
d) Bị tẩy xóa, sửa chữa.
đ) Để cho người khác sử dụng.
e) Do lỗi của Trường."
172/QD/DHCNTT,diem,Điểm a),,4/22/1/a,22001.01,"Có hành vi gian lận trong tuyển sinh, học tập, thi cử, bảo vệ đồ án, khóa luận tốt
nghiệp, luận văn, luận án hoặc gian lận trong việc làm hồ sơ để được cấp văn bằng, chứng
chỉ."
172/QD/DHCNTT,diem,Điểm b),,4/22/1/b,22001.02,Cấp cho người không đủ điều kiện.
172/QD/DHCNTT,diem,Điểm c),,4/22/1/c,22001.03,Do người không có thẩm quyền cấp.
172/QD/DHCNTT,diem,Điểm d),,4/22/1/d,22001.04,"Bị tẩy xóa, sửa chữa.
đ) Để cho người khác sử dụng."
172/QD/DHCNTT,diem,Điểm e),,4/22/1/e,22001.05,Do lỗi của Trường.
172/QD/DHCNTT,khoan,Khoản 2,,4/22/2,22002.0,"Trường ĐHCNTT có trách nhiệm thu hồi và hủy bỏ văn bằng, chứng chỉ.
Trường hợp Trường đã sáp nhập, chia, tách, giải thể thì cơ quan có thẩm quyền thu hồi,
hủy bỏ văn bằng, chứng chỉ là cơ quan đang quản lý sổ gốc cấp văn bằng, chứng chỉ."
172/QD/DHCNTT,khoan,Khoản 3,,4/22/3,22003.0,"Trường ra quyết định thu hồi, hủy bỏ văn bằng, chứng chỉ. Nội dung của quyết định
ghi rõ lý do thu hồi, hủy bỏ. Quyết định được đăng tải trên cổng thông tin điện tử của cơ quan
có thẩm quyền thu hồi, hủy bỏ văn bằng, chứng chỉ; được gửi đến người bị thu hồi văn bằng,
chứng chỉ."
172/QD/DHCNTT,chuong,Chương 5,,5,5.0,
172/QD/DHCNTT,dieu,Điều 23,"Cấp bản sao văn bằng, chứng chỉ từ sổ gốc",5/23,5023.0,"1. Cấp bản sao văn bằng, chứng chỉ từ sổ gốc là việc cơ quan đang quản lý sổ gốc căn
cứ vào sổ gốc để cấp bản sao.
2. Trường hợp mẫu bản sao văn bằng, chứng chỉ tại thời điểm cấp bản sao đã thay đổi,
cơ quan đang quản lý sổ gốc sử dụng mẫu bản sao văn bằng, chứng chỉ hiện hành để cấp cho
người học.
3. Các nội dung ghi trong bản sao văn bằng, chứng chỉ phải chính xác so với sổ gốc.
11"
172/QD/DHCNTT,khoan,Khoản 1,,5/23/1,23001.0,"Cấp bản sao văn bằng, chứng chỉ từ sổ gốc là việc cơ quan đang quản lý sổ gốc căn
cứ vào sổ gốc để cấp bản sao."
172/QD/DHCNTT,khoan,Khoản 2,,5/23/2,23002.0,"Trường hợp mẫu bản sao văn bằng, chứng chỉ tại thời điểm cấp bản sao đã thay đổi,
cơ quan đang quản lý sổ gốc sử dụng mẫu bản sao văn bằng, chứng chỉ hiện hành để cấp cho
người học."
172/QD/DHCNTT,khoan,Khoản 3,,5/23/3,23003.0,"Các nội dung ghi trong bản sao văn bằng, chứng chỉ phải chính xác so với sổ gốc.
11"
172/QD/DHCNTT,dieu,Điều 24,"Giá trị pháp lý của bản sao văn bằng, chứng chỉ từ sổ gốc",5/24,5024.0,"1. Bản sao văn bằng, chứng chỉ từ sổ gốc có giá trị pháp lý sử dụng thay cho bản chính
trong các giao dịch, trừ trường hợp pháp luật có quy định khác.
2. Trường hợp có căn cứ bản sao giả mạo, không hợp pháp, cơ quan, tổ chức tiếp nhận
bản sao văn bằng, chứng chỉ yêu cầu người có bản sao văn bằng, chứng chỉ xuất trình bản
chính để đối chiếu hoặc tiến hành xác minh."
172/QD/DHCNTT,khoan,Khoản 1,,5/24/1,24001.0,"Bản sao văn bằng, chứng chỉ từ sổ gốc có giá trị pháp lý sử dụng thay cho bản chính
trong các giao dịch, trừ trường hợp pháp luật có quy định khác."
172/QD/DHCNTT,khoan,Khoản 2,,5/24/2,24002.0,"Trường hợp có căn cứ bản sao giả mạo, không hợp pháp, cơ quan, tổ chức tiếp nhận
bản sao văn bằng, chứng chỉ yêu cầu người có bản sao văn bằng, chứng chỉ xuất trình bản
chính để đối chiếu hoặc tiến hành xác minh."
172/QD/DHCNTT,dieu,Điều 25,"Thẩm quyền và trách nhiệm cấp bản sao văn bằng, chứng chỉ từ sổ gốc",5/25,5025.0,"Đơn vị đang quản lý sổ gốc văn bằng, chứng chỉ có trách nhiệm cấp bản sao văn bằng,
chứng chỉ. Việc cấp bản sao văn bằng, chứng chỉ từ sổ gốc được thực hiện đồng thời với việc
cấp bản chính hoặc sau thời điểm cấp bản chính (mẫu bản sao được quy định tại Phụ lục 5, 6
kèm theo Quy chế này)."
172/QD/DHCNTT,khoan,Khoản 1,,5/25/1,25001.0,"Đơn vị đang quản lý sổ gốc văn bằng, chứng chỉ có trách nhiệm cấp bản sao văn bằng,
chứng chỉ. Việc cấp bản sao văn bằng, chứng chỉ từ sổ gốc được thực hiện đồng thời với việc
cấp bản chính hoặc sau thời điểm cấp bản chính (mẫu bản sao được quy định tại Phụ lục 5, 6
kèm theo Quy chế này)."
172/QD/DHCNTT,dieu,Điều 26,"Người có quyền yêu cầu cấp bản sao văn bằng, chứng chỉ từ sổ gốc",5/26,5026.0,"Những người sau đây có quyền yêu cầu cấp bản sao văn bằng, chứng chỉ từ sổ gốc:
1. Người được cấp bản chính văn bằng, chứng chỉ.
2. Người đại diện theo pháp luật, người đại diện theo ủy quyền của người được cấp bản
chính văn bằng, chứng chỉ.
3. Cha, mẹ, con; vợ, chồng; anh, chị, em ruột; người thừa kế khác của người được cấp
bản chính văn bằng, chứng chỉ trong trường hợp người đó đã chết."
172/QD/DHCNTT,khoan,Khoản 1,,5/26/1,26001.0,"Người được cấp bản chính văn bằng, chứng chỉ."
172/QD/DHCNTT,khoan,Khoản 2,,5/26/2,26002.0,"Người đại diện theo pháp luật, người đại diện theo ủy quyền của người được cấp bản
chính văn bằng, chứng chỉ."
172/QD/DHCNTT,khoan,Khoản 3,,5/26/3,26003.0,"Cha, mẹ, con; vợ, chồng; anh, chị, em ruột; người thừa kế khác của người được cấp
bản chính văn bằng, chứng chỉ trong trường hợp người đó đã chết."
172/QD/DHCNTT,dieu,Điều 27,"Thủ tục cấp bản sao văn bằng, chứng chỉ từ sổ gốc",5/27,5027.0,"1. Hồ sơ cấp bản sao từ sổ gốc bao gồm:
a) Đơn đề nghị cấp bản sao từ sổ gốc, trong đó cung cấp các thông tin về văn bằng,
chứng chỉ đã được cấp.
b) Bản chính hoặc bản sao có chứng thực giấy chứng minh nhân dân hoặc căn cước
công dân hoặc hộ chiếu còn giá trị sử dụng của người đề nghị.
c) Trường hợp người yêu cầu cấp bản sao văn bằng, chứng chỉ từ sổ gốc là người được
quy định tại khoản 2 Điều 26 của Quy chế này thì phải xuất trình giấy ủy quyền (đối với
người được ủy quyền) hoặc giấy tờ chứng minh quan hệ với người được cấp bản chính văn
bằng, chứng chỉ.
d) Trường hợp người yêu cầu cấp bản sao văn bằng, chứng chỉ từ sổ gốc gửi yêu cầu
qua đường bưu điện thì phải gửi bản sao có chứng thực giấy tờ quy định tại điểm a, b, c,
khoản này kèm theo 01 (một) phong bì có dán tem ghi rõ họ tên, địa chỉ người nhận cho cơ
quan cấp bản sao văn bằng, chứng chỉ từ sổ gốc.
2. Trình tự cấp bản sao văn bằng, chứng chỉ từ sổ gốc được quy định như sau:
a) Người đề nghị cấp bản sao văn bằng, chứng chỉ nộp trực tiếp hoặc gửi qua đường
bưu điện 01 (một) bộ hồ sơ quy định tại khoản 1 Điều này cho cơ quan có thẩm quyền cấp
bản sao văn bằng, chứng chỉ từ sổ gốc.
b) Ngay trong ngày tiếp nhận yêu cầu hoặc trong ngày làm việc tiếp theo (nếu tiếp
nhận yêu cầu sau 15 giờ), cơ quan có thẩm quyền cấp bản sao từ sổ gốc phải cấp bản sao cho
12
người có yêu cầu. Trong trường hợp yêu cầu cấp bản sao từ sổ gốc được gửi qua bưu điện thì
thời hạn được xác định từ thời điểm cơ quan có thẩm quyền cấp bản sao từ sổ gốc nhận đủ
hồ sơ hợp lệ theo dấu bưu điện đến.
c) Đối với trường hợp cùng một lúc yêu cầu chứng thực bản sao từ nhiều sổ gốc, yêu
cầu số lượng nhiều bản sao, nội dung văn bằng phức tạp khó kiểm tra, đối chiếu mà cơ quan
có thẩm quyền cấp bản sao từ sổ gốc không thể đáp ứng được thời hạn quy định tại điểm b
khoản này thì thời hạn cấp bản sao được kéo dài thêm không quá 02 (hai) ngày làm việc hoặc
có thể dài hơn theo thỏa thuận bằng văn bản với người yêu cầu cấp bản sao.
3. Cơ quan có thẩm quyền cấp bản sao văn bằng, chứng chỉ từ sổ gốc căn cứ sổ gốc để
cấp bản sao có nội dung đúng như trong sổ gốc. Trường hợp không còn lưu giữ được sổ gốc
hoặc trong sổ gốc không có thông tin về nội dung yêu cầu cấp bản sao hoặc không cấp bản
sao cho người yêu cầu thì cơ quan tiếp nhận có trách nhiệm trả lời bằng văn bản cho người
yêu cầu và nêu rõ lý do theo thời hạn quy định tại điểm b khoản 2 Điều này."
172/QD/DHCNTT,khoan,Khoản 1,,5/27/1,27001.0,"Hồ sơ cấp bản sao từ sổ gốc bao gồm:
a) Đơn đề nghị cấp bản sao từ sổ gốc, trong đó cung cấp các thông tin về văn bằng,
chứng chỉ đã được cấp.
b) Bản chính hoặc bản sao có chứng thực giấy chứng minh nhân dân hoặc căn cước
công dân hoặc hộ chiếu còn giá trị sử dụng của người đề nghị.
c) Trường hợp người yêu cầu cấp bản sao văn bằng, chứng chỉ từ sổ gốc là người được
quy định tại khoản 2 Điều 26 của Quy chế này thì phải xuất trình giấy ủy quyền (đối với
người được ủy quyền) hoặc giấy tờ chứng minh quan hệ với người được cấp bản chính văn
bằng, chứng chỉ.
d) Trường hợp người yêu cầu cấp bản sao văn bằng, chứng chỉ từ sổ gốc gửi yêu cầu
qua đường bưu điện thì phải gửi bản sao có chứng thực giấy tờ quy định tại điểm a, b, c,
khoản này kèm theo 01 (một) phong bì có dán tem ghi rõ họ tên, địa chỉ người nhận cho cơ
quan cấp bản sao văn bằng, chứng chỉ từ sổ gốc."
172/QD/DHCNTT,diem,Điểm a),,5/27/1/a,27001.01,"Đơn đề nghị cấp bản sao từ sổ gốc, trong đó cung cấp các thông tin về văn bằng,
chứng chỉ đã được cấp."
172/QD/DHCNTT,diem,Điểm b),,5/27/1/b,27001.02,"Bản chính hoặc bản sao có chứng thực giấy chứng minh nhân dân hoặc căn cước
công dân hoặc hộ chiếu còn giá trị sử dụng của người đề nghị."
172/QD/DHCNTT,diem,Điểm c),,5/27/1/c,27001.03,"Trường hợp người yêu cầu cấp bản sao văn bằng, chứng chỉ từ sổ gốc là người được
quy định tại khoản 2 Điều 26 của Quy chế này thì phải xuất trình giấy ủy quyền (đối với
người được ủy quyền) hoặc giấy tờ chứng minh quan hệ với người được cấp bản chính văn
bằng, chứng chỉ."
172/QD/DHCNTT,diem,Điểm d),,5/27/1/d,27001.04,"Trường hợp người yêu cầu cấp bản sao văn bằng, chứng chỉ từ sổ gốc gửi yêu cầu
qua đường bưu điện thì phải gửi bản sao có chứng thực giấy tờ quy định tại điểm a, b, c,
khoản này kèm theo 01 (một) phong bì có dán tem ghi rõ họ tên, địa chỉ người nhận cho cơ
quan cấp bản sao văn bằng, chứng chỉ từ sổ gốc."
172/QD/DHCNTT,khoan,Khoản 2,,5/27/2,27002.0,"Trình tự cấp bản sao văn bằng, chứng chỉ từ sổ gốc được quy định như sau:
a) Người đề nghị cấp bản sao văn bằng, chứng chỉ nộp trực tiếp hoặc gửi qua đường
bưu điện 01 (một) bộ hồ sơ quy định tại khoản 1 Điều này cho cơ quan có thẩm quyền cấp
bản sao văn bằng, chứng chỉ từ sổ gốc.
b) Ngay trong ngày tiếp nhận yêu cầu hoặc trong ngày làm việc tiếp theo (nếu tiếp
nhận yêu cầu sau 15 giờ), cơ quan có thẩm quyền cấp bản sao từ sổ gốc phải cấp bản sao cho
12
người có yêu cầu. Trong trường hợp yêu cầu cấp bản sao từ sổ gốc được gửi qua bưu điện thì
thời hạn được xác định từ thời điểm cơ quan có thẩm quyền cấp bản sao từ sổ gốc nhận đủ
hồ sơ hợp lệ theo dấu bưu điện đến.
c) Đối với trường hợp cùng một lúc yêu cầu chứng thực bản sao từ nhiều sổ gốc, yêu
cầu số lượng nhiều bản sao, nội dung văn bằng phức tạp khó kiểm tra, đối chiếu mà cơ quan
có thẩm quyền cấp bản sao từ sổ gốc không thể đáp ứng được thời hạn quy định tại điểm b
khoản này thì thời hạn cấp bản sao được kéo dài thêm không quá 02 (hai) ngày làm việc hoặc
có thể dài hơn theo thỏa thuận bằng văn bản với người yêu cầu cấp bản sao."
172/QD/DHCNTT,diem,Điểm a),,5/27/2/a,27002.01,"Người đề nghị cấp bản sao văn bằng, chứng chỉ nộp trực tiếp hoặc gửi qua đường
bưu điện 01 (một) bộ hồ sơ quy định tại khoản 1 Điều này cho cơ quan có thẩm quyền cấp
bản sao văn bằng, chứng chỉ từ sổ gốc."
172/QD/DHCNTT,diem,Điểm b),,5/27/2/b,27002.02,"Ngay trong ngày tiếp nhận yêu cầu hoặc trong ngày làm việc tiếp theo (nếu tiếp
nhận yêu cầu sau 15 giờ), cơ quan có thẩm quyền cấp bản sao từ sổ gốc phải cấp bản sao cho
12
người có yêu cầu. Trong trường hợp yêu cầu cấp bản sao từ sổ gốc được gửi qua bưu điện thì
thời hạn được xác định từ thời điểm cơ quan có thẩm quyền cấp bản sao từ sổ gốc nhận đủ
hồ sơ hợp lệ theo dấu bưu điện đến."
172/QD/DHCNTT,diem,Điểm c),,5/27/2/c,27002.03,"Đối với trường hợp cùng một lúc yêu cầu chứng thực bản sao từ nhiều sổ gốc, yêu
cầu số lượng nhiều bản sao, nội dung văn bằng phức tạp khó kiểm tra, đối chiếu mà cơ quan
có thẩm quyền cấp bản sao từ sổ gốc không thể đáp ứng được thời hạn quy định tại điểm b
khoản này thì thời hạn cấp bản sao được kéo dài thêm không quá 02 (hai) ngày làm việc hoặc
có thể dài hơn theo thỏa thuận bằng văn bản với người yêu cầu cấp bản sao."
172/QD/DHCNTT,khoan,Khoản 3,,5/27/3,27003.0,"Cơ quan có thẩm quyền cấp bản sao văn bằng, chứng chỉ từ sổ gốc căn cứ sổ gốc để
cấp bản sao có nội dung đúng như trong sổ gốc. Trường hợp không còn lưu giữ được sổ gốc
hoặc trong sổ gốc không có thông tin về nội dung yêu cầu cấp bản sao hoặc không cấp bản
sao cho người yêu cầu thì cơ quan tiếp nhận có trách nhiệm trả lời bằng văn bản cho người
yêu cầu và nêu rõ lý do theo thời hạn quy định tại điểm b khoản 2 Điều này."
172/QD/DHCNTT,dieu,Điều 28,"Sổ cấp bản sao và quản lý việc cấp bản sao văn bằng, chứng chỉ từ sổ gốc",5/28,5028.0,"1. Sổ cấp bản sao văn bằng, chứng chỉ từ sổ gốc là tài liệu do cơ quan có thẩm quyền
quy định tại Điều 25 Quy chế này lập ra khi thực hiện việc cấp bản sao văn bằng, chứng chỉ
từ sổ gốc trong đó ghi chép đầy đủ những nội dung như bản sao mà đơn vị đã cấp.
Sổ cấp bản sao văn bằng, chứng chỉ từ sổ gốc phải được ghi chép chính xác, đánh số
trang, đóng dấu giáp lai, không được tẩy xóa, đảm bảo quản lý chặt chẽ và lưu trữ vĩnh viễn.
2. Cơ quan có thẩm quyền quy định tại Điều 25 Quy chế này mỗi lần cấp bản sao văn
bằng, chứng chỉ từ sổ gốc đều phải ghi vào sổ cấp bản sao văn bằng, chứng chỉ từ sổ gốc;
phải lập số vào sổ cấp bản sao của từng loại văn bằng, chứng chỉ và năm cấp bản sao văn
bằng, chứng chỉ từ sổ gốc.
Mẫu sổ cấp bản sao văn bằng, chứng chỉ từ sổ gốc được quy định tại Phụ lục 12, 13,
15 kèm theo Quy chế này.
Cách đánh số vào sổ cấp bản sao văn bằng, chứng chỉ từ sổ gốc được quy định tại Phụ
lục 1 kèm theo Quy chế này."
172/QD/DHCNTT,khoan,Khoản 1,,5/28/1,28001.0,"Sổ cấp bản sao văn bằng, chứng chỉ từ sổ gốc là tài liệu do cơ quan có thẩm quyền
quy định tại Điều 25 Quy chế này lập ra khi thực hiện việc cấp bản sao văn bằng, chứng chỉ
từ sổ gốc trong đó ghi chép đầy đủ những nội dung như bản sao mà đơn vị đã cấp.
Sổ cấp bản sao văn bằng, chứng chỉ từ sổ gốc phải được ghi chép chính xác, đánh số
trang, đóng dấu giáp lai, không được tẩy xóa, đảm bảo quản lý chặt chẽ và lưu trữ vĩnh viễn."
172/QD/DHCNTT,khoan,Khoản 2,,5/28/2,28002.0,"Cơ quan có thẩm quyền quy định tại Điều 25 Quy chế này mỗi lần cấp bản sao văn
bằng, chứng chỉ từ sổ gốc đều phải ghi vào sổ cấp bản sao văn bằng, chứng chỉ từ sổ gốc;
phải lập số vào sổ cấp bản sao của từng loại văn bằng, chứng chỉ và năm cấp bản sao văn
bằng, chứng chỉ từ sổ gốc.
Mẫu sổ cấp bản sao văn bằng, chứng chỉ từ sổ gốc được quy định tại Phụ lục 12, 13,
15 kèm theo Quy chế này.
Cách đánh số vào sổ cấp bản sao văn bằng, chứng chỉ từ sổ gốc được quy định tại Phụ
lục 1 kèm theo Quy chế này."
172/QD/DHCNTT,chuong,Chương 6,,6,6.0,
172/QD/DHCNTT,dieu,Điều 29,"Kiểm tra, thanh tra",6/29,6029.0,"1. Theo kế hoạch được Hiệu trưởng phê duyệt, định kỳ hoặc đột xuất, PTTPC-ĐBCL
sẽ tiến hành thanh tra, kiểm tra việc in, quản lý, cấp phát, sử dụng văn bằng, chứng chỉ đối
với các đơn vị được phân công tổ chức in, quản lý, cấp phát, sử dụng văn bằng, chứng chỉ .
2. Các đơn vị, cá nhân chịu trách nhiệm in, quản lý, cấp phát hoặc sử dụng văn bằng,
chứng chỉ có trách nhiệm phối hợp, tạo điều kiện thuận lợi cho công tác kiểm tra, thanh tra."
172/QD/DHCNTT,khoan,Khoản 1,,6/29/1,29001.0,"Theo kế hoạch được Hiệu trưởng phê duyệt, định kỳ hoặc đột xuất, PTTPC-ĐBCL
sẽ tiến hành thanh tra, kiểm tra việc in, quản lý, cấp phát, sử dụng văn bằng, chứng chỉ đối
với các đơn vị được phân công tổ chức in, quản lý, cấp phát, sử dụng văn bằng, chứng chỉ ."
172/QD/DHCNTT,khoan,Khoản 2,,6/29/2,29002.0,"Các đơn vị, cá nhân chịu trách nhiệm in, quản lý, cấp phát hoặc sử dụng văn bằng,
chứng chỉ có trách nhiệm phối hợp, tạo điều kiện thuận lợi cho công tác kiểm tra, thanh tra."
172/QD/DHCNTT,dieu,Điều 30,Khen thưởng,6/30,6030.0,"Tổ chức, cá nhân có thành tích trong việc quản lý, cấp phát văn bằng, chứng chỉ được
khen thưởng theo quy định của pháp luật.
13"
172/QD/DHCNTT,khoan,Khoản 1,,6/30/1,30001.0,"Tổ chức, cá nhân có thành tích trong việc quản lý, cấp phát văn bằng, chứng chỉ được
khen thưởng theo quy định của pháp luật.
13"
172/QD/DHCNTT,dieu,Điều 31,Xử lý vi phạm,6/31,6031.0,"1. Người có thẩm quyền cấp văn bằng, chứng chỉ, người được cấp văn bằng, chứng chỉ
có các hành vi vi phạm quy định về quản lý, cấp phát, sử dụng văn bằng, chứng chỉ thì bị xử
phạt vi phạm hành chính theo quy định về xử phạt vi phạm hành chính trong lĩnh vực giáo
dục; bồi thường thiệt hại theo quy định của pháp luật dân sự; tùy theo tính chất, mức độ vi
phạm, có thể bị xử lý kỷ luật hoặc truy cứu trách nhiệm hình sự.
2. Người thực hiện nhiệm vụ cấp bản sao văn bằng, chứng chỉ từ sổ gốc do thiếu tinh
thần trách nhiệm hoặc cố ý làm trái các quy định của Quy chế này và các văn bản quy phạm
pháp luật khác thì tuỳ theo mức độ vi phạm có thể bị xử lý kỷ luật hoặc truy cứu trách nhiệm
hình sự; nếu gây thiệt hại thì phải bồi thường theo quy định của pháp luật."
172/QD/DHCNTT,khoan,Khoản 1,,6/31/1,31001.0,"Người có thẩm quyền cấp văn bằng, chứng chỉ, người được cấp văn bằng, chứng chỉ
có các hành vi vi phạm quy định về quản lý, cấp phát, sử dụng văn bằng, chứng chỉ thì bị xử
phạt vi phạm hành chính theo quy định về xử phạt vi phạm hành chính trong lĩnh vực giáo
dục; bồi thường thiệt hại theo quy định của pháp luật dân sự; tùy theo tính chất, mức độ vi
phạm, có thể bị xử lý kỷ luật hoặc truy cứu trách nhiệm hình sự."
172/QD/DHCNTT,khoan,Khoản 2,,6/31/2,31002.0,"Người thực hiện nhiệm vụ cấp bản sao văn bằng, chứng chỉ từ sổ gốc do thiếu tinh
thần trách nhiệm hoặc cố ý làm trái các quy định của Quy chế này và các văn bản quy phạm
pháp luật khác thì tuỳ theo mức độ vi phạm có thể bị xử lý kỷ luật hoặc truy cứu trách nhiệm
hình sự; nếu gây thiệt hại thì phải bồi thường theo quy định của pháp luật."
172/QD/DHCNTT,dieu,Điều 32,Tổ chức thực hiện,6/32,6032.0,"Trong quá trình tổ chức thực hiện, Quy chế này có thể được sửa đổi, bổ sung cho phù
hợp với tình hình thực tế.
HIỆU TRƯỞNG
Nguyễn Hoàng Tú Anh
14
Phụ lục 1
QUY ĐỊNH CÁCH GHI SỐ VÀO SỔ GỐC CẤP PHÁT BẰNG TỐT NGHIỆP
ĐẠI HỌC, CHỨNG CHỈ CỦA TRƯỜNG ĐẠI HỌC CNTT
(Ban hành kèm theo Quyết định số: 172/QĐ-ĐHCNTT,  ngày 08 tháng 3 năm 2023
của Hiệu trưởng Trường Đại học Công nghệ Thông tin)
1) Văn bằng đại học:
Cách ghi là: QSCZZHTXXXX
Trong đó:
- QSC: Mã trường
- ZZ : 02 số cuối của năm cấp bằng.
- H: Loại chương trình đào tạo. Cụ thể:
+ Văn bằng 1 - Đại trà/Chương trình chuẩn:
Đ
+ Văn bằng 1 - Chất lượng cao:
C
+ Văn bằng 1 - Chương trình tiên tiến:
T
+ Văn bằng 1 - Tài năng:
N
+ Văn bằng 2 - Đại trà/Chương trình chuẩn:
V
+ Văn bằng 2 - Chất lượng cao:
L
+ Liên thông - Đại trà/Chương trình chuẩn:
A
+ Liên thông - Chất lượng cao:
B
- T: Hình thức đào tạo. Cụ thể:
+ Chính quy:
Q
+ Từ xa:
X
-  XXXX: Số thứ tự sinh viên tốt nghiệp theo một loại chương trình, hình thức đào tạo
trong năm ZZ thì phải nối tiếp nhau.
2) Chứng chỉ:
Cách ghi là: QSCZZYYYYXXXXX
Trong đó:
- QSC: Mã trường
- ZZ : 02 số cuối của năm cấp bằng.
- YYYY: Viết tắt tên loại chứng chỉ. Cụ thể:
+ Chứng chỉ Ứng dụng Công nghệ Thông tin Cơ bản: CCCB
+ Chứng chỉ Ứng dụng Công nghệ Thông tin Nâng cao: CCNC
- XXXXX: số thứ tự người học được cấp chứng chỉ theo một loại chứng chỉ trong
năm ZZ thì phải nối tiếp nhau.
3) Văn bằng thạc sĩ:
Cách ghi là: QSCZZ8XXX
Trong đó:
- QSC: Mã trường
- ZZ: 02 số cuối của năm cấp bằng.
- 8: Viết tắt 1 ký số đầu mã ngành đào tạo thạc sĩ.
- XXX: số thứ tự người học tốt nghiệp trong năm ZZ thì phải nối tiếp nhau.
4) Văn bằng tiến sĩ:
Cách ghi là: QSCZZ9XXX
15
Trong đó:
- QSC: Mã trường
- ZZ: 02 số cuối của năm cấp bằng.
- 9: Viết tắt 1 ký số đầu mã ngành đào tạo tiến sĩ.
- XXX: số thứ tự người học tốt nghiệp trong năm ZZ thì phải nối tiếp nhau.
5) Cách đánh số vào sổ cấp bản sao
Cách đánh số vào sổ cấp bản sao là: Số vào sổ gốc văn bằng, chứng chỉ ghép với ký
hiệu “_Sn”; trong đó n là số tự nhiên liên tục từ nhỏ đến lớn theo từng văn bằng, chứng chỉ.
16
Phụ lục 2
Mẫu PHỤ LỤC VĂN BẰNG ĐẠI HỌC HỆ CHÍNH QUY & TỪ XA (mặt trước)
(Ban hành kèm theo Quyết định số: 172/QĐ-ĐHCNTT,  ngày 08 tháng 3 năm 2023
của Hiệu trưởng Trường Đại học Công nghệ Thông tin)
17
Phụ lục 2
Mẫu PHỤ LỤC VĂN BẰNG ĐẠI HỌC HỆ CHÍNH QUY (mặt sau)
(Ban hành kèm theo Quyết định số: 172/QĐ-ĐHCNTT,  ngày 08 tháng 3 năm 2023
của Hiệu trưởng Trường Đại học Công nghệ Thông tin)
Ghi chú:
a) Phụ lục được cấp kèm theo văn bằng tốt nghiệp (Appendices are attached to the diploma)
b) Chương trình học: ghi 1 trong 5 nội dung sau (Study program: write 1 of the following 5 contents)
1) Chương trình đại trà (Regular Fulltime Program)
2) Chương trình tài năng (Honor Program);
3) Chương trình tiên tiến (Advanced Program);
4) Chương trình chất lượng cao (High Quality Program);
5) Chương trình chuẩn (Standard Program) (sử dụng từ khóa tuyển năm 2022);
c) Ngôn ngữ đào tạo: Chương trình tiên tiến ghi Tiếng Anh (English); các chương trình còn lại ghi Tiếng Việt (Vietnamese)
18
Phụ lục 3
Mẫu PHỤ LỤC VĂN BẰNG ĐẠI HỌC HỆ TỪ XA (mặt sau)
(Ban hành kèm theo Quyết định số: 172/QĐ-ĐHCNTT,  ngày 08 tháng 3 năm 2023
của Hiệu trưởng Trường Đại học Công nghệ Thông tin)
Ghi chú:
a) Phụ lục được cấp kèm theo văn bằng tốt nghiệp (Appendices are attached to the diploma)
b) Chương trình học: nội dung tiếng Việt ghi Từ xa (nội dung tiếng Anh ghi Distance learning)
c) Ngôn ngữ đào tạo: nội dung tiếng Việt ghi Tiếng Việt (nội dung tiếng Anh ghi Vietnamese)
19
Phụ lục 4
Mẫu PHỤ LỤC VĂN BẰNG THẠC SĨ/TIẾN SĨ
(Ban hành kèm theo Quyết định số: 172/QĐ-ĐHCNTT,  ngày 08 tháng 3 năm 2023
của Hiệu trưởng Trường Đại học Công nghệ Thông tin)
ĐẠI HỌC QUỐC GIA TPHCM
CỘNG HÒA XÃ HỘI CHỦ NGHĨA VIỆT NAM
TRƯỜNG ĐẠI HỌC
CÔNG NGHỆ THÔNG TIN
Độc lập - Tự do - Hạnh phúc
PHỤ LỤC VĂN BẰNG THẠC SĨ/ TIẾN SĨ
MASTER/DOCTOR SUPPLEMENT
Họ và tên (Full name):
Mã số học viên hoặc Nghiên cứu sinh (Student ID):
Ngày, tháng, năm sinh (Date of birth)
Nơi sinh (Place of birth):
Quyết định trúng tuyển số (Admission Decision No): …………., ngày (date): …………..
Ngành đào tạo (Major): ………….Mã ngành (Major code): ………….Khóa (Course): ………….
Chương trình đào tạo (Training Program or Form of Training): (*)
Ngôn ngữ đào tạo (Training language): Tiếng Việt (Vietnamese)
Thời gian đào tạo (Duration of training): ………….
Số hiệu văn bằng (Grad. Degree Reg. #): ………….
KẾT QUẢ HỌC TẬP (ACADEMIC RECORD)
STT
Number
Mã môn học
Course ID
Môn học
Course title
Số tín chỉ
Credits
Điểm
Score
Ghi chú
Remark
Điểm trung bình môn học (GPA of all subjects): ……………..
Điểm luận văn/luận án (GPA of Thesis): ……………..
Tên đề tài luận văn/luận án (Thesis Title) ……………..
Bảo vệ ngày, tháng, năm (The Thesis was defended on): ……………..
Hội đồng chấm luận văn/ luận án (The Thesis committee included)
1.Chủ tịch (Chairman) …………….., đơn vị công tác (work at): ……………..
2.Thư ký ( Secetary)…………….., đơn vị công tác (work at): ……………..
3.Phản biện 1 (Examiner 1) …………….., đơn vị công tác (work at): ……………..
4. Phản biện 2: ( Examiner 2) …………….., đơn vị công tác (work at): ……………..
5. Ủy viên (Member) …………….., đơn vị công tác (work at): ……………..
TPHCM, ngày   tháng    năm
HIỆU TRƯỞNG
(*) Ghi rõ chương trình đào tạo, phương thức đào tạo (nếu có)
20
Phụ lục 5
Mẫu BẢN SAO VĂN BẰNG ĐẠI HỌC/THẠC SĨ/TIẾN SĨ
(Ban hành kèm theo Quyết định số: 172/QĐ-ĐHCNTT,  ngày 08 tháng 3 năm 2023
của Hiệu trưởng Trường Đại học Công nghệ Thông tin)
ĐẠI HỌC QUỐC GIA TP.HCM
CỘNG HÒA XÃ HỘI CHỦ NGHĨA VIỆT NAM
TRƯỜNG ĐẠI HỌC
Độc lập – Tự do – Hạnh phúc
CÔNG NGHỆ THÔNG TIN
BẰNG KỸ SƯ/CỬ NHÂN/THẠC SĨ/TIẾN SĨ
Tên chương trình (*)
Tên ngành (**)
(BẢN SAO)
Cấp cho:
Sinh ngày:
Nơi sinh:
Bậc học:
Ngành:
Khóa học:
Theo quyết định công nhận tốt nghiệp số: …, ngày … của Hiệu trưởng Trường
Đại học Công nghệ Thông tin – Đại học Quốc gia Tp.HCM.
Số hiệu văn bằng:
Số vào sổ gốc:
Được trích từ sổ gốc cấp phát văn bằng tốt nghiệp.
Số vào sổ cấp bản sao:
Tp.HCM, ngày … tháng … năm …
HIỆU TRƯỞNG
(*): Đối với chương trình bình thường thì không ghi. Đối với chương trình đặc biệt ghi “Chương
trình Tài năng” hoặc “Chương trình Tiên tiến”.
(**): Ghi tên ngành đào tạo
21
Phụ lục 6
Mẫu BẢN SAO CHỨNG CHỈ
(Ban hành kèm theo Quyết định số: 172/QĐ-ĐHCNTT,  ngày 08 tháng 3 năm 2023
của Hiệu trưởng Trường Đại học Công nghệ Thông tin)
ĐẠI HỌC QUỐC GIA TP.HCM
CỘNG HÒA XÃ HỘI CHỦ NGHĨA VIỆT NAM
TRƯỜNG ĐẠI HỌC
Độc lập – Tự do – Hạnh phúc
CÔNG NGHỆ THÔNG  TIN
CHỨNG CHỈ
TÊN LOẠI CHỨNG CHỈ
(BẢN SAO)
Cấp cho:
Sinh ngày:
Nơi sinh:
Đã được Trường Đại học Công nghệ Thông tin – ĐHQG-HCM cấp chứng chỉ
(*)
Số hiệu chứng chỉ:
Số vào sổ gốc:
Được trích từ sổ gốc cấp chứng chỉ.
Số vào sổ cấp bản sao:
Tp.HCM, ngày … tháng … năm …
THỦ TRƯỞNG ĐƠN VỊ (**)
(ký tên, đóng dấu)
(*) Chọn 1 trong 4 nội dung sau:
1) Chứng chỉ Ngoại ngữ: ghi Ngoại ngữ, Đạt loại
2) Chứng chỉ ứng dụng công nghệ thông tin, kết quả Điểm trắc nghiệm, Điểm thực hành, tại Hội đồng thi
(nếu không thành lập Hội đồng thi thì không ghi)
3) Kỹ thuật viên: ghi Ngành, Thời gian đào tạo
4) Tên các chứng chỉ khác do Trường cấp
(**) Hiệu trưởng hoặc thủ trưởng đơn vị trực thuộc cấp chứng chỉ
22
Phụ lục 7
Mẫu GIẤY CHỨNG NHẬN TỐT NGHIỆP TẠM THỜI (tiếng Việt)
(Ban hành kèm theo Quyết định số: 172/QĐ-ĐHCNTT,  ngày 08 tháng 3 năm 2023
của Hiệu trưởng Trường Đại học Công nghệ Thông tin)
ĐẠI HỌC QUỐC GIA TP.HCM
CỘNG HÒA XÃ HỘI CHỦ NGHĨA VIỆT NAM
TRƯỜNG ĐẠI HỌC
Độc lập – Tự do – Hạnh phúc
CÔNG NGHỆ THÔNG TIN
GIẤY CHỨNG NHẬN TỐT NGHIỆP
Tạm thời
--------
Hiệu trưởng Trường Đại học Công nghệ Thông tin chứng nhận:
Sinh viên
:
MSSV
:
Ngày sinh :
Nơi sinh
:
Khoá
:
Khoa
:
Đã tốt nghiệp chương trình kỹ sư/cử nhân ngành/chuyên ngành … hệ … theo Quyết
định công nhận tốt nghiệp số …, ngày … và đang trong thời gian chờ cấp bằng tốt
nghiệp.
Điểm trung bình chung tích lũy toàn khoá học: …
Giấy chứng nhận tốt nghiệp tạm thời có giá trị sử dụng trong thời gian 03 tháng
kể từ ngày ký.
Tp. HCM, ngày       tháng      năm
HIỆU TRƯỞNG
23
Phụ lục 8
Mẫu GIẤY CHỨNG NHẬN TỐT NGHIỆP TẠM THỜI (tiếng Anh)
(Ban hành kèm theo Quyết định số: 172/QĐ-ĐHCNTT,  ngày 08 tháng 3 năm 2023
của Hiệu trưởng Trường Đại học Công nghệ Thông tin)
VIETNAM NATIONAL UNIVERSITY HCMC
UNIVERSITY OF
INFORMATION TECHNOLOGY
SOCIALIST REPUBLIC OF VIETNAM
Independence – Freedom - Happiness
TEMPORARY CERTIFICATE OF GRADUATION
--------
President of VNUHCM - University of Information Technology certifies that
Student
:
Student ID  :
Date of birth :
Place of birth :
Academic years:
Faculty
:
Has graduated with the Bachelor of Engineering/Science Degree in the major/field of
…., with the form of training … under the Graduation Decision No….., dated on …,
and is pending the issuance of the degree.
Overall GPA: …
This temporary certificate of Graduation is valid in 03 months from the date of
signature.
Ho Chi Minh City, (month, day, year)
PRESIDENT
24
Phụ lục 9
Mẫu SỔ GỐC CẤP BẰNG CỬ NHÂN/KỸ SƯ
(Ban hành kèm theo Quyết định số: 172/QĐ-ĐHCNTT,  ngày 08 tháng 3 năm 2023
của Hiệu trưởng Trường Đại học Công nghệ Thông tin)
ĐẠI HỌC QUỐC GIA TP. HỒ CHÍ MINH
TRƯỜNG ĐẠI HỌC CÔNG NGHỆ THÔNG TIN
CỘNG HÒA XÃ HỘI CHỦ NGHĨA VIỆT NAM
Độc lập – Tự do – Hạnh phúc
SỔ GỐC CẤP BẰNG CỬ NHÂN/KỸ SƯ
Khóa học:………………
Hình thức đào tạo:…………..
Quyết định công nhận tốt nghiệp số …./…..ngày….tháng….năm…………..
Số
TT
Họ và tên
người học
Ngày tháng
năm sinh
Nơi
sinh
Giới
tính
Dân
tộc
Quốc
tịch
Ngành
đào tạo
Năm tốt
nghiệp
Hạng tốt
nghiệp
Số hiệu
văn bằng
Số vào sổ
gốc cấp văn
bằng
Người nhận văn
bằng ký và ghi
rõ họ tên
Ghi chú
TP. Hồ Chí Minh, ngày  tháng  năm
HIỆU TRƯỞNG
(ký, đóng dấu, ghi rõ họ tên)
25
Phụ lục 10
Mẫu SỔ GỐC CẤP BẰNG THẠC SĨ
(Ban hành kèm theo Quyết định số: 172/QĐ-ĐHCNTT,  ngày 08 tháng 3 năm 2023
của Hiệu trưởng Trường Đại học Công nghệ Thông tin)
ĐẠI HỌC QUỐC GIA TP. HỒ CHÍ MINH
TRƯỜNG ĐẠI HỌC CÔNG NGHỆ THÔNG TIN
CỘNG HÒA XÃ HỘI CHỦ NGHĨA VIỆT NAM
Độc lập – Tự do – Hạnh phúc
SỔ GỐC CẤP BẰNG THẠC SĨ
Hình thức đào tạo:…………..
Quyết định công nhận tốt nghiệp, cấp bằng thạc sĩ số …./…..ngày….tháng….năm…………..
Số
TT
Họ và tên
người học
Ngày
tháng
năm
sinh
Nơi
sinh
Giới
tính
Dân
tộc
Quốc
tịch
Khóa
học
Quyết định
thành lập hội
đồng đánh
giá luận văn
Ngày
bảo
vệ
Tên ngành
hoặc
chuyên
ngành đào
tạo
Số
hiệu
văn
bằng
Số vào
sổ gốc
cấp văn
bằng
Người nhận
văn bằng ký
và ghi rõ họ
tên
Loại
chương
trình đào
tạo
Ghi
chú
TP. Hồ Chí Minh, ngày  tháng  năm
HIỆU TRƯỞNG
(ký, đóng dấu, ghi rõ họ tên)
26
Phụ lục 11
Mẫu SỔ GỐC CẤP BẰNG TIẾN SĨ
(Ban hành kèm theo Quyết định số: 172/QĐ-ĐHCNTT,  ngày 08 tháng 3 năm 2023
của Hiệu trưởng Trường Đại học Công nghệ Thông tin)
ĐẠI HỌC QUỐC GIA TP. HỒ CHÍ MINH
TRƯỜNG ĐẠI HỌC CÔNG NGHỆ THÔNG TIN
CỘNG HÒA XÃ HỘI CHỦ NGHĨA VIỆT NAM
Độc lập – Tự do – Hạnh phúc
SỔ GỐC CẤP BẰNG TIẾN SĨ
Hình thức đào tạo:…………..
Quyết định công nhận tốt nghiệp, cấp bằng tiến sĩ số …./…..ngày….tháng….năm…………..
Số
TT
Họ và tên
người học
Ngày
tháng
năm
sinh
Nơi
sinh
Giới
tính
Dân
tộc
Quốc
tịch
Quyết định
thành lập
hội đồng
đánh giá
luận án
Ngày
bảo
vệ
Tên ngành
hoặc chuyên
ngành đào
tạo
Quyết
định cấp
bằng
tiến sĩ
Số hiệu
văn bằng
Số vào sổ
gốc cấp
văn bằng
Người
nhận văn
bằng ký
và ghi rõ
họ tên
Ghi
chú
Ghi chú: Quyết định thành lập Hội đồng đánh giá luận án và Quyết định cấp bằng tiến sĩ ghi rõ số, ngày tháng năm.
TP. Hồ Chí Minh, ngày  tháng  năm
HIỆU TRƯỞNG
(ký, đóng dấu, ghi rõ họ tên)
27
Phụ lục 12
Mẫu SỔ CẤP BẢN SAO BẰNG TỐT NGHIỆP ĐẠI HỌC
(Ban hành kèm theo Quyết định số: 172/QĐ-ĐHCNTT,  ngày 08 tháng 3 năm 2023
của Hiệu trưởng Trường Đại học Công nghệ Thông tin)
ĐẠI HỌC QUỐC GIA TP. HỒ CHÍ MINH
TRƯỜNG ĐẠI HỌC CÔNG NGHỆ THÔNG TIN
CỘNG HÒA XÃ HỘI CHỦ NGHĨA VIỆT NAM
Độc lập – Tự do – Hạnh phúc
SỔ CẤP BẢN SAO BẰNG TỐT NGHIỆP ĐẠI HỌC
Số
TT
Họ và tên
người
được cấp
bằng
Ngày
tháng
năm
sinh
Nơi
sinh
Giới
tính
Dân
tộc
Quốc
tịch
Khóa
học
Năm tốt
nghiệp
Ngành
đào
tạo
Xếp
loại tốt
nghiệp
Hình
thức
đào tạo
Số Quyết
định công
nhận tốt
nghiệp
Số vào sổ
gốc cấp
văn bằng
Số vào sổ
cấp bản sao
văn bằng
Số
lượng
bản sao
Ngày
cấp bản
sao
Người nhận
bản sao ký
nhận, ghi rõ
họ tên
Ghi
chú
TP. Hồ Chí Minh, ngày  tháng  năm
HIỆU TRƯỞNG
(ký, đóng dấu, ghi rõ họ tên)
28
Phụ lục 13
Mẫu SỔ CẤP BẢN SAO BẰNG TỐT NGHIỆP THẠC SĨ/ TIẾN SĨ
(Ban hành kèm theo Quyết định số: 172/QĐ-ĐHCNTT,  ngày 08 tháng 3 năm 2023
của Hiệu trưởng Trường Đại học Công nghệ Thông tin)
ĐẠI HỌC QUỐC GIA TP. HỒ CHÍ MINH
TRƯỜNG ĐẠI HỌC CÔNG NGHỆ THÔNG TIN
CỘNG HÒA XÃ HỘI CHỦ NGHĨA VIỆT NAM
Độc lập – Tự do – Hạnh phúc
SỔ CẤP BẢN SAO BẰNG TỐT NGHIỆP THẠC SĨ/ TIẾN SĨ
Số
TT
Họ và tên
người
được cấp
bằng
Ngày
tháng
năm
sinh
Nơi
sinh
Giới
tính
Dân
tộc
Quốc
tịch
Khóa
học
Năm tốt
nghiệp
Ngành
đào tạo
Hình
thức
đào tạo
Số Quyết
định công
nhận tốt
nghiệp
Số vào
sổ gốc
cấp văn
bằng
Số vào
sổ cấp
bản sao
văn
bằng
Số
lượng
bản
sao
Ngày
cấp
bản
sao
Người
nhận bản
sao ký
nhận, ghi
rõ họ tên
Ghi
chú
TP. Hồ Chí Minh, ngày  tháng  năm
HIỆU TRƯỞNG
(ký, đóng dấu, ghi rõ họ tên)
29
Phụ lục 14
Mẫu SỔ GỐC CẤP CHỨNG CHỈ
(Ban hành kèm theo Quyết định số: 172/QĐ-ĐHCNTT,  ngày 08 tháng 3 năm 2023
của Hiệu trưởng Trường Đại học Công nghệ Thông tin)
ĐẠI HỌC QUỐC GIA TP. HỒ CHÍ MINH
TRƯỜNG ĐẠI HỌC CÔNG NGHỆ THÔNG TIN
CỘNG HÒA XÃ HỘI CHỦ NGHĨA VIỆT NAM
Độc lập – Tự do – Hạnh phúc
SỔ GỐC CẤP CHỨNG CHỈ
Số
TT
Họ và tên
người học
Ngày tháng
năm sinh
Nơi
sinh
Giới
tính
Dân tộc
Xếp loại / Điểm
thi (nếu có)
Số hiệu chứng chỉ
Số vào sổ gốc
cấp chứng chỉ
Người nhận chứng
chỉ ký và ghi rõ họ
tên
Ghi chú
TP. Hồ Chí Minh, ngày  tháng  năm
THỦ TRƯỞNG ĐƠN VỊ
(ký, đóng dấu, ghi rõ họ tên)
30
Phụ lục 15
Mẫu SỔ CẤP BẢN SAO CHỨNG CHỈ
(Ban hành kèm theo Quyết định số: 172/QĐ-ĐHCNTT,  ngày 08 tháng 3 năm 2023
của Hiệu trưởng Trường Đại học Công nghệ Thông tin)
ĐẠI HỌC QUỐC GIA TP. HỒ CHÍ MINH
TRƯỜNG ĐẠI HỌC CÔNG NGHỆ THÔNG TIN
CỘNG HÒA XÃ HỘI CHỦ NGHĨA VIỆT NAM
Độc lập – Tự do – Hạnh phúc
SỔ CẤP BẢN SAO CHỨNG CHỈ
Số
TT
Họ và tên người
học
Ngày tháng
năm sinh
Nơi
sinh
Giới
tính
Dân
tộc
Xếp loại /
Điểm thi
(nếu có)
Số hiệu
chứng chỉ
Số vào sổ gốc
cấp chứng chỉ
Số lượng
bản sao
Ngày cấp
bản sao
Người nhận bản
sao chứng chỉ ký
và ghi rõ họ tên
Ghi
chú
TP. Hồ Chí Minh, ngày  tháng  năm
THỦ TRƯỞNG ĐƠN VỊ
(ký, đóng dấu, ghi rõ họ tên)
31
Phụ lục 16
Mẫu PHỤ LỤC SỔ GỐC CẤP VĂN BẰNG ĐẠI HỌC/THẠC SĨ/TIẾN SĨ
(Ban hành kèm theo Quyết định số: 172/QĐ-ĐHCNTT,  ngày 08 tháng 3 năm 2023
của Hiệu trưởng Trường Đại học Công nghệ Thông tin)
ĐẠI HỌC QUỐC GIA TP. HỒ CHÍ MINH
TRƯỜNG ĐẠI HỌC CÔNG NGHỆ THÔNG TIN
CỘNG HÒA XÃ HỘI CHỦ NGHĨA VIỆT NAM
Độc lập – Tự do – Hạnh phúc
PHỤ LỤC SỔ GỐC CẤP VĂN BẰNG ĐẠI HỌC/THẠC SĨ/TIẾN SĨ
Số TT Họ và tên
người học
Ngày
tháng
năm sinh
Số hiệu văn
bằng đã
được cấp
Số hiệu văn bằng
được cấp lại (nếu
có)
Số vào sổ gốc cấp
văn bằng mới (nếu
có)
Nội dung được chỉnh
sửa/thay đổi
Người nhận văn bằng mới hoặc được
chỉnh sửa nội dung ký và ghi rõ họ tên
Ghi chú
Tp.HCM, ngày ….. tháng .... năm ………….
HIỆU TRƯỞNG
(Ký, đóng dấu, ghi rõ họ tên)
32
Phụ lục 17
Mẫu PHỤ LỤC SỔ GỐC CẤP CHỨNG CHỈ
(Ban hành kèm theo Quyết định số: 172/QĐ-ĐHCNTT,  ngày 08 tháng 3 năm 2023
của Hiệu trưởng Trường Đại học Công nghệ Thông tin)
ĐẠI HỌC QUỐC GIA TP. HỒ CHÍ MINH
TRƯỜNG ĐẠI HỌC CÔNG NGHỆ THÔNG TIN
CỘNG HÒA XÃ HỘI CHỦ NGHĨA VIỆT NAM
Độc lập – Tự do – Hạnh phúc
PHỤ LỤC SỔ GỐC CẤP CHỨNG CHỈ
Số TT Họ và tên
người học
Ngày
tháng
năm sinh
Số hiệu
chứng chỉ đã
được cấp
Số hiệu chứng chỉ
được cấp lại (nếu
có)
Số vào sổ gốc cấp
chứng chỉ mới (nếu
có)
Nội dung được chỉnh
sửa/thay đổi
Người nhận chứng chỉ mới hoặc được
chỉnh sửa nội dung ký và ghi rõ họ tên
Ghi chú
Tp.HCM, ngày ….. tháng .... năm ………….
THỦ TRƯỞNG ĐƠN VỊ
(Ký, đóng dấu, ghi rõ họ tên)
33
Phụ lục 18
Mẫu BẰNG TỐT NGHIỆP ĐẠI HỌC dành cho các khóa tuyển trước ngày 01/7/2019
và phương thức ghi nội dung trên văn bằng
(Ban hành kèm theo Quyết định số: 172/QĐ-ĐHCNTT,  ngày 08 tháng 3 năm 2023
của Hiệu trưởng Trường Đại học Công nghệ Thông tin)
1) Mẫu bằng
2) Phương thức ghi nội dung
- (1), (1a):
+ Đối với chương trình bình thường
• (1) Ghi tên ngành đào tạo mà người được cấp văn bằng đã theo học bằng tiếng
Việt. In chữ font Times New Roman, hoa (Small caps), đậm (Bold),  kích cỡ
(Size) 12, màu đen.
• (1a) Không in.
+ Đối với chương trình đặc biệt
• (1) Ghi tên chương trình bằng tiếng Việt: “Chương trình Tài năng”, “Chương
trình Tiên tiến”. In chữ font Times New Roman, in hoa đầu từ, còn lại in thường,
đậm nghiêng (Bold Italic), kích cỡ (Size) 14, màu xanh nước biển.
34
• (1a) Ghi tên ngành đào tạo mà người được cấp văn bằng đã theo học bằng tiếng
Việt. Hình thức như quy định ở mục (1).
-  (2) Ghi họ tên của người được cấp văn bằng theo giấy khai sinh; in chữ font Times
New Roman, hoa (All caps), đậm (Bold),  kích cỡ (Size) 14, màu đen. (Ví dụ:
NGUYỄN VĂN A).
- (3) Ghi ngày, tháng, năm sinh của người được cấp văn bằng theo giấy khai sinh. Nếu
ngày sinh từ ngày 1 đến ngày 9, tháng sinh là tháng 1 đến tháng 2 thì thêm số 0 phía
trước; ghi năm sinh đủ 04 chữ số, giữa ngày tháng năm có dấu gạch / (Ví dụ:
07/02/1981). In chữ font Times New Roman, đậm (Bold),  kích cỡ (Size) 13, màu đen.
- (4) Ghi xếp loại tốt nghiệp của người được cấp văn bằng: “Xuất sắc”, “Giỏi”, “Khá”,
“Trung bình khá” hoặc “Trung bình”. In chữ font Times New Roman, thường, đậm
(Bold), kích cỡ (Size) 13, màu đen.
- (5) Ghi hình thức đào tạo: “Chính quy” hoặc “Học từ xa”. In chữ font Times New
Roman, đậm (Bold), kích cỡ (Size) 13, màu đen.
- (6) Ghi ngày, tháng, năm cấp văn bằng. In chữ font Times New Roman, đậm (Bold),
kích cỡ (Size) 10, màu đen.
- (7) Hiệu trưởng ký, ghi rõ học hàm (nếu có), học vị, họ tên và đóng dấu mộc đỏ theo
quy định. In chữ font Times New Roman, đậm (Bold), kích cỡ (Size) 13, màu đen.
- (8) Số hiệu văn bằng có sẵn.
- (9) Số vào sổ cấp bằng do Phòng Đào tạo Đại học cung cấp. In chữ font Times New
Roman, đậm (Bold), kích cỡ (Size) 10, màu đen.
- (10), (10a):
+ Đối với chương trình bình thường
• (10) Ghi “in” và tên ngành đào tạo mà người được cấp văn bằng đã theo học
bằng tiếng Anh. Hình thức in như quy định ở mục (1).
• (10a) Không in
+ Đối với chương trình đặc biệt
• (10) “Chương trình tài năng” ghi “Honor Program”, “Chương trình Tiên tiến”
ghi “Advanced Program”. Hình thức in như quy định ở mục (1) tương ứng phần
dành cho chương trình đặc biệt.
• (10a) Ghi “in” và tên ngành đào tạo mà người được cấp văn bằng đã theo học
bằng tiếng Anh. Hình thức in như quy định ở mục (1).
- (11) Ghi in hoa đầy đủ họ tên của người được cấp văn bằng như đã ghi ở mục (2) bằng
tiếng Việt không dấu. (Ví dụ: NGUYEN VAN A).
- (12) Ghi ngày tháng năm sinh của người được cấp văn bằng bằng tiếng Anh, cụ thể:
ghi tháng bằng chữ tiếng Anh, ghi ngày và năm bằng số được ngăn cách bằng dấu
phẩy. (Ví dụ: tiếng Việt ghi “07/10/2005” thì tiếng Anh ghi “October 07, 2005”). Hình
thức in như quy định ở mục (3).
- (13) Ghi xếp loại tốt nghiệp của người được cấp văn bằng bằng tiếng Anh: loại “Xuất
sắc” ghi “Excellent”, loại “Giỏi” ghi “Very good”, loại “Khá” ghi “Good”, loại “Trung
bình khá” ghi “Average good”, loại “Trung bình” ghi “Ordinary”. Hình thức in như
quy định ở mục (4).
- (14) Ghi hình thức đào tạo bằng tiếng Anh: “Chính quy” ghi “Full-time”, “Học từ xa”
ghi “Distance learning”. Hình thức in như quy định ở mục (5).
- (15) Ghi ngày tháng năm cấp văn bằng bằng tiếng Anh, như cách ghi ở mục (12). Hình
thức in như quy định ở mục (6).
35
Phụ lục 19
Mẫu BẰNG TỐT NGHIỆP ĐẠI HỌC dành cho các khóa tuyển từ ngày 01/7/2019
và phương thức ghi nội dung trên văn bằng
(Ban hành kèm theo Quyết định số: 172/QĐ-ĐHCNTT,  ngày 08 tháng 3 năm 2023
của Hiệu trưởng Trường Đại học Công nghệ Thông tin)
1) Mẫu bằng Cử nhân/Kỹ sư
36
2) Phương thức ghi nội dung
- (1), (1a):
+ Đối với chương trình bình thường
 (1) Ghi tên ngành đào tạo mà người được cấp văn bằng đã theo học bằng tiếng
Việt. In chữ font Times New Roman, hoa (Small caps), đậm (Bold),  kích cỡ
(Size) 12, màu đen.
 (1a) Không in.
+ Đối với chương trình đặc biệt
 (1) Ghi tên chương trình bằng tiếng Việt: “Chương trình Tài năng”, “Chương
trình Tiên tiến”. In chữ font Times New Roman, in hoa đầu từ, còn lại in thường,
đậm nghiêng (Bold Italic), kích cỡ (Size) 14, màu xanh nước biển.
37
 (1a) Ghi tên ngành đào tạo mà người được cấp văn bằng đã theo học bằng tiếng
Việt. Hình thức như quy định ở mục (1).
-  (2) Ghi họ tên của người được cấp văn bằng theo giấy khai sinh; in chữ font Times
New Roman, hoa (All caps), đậm (Bold),  kích cỡ (Size) 14, màu đen. (Ví dụ:
NGUYỄN VĂN A).
- (3) Ghi ngày, tháng, năm sinh của người được cấp văn bằng theo giấy khai sinh hoặc
theo hộ chiếu (đối với người nước ngoài). Nếu ngày sinh từ ngày 1 đến ngày 9, tháng
sinh là tháng 1 đến tháng 2 thì thêm số 0 phía trước; ghi năm sinh đủ 04 chữ số, giữa
ngày tháng năm có dấu gạch / (Ví dụ: 07/02/1981). In chữ font Times New Roman,
đậm (Bold),  kích cỡ (Size) 13, màu đen.
- (4) Ghi hạng tốt nghiệp của người được cấp văn bằng: “Xuất sắc”, “Giỏi”, “Khá”,
“Trung bình khá” hoặc “Trung bình”. In chữ font Times New Roman, thường, đậm
(Bold), kích cỡ (Size) 13, màu đen.
- (5) Ghi ngày, tháng, năm cấp văn bằng. In chữ font Times New Roman, đậm (Bold),
kích cỡ (Size) 10, màu đen.
- (6) Hiệu trưởng ký, ghi rõ học hàm (nếu có), học vị, họ tên và đóng dấu mộc đỏ theo
quy định. In chữ font Times New Roman, đậm (Bold), kích cỡ (Size) 13, màu đen.
- (7) Số hiệu văn bằng có sẵn.
- (8) Số vào sổ cấp văn bằng do Phòng Đào tạo Đại học cung cấp. In chữ font Times
New Roman, đậm (Bold), kích cỡ (Size) 10, màu đen.
- (9), (9a):
+ Đối với chương trình bình thường
 (9) Ghi “in” và tên ngành đào tạo mà người được cấp văn bằng đã theo học bằng
tiếng Anh. Hình thức in như quy định ở mục (1).
 (9a) Không in
+ Đối với chương trình đặc biệt
 (9) “Chương trình tài năng” ghi “Honor Program”, “Chương trình Tiên tiến” ghi
“Advanced Program”. Hình thức in như quy định ở mục (1) tương ứng phần dành
cho chương trình đặc biệt.
 (9a) Ghi “in” và tên ngành đào tạo mà người được cấp văn bằng đã theo học
bằng tiếng Anh. Hình thức in như quy định ở mục (1).
- (10) Ghi in hoa đầy đủ họ tên của người được cấp văn bằng như đã ghi ở mục (2) bằng
tiếng Việt không dấu. (Ví dụ: NGUYEN VAN A).
- (11) Ghi ngày tháng năm sinh của người được cấp văn bằng bằng tiếng Anh, cụ thể:
ghi tháng bằng chữ tiếng Anh, ghi ngày và năm bằng số được ngăn cách bằng dấu
phẩy. (Ví dụ: tiếng Việt ghi “07/10/2005” thì tiếng Anh ghi “October 07, 2005”). Hình
thức in như quy định ở mục (3).
- (12) Ghi hạng tốt nghiệp của người được cấp văn bằng bằng tiếng Anh: loại “Xuất
sắc” ghi “Excellent”, loại “Giỏi” ghi “Very good”, loại “Khá” ghi “Good”, loại “Trung
bình khá” ghi “Average good”, loại “Trung bình” ghi “Ordinary”. Hình thức in như
quy định ở mục (4).
- (13) Ghi ngày tháng năm cấp văn bằng bằng tiếng Anh, như cách ghi ở mục (11). Hình
thức in như quy định ở mục (5).
Ghi chú:
Nếu người được cấp văn bằng là người nước ngoài thì ghi các thông tin tại điểm (2),
(3), (10), (11) theo hộ chiếu.
38
Phụ lục 20
Mẫu CHỨNG CHỈ ỨNG DỤNG CÔNG NGHỆ THÔNG TIN CƠ BẢN,
CHỨNG CHỈ ỨNG DỤNG CÔNG NGHỆ THÔNG TIN NÂNG CAO
và phương thức ghi nội dung trên chứng chỉ
(Ban hành kèm theo Quyết định số: 172/QĐ-ĐHCNTT,  ngày 08 tháng 3 năm 2023
của Hiệu trưởng Trường Đại học Công nghệ Thông tin)
1) Mẫu chứng chỉ
39
2) Phương thức ghi nội dung
- (1) Ghi họ tên của người được cấp chứng chỉ theo giấy khai sinh; in chữ font Times
New Roman, hoa (All caps), đậm (Bold),  kích cỡ (Size) 13, màu đen.
- (2) Ghi ngày, tháng, năm sinh theo giấy khai sinh. Nếu ngày sinh từ ngày 1 đến ngày
9, tháng sinh là tháng 1 đến tháng 2 thì ghi thêm số 0 phía trước; ghi năm sinh đầy đủ
04 chữ số, giữa ngày tháng năm có dấu gạch / (Ví dụ: 07/02/1981). In chữ font Times
New Roman, đậm (Bold),  kích cỡ (Size) 13, màu đen.
- (3) Ghi nơi sinh của người được cấp chứng chỉ theo địa danh tỉnh, thành phố trực
thuộc Trung ương căn cứ theo giấy khai sinh (kể cả trong trường hợp tại thời điểm cấp
chứng chỉ đã có sự thay đổi địa danh hành chính nên không còn địa danh tỉnh, thành
phố trực thuộc Trung ương khi khai sinh). In chữ font Times New Roman, đậm (Bold),
kích cỡ (Size) 13, màu đen.
- (4) Ghi tên Hội đồng thi. Nếu không thành lập Hội đồng thì không ghi. In chữ font
Times New Roman, đậm (Bold),  kích cỡ (Size) 13, màu đen.
- (5), (6) Ghi điểm thi của người được cấp chứng chỉ. In chữ font Times New Roman,
đậm (Bold),  kích cỡ (Size) 13, màu đen.
- (7) Ghi địa danh tỉnh, thành phố trực thuộc Trung ương nơi cơ quan cấp chứng chỉ đặt
trụ sở chính. In chữ font Times New Roman, đậm (Bold),  kích cỡ (Size) 13, màu đen.
- (8) Ghi ngày, tháng, năm cấp chứng chỉ. In chữ font Times New Roman, đậm (Bold),
kích cỡ (Size) 10, màu đen.
- (9) Ghi HIỆU TRƯỞNG hoặc Thủ trưởng cơ sở đào tạo được ủy quyền cấp chứng
chỉ. In chữ font Times New Roman, đậm (Bold),  kích cỡ (Size) 13, màu đen.
- (10) HIỆU TRƯỞNG hoặc Thủ trưởng cơ sở đào tạo được ủy quyền cấp chứng chỉ
ký, ghi rõ học hàm, học vị, họ tên và đóng dấu theo quy định.
- (11) Do cơ quan in phôi chứng chỉ ghi khi cấp phôi.
40
- (12) Ghi số vào sổ gốc cấp chứng chỉ. In chữ font Times New Roman, đậm (Bold),
kích cỡ (Size) 13, màu đen.
- (13) Ghi tên chương trình đào tạo ngắn hạn. In chữ font Times New Roman, đậm
(Bold),  kích cỡ (Size) 13, màu đen.
41
Phụ lục 21
Mẫu BẰNG TỐT NGHIỆP THẠC SĨ
và phương thức ghi nội dung trên văn bằng
(Ban hành kèm theo Quyết định số: 172/QĐ-ĐHCNTT,  ngày 08 tháng 3 năm 2023  của
Hiệu trưởng Trường Đại học Công nghệ Thông tin)
1) Mẫu bằng thạc sĩ:
2) Phương thức ghi nội dung:
(1) Ghi tên ngành đào tạo mà người được cấp văn bằng đã theo học bằng tiếng
Việt. In chữ font Times New Roman, hoa (small caps), đậm (Bold), kích cỡ (Size) 18,
màu đen.
(2) Ghi họ tên của người được cấp văn bằng theo giấy khai sinh, in chữ font
Times New Roman, hoa (All caps), đậm (Bold), kích cỡ (Size 18), màu đen. Ví dụ:
NGUYỄN VĂN A.
(3) Ghi ngày, tháng, năm sinh của người được cấp văn bằng theo giấy khai sinh
hoặc theo hộ chiếu (đối với người nước ngoài). Nếu ngày sinh từ ngày 1 đến ngày 9,
tháng sinh là tháng 1 đến tháng 2 thì thêm số 0 phía trước; ghi năm sinh đủ 04 chữ số,
giữa ngày tháng năm có dấu gạch.
(Ví dụ: 07/02/1981). In chữ font Times New Roman, đậm (Bold), kích cỡ (Size)
16, màu đen.
(4) Ghi ngày tháng năm cấp bằng. In chữ font Times New Roman, đậm (Bold),
kích cỡ (Size) 13, màu đen.
(5) Hiệu trưởng ký, ghi rõ học hàm (nếu có), học vị, họ tên và đóng mộc đỏ theo
quy định, in chữ font Times New Roman, đậm (Bold), kích cỡ (Size) 15, màu đen.
(6) Số hiệu văn bằng có sẵn.
(7) Số vào sổ cấp văn bằng do Phòng Đào tạo Sau đại học và Khoa học Công
nghệ cung cấp, in chữ font Times New Roman, đậm (Bold), kích cỡ (Size) 12, màu
đen.
42
(8) Ghi “in” và tên ngành đào tạo mà người được cấp văn bằng đã theo học bằng
tiếng Anh. Hình thức in như quy định ở mục (1)
(9) Ghi in hoa đầy đủ họ tên của người được cấp văn bằng như đã ghi ở mục (2)
bằng tiếng Việt không dấu. (Ví dụ: NGUYEN VAN A).
(10) Ghi ngày tháng năm sinh của người được cấp văn bằng bằng tiếng Anh, cụ
thể: ghi tháng năm bằng chữ tiếng Anh, ghi ngày và năm bằng số được ngăn cách
bằng dấu phẩy.
VD: tiếng Việt ghi 07/10/2005 thì tiếng Anh ghi October 07, 2005. Hình thức in
như quy định ở mục (3)
(11) Ghi ngày tháng năm cấp văn bằng tiếng Anh như cách ghi ở mục 10. Hình
thức in như quy định ở mục (4).
Ghi chú: Nếu người được cấp văn bằng là người nước ngoài thì ghi các thông tin
tại điểm (2), (3), (10), (11) theo hộ chiếu.
43
Phụ lục 22
Mẫu BẰNG TỐT NGHIỆP TIẾN SĨ
và phương thức ghi nội dung trên văn bằng
(Ban hành kèm theo Quyết định số: 172/QĐ-ĐHCNTT,  ngày 08 tháng 3 năm 2023 của
Hiệu trưởng Trường Đại học Công nghệ Thông tin)
1) Mẫu bằng tiến sĩ:
2) Phương thức ghi nội dung:
(1) Ghi tên ngành đào tạo mà người được cấp văn bằng đã theo học bằng tiếng
Việt. In chữ font Times New Roman, hoa (small caps), đậm (Bold), kích cỡ (Size) 20,
màu đen.
(2) Ghi họ tên của người được cấp văn bằng theo giấy khai sinh, in chữ font
Times New Roman, hoa (All caps), đậm (Bold), kích cỡ (Size) 22, màu đen. Ví dụ:
NGUYỄN VĂN A.
(3) Ghi ngày, tháng, năm sinh của người được cấp văn bằng theo giấy khai sinh
hoặc theo hộ chiếu (đối với người nước ngoài). Nếu ngày sinh từ ngày 1 đến ngày 9,
tháng sinh là tháng 1 đến tháng 2 thì thêm số 0 phía trước; ghi năm sinh đủ 04 chữ số,
giữa ngày tháng năm có dấu gạch.
(Ví dụ: 07/02/1981). In chữ font Times New Roman, đậm (Bold), kích cỡ (Size)
18, màu đen.
(4) Ghi ngày tháng năm cấp bằng. In chữ font Times New Roman, đậm (Bold),
kích cỡ (Size) 15, màu đen.
(5) Hiệu trưởng ký, ghi rõ học hàm (nếu có), học vị, họ tên và đóng mộc đỏ theo
quy định, in chữ font Times New Roman, đậm (Bold), kích cỡ (Size) 18, màu đen.
(6) Số hiệu văn bằng có sẵn.
44
(7) Số vào sổ cấp văn bằng do Phòng Đào tạo Sau đại học và Khoa học Công
nghệ cung cấp, in chữ font Times New Roman, đậm (Bold), kích cỡ (Size) 14, màu
đen.
(8) Ghi “in” và tên ngành đào tạo mà người được cấp văn bằng đã theo học bằng
tiếng Anh. Hình thức in như quy định ở mục (1)
(9) Ghi in hoa đầy đủ họ tên của người được cấp văn bằng như đã ghi ở mục (2)
bằng tiếng Việt không dấu. (Ví dụ: NGUYEN VAN A).
(10) Ghi ngày tháng năm sinh của người được cấp văn bằng bằng tiếng Anh, cụ
thể: ghi tháng năm bằng chữ tiếng Anh, ghi ngày và năm bằng số được ngăn cách
bằng dấu phẩy.
Ví dụ: tiếng Việt ghi 07/10/2005 thì tiếng Anh ghi October 07, 2005. Hình thức
in như quy định ở mục (3)
(11) Ghi ngày tháng năm cấp văn bằng tiếng Anh như cách ghi ở mục 10. Hình
thức in như quy định ở mục (4).
Ghi chú: Nếu người được cấp văn bằng là người nước ngoài thì ghi các thông tin
tại điểm (2), (3), (10), (11) theo hộ chiếu."
172/QD/DHCNTT,khoan,Khoản 1,,6/32/1,32001.0,"Văn bằng đại học:
Cách ghi là: QSCZZHTXXXX
Trong đó:
- QSC: Mã trường
- ZZ : 02 số cuối của năm cấp bằng.
- H: Loại chương trình đào tạo. Cụ thể:
+ Văn bằng 1 - Đại trà/Chương trình chuẩn:
Đ
+ Văn bằng 1 - Chất lượng cao:
C
+ Văn bằng 1 - Chương trình tiên tiến:
T
+ Văn bằng 1 - Tài năng:
N
+ Văn bằng 2 - Đại trà/Chương trình chuẩn:
V
+ Văn bằng 2 - Chất lượng cao:
L
+ Liên thông - Đại trà/Chương trình chuẩn:
A
+ Liên thông - Chất lượng cao:
B
- T: Hình thức đào tạo. Cụ thể:
+ Chính quy:
Q
+ Từ xa:
X
-  XXXX: Số thứ tự sinh viên tốt nghiệp theo một loại chương trình, hình thức đào tạo
trong năm ZZ thì phải nối tiếp nhau."
172/QD/DHCNTT,khoan,Khoản 1,,6/32/1,32001.0,Chương trình đại trà (Regular Fulltime Program)
172/QD/DHCNTT,khoan,Khoản 1,,6/32/1,32001.0,"Chứng chỉ Ngoại ngữ: ghi Ngoại ngữ, Đạt loại"
172/QD/DHCNTT,khoan,Khoản 1,,6/32/1,32001.0,Mẫu bằng
172/QD/DHCNTT,khoan,Khoản 1,,6/32/1,32001.0,"Mẫu bằng Cử nhân/Kỹ sư
36"
172/QD/DHCNTT,khoan,Khoản 1,,6/32/1,32001.0,"Mẫu chứng chỉ
39"
172/QD/DHCNTT,khoan,Khoản 1,,6/32/1,32001.0,Mẫu bằng thạc sĩ:
172/QD/DHCNTT,khoan,Khoản 1,,6/32/1,32001.0,Mẫu bằng tiến sĩ:
172/QD/DHCNTT,khoan,Khoản 2,,6/32/2,32002.0,"Chứng chỉ:
Cách ghi là: QSCZZYYYYXXXXX
Trong đó:
- QSC: Mã trường
- ZZ : 02 số cuối của năm cấp bằng.
- YYYY: Viết tắt tên loại chứng chỉ. Cụ thể:
+ Chứng chỉ Ứng dụng Công nghệ Thông tin Cơ bản: CCCB
+ Chứng chỉ Ứng dụng Công nghệ Thông tin Nâng cao: CCNC
- XXXXX: số thứ tự người học được cấp chứng chỉ theo một loại chứng chỉ trong
năm ZZ thì phải nối tiếp nhau."
172/QD/DHCNTT,khoan,Khoản 2,,6/32/2,32002.0,Chương trình tài năng (Honor Program);
172/QD/DHCNTT,khoan,Khoản 2,,6/32/2,32002.0,"Chứng chỉ ứng dụng công nghệ thông tin, kết quả Điểm trắc nghiệm, Điểm thực hành, tại Hội đồng thi
(nếu không thành lập Hội đồng thi thì không ghi)"
172/QD/DHCNTT,khoan,Khoản 2,,6/32/2,32002.0,"Phương thức ghi nội dung
- (1), (1a):
+ Đối với chương trình bình thường
• (1) Ghi tên ngành đào tạo mà người được cấp văn bằng đã theo học bằng tiếng
Việt. In chữ font Times New Roman, hoa (Small caps), đậm (Bold),  kích cỡ
(Size) 12, màu đen.
• (1a) Không in.
+ Đối với chương trình đặc biệt
• (1) Ghi tên chương trình bằng tiếng Việt: “Chương trình Tài năng”, “Chương
trình Tiên tiến”. In chữ font Times New Roman, in hoa đầu từ, còn lại in thường,
đậm nghiêng (Bold Italic), kích cỡ (Size) 14, màu xanh nước biển.
34
• (1a) Ghi tên ngành đào tạo mà người được cấp văn bằng đã theo học bằng tiếng
Việt. Hình thức như quy định ở mục (1).
-  (2) Ghi họ tên của người được cấp văn bằng theo giấy khai sinh; in chữ font Times
New Roman, hoa (All caps), đậm (Bold),  kích cỡ (Size) 14, màu đen. (Ví dụ:
NGUYỄN VĂN A).
- (3) Ghi ngày, tháng, năm sinh của người được cấp văn bằng theo giấy khai sinh. Nếu
ngày sinh từ ngày 1 đến ngày 9, tháng sinh là tháng 1 đến tháng 2 thì thêm số 0 phía
trước; ghi năm sinh đủ 04 chữ số, giữa ngày tháng năm có dấu gạch / (Ví dụ:
07/02/1981). In chữ font Times New Roman, đậm (Bold),  kích cỡ (Size) 13, màu đen.
- (4) Ghi xếp loại tốt nghiệp của người được cấp văn bằng: “Xuất sắc”, “Giỏi”, “Khá”,
“Trung bình khá” hoặc “Trung bình”. In chữ font Times New Roman, thường, đậm
(Bold), kích cỡ (Size) 13, màu đen.
- (5) Ghi hình thức đào tạo: “Chính quy” hoặc “Học từ xa”. In chữ font Times New
Roman, đậm (Bold), kích cỡ (Size) 13, màu đen.
- (6) Ghi ngày, tháng, năm cấp văn bằng. In chữ font Times New Roman, đậm (Bold),
kích cỡ (Size) 10, màu đen.
- (7) Hiệu trưởng ký, ghi rõ học hàm (nếu có), học vị, họ tên và đóng dấu mộc đỏ theo
quy định. In chữ font Times New Roman, đậm (Bold), kích cỡ (Size) 13, màu đen.
- (8) Số hiệu văn bằng có sẵn.
- (9) Số vào sổ cấp bằng do Phòng Đào tạo Đại học cung cấp. In chữ font Times New
Roman, đậm (Bold), kích cỡ (Size) 10, màu đen.
- (10), (10a):
+ Đối với chương trình bình thường
• (10) Ghi “in” và tên ngành đào tạo mà người được cấp văn bằng đã theo học
bằng tiếng Anh. Hình thức in như quy định ở mục (1).
• (10a) Không in
+ Đối với chương trình đặc biệt
• (10) “Chương trình tài năng” ghi “Honor Program”, “Chương trình Tiên tiến”
ghi “Advanced Program”. Hình thức in như quy định ở mục (1) tương ứng phần
dành cho chương trình đặc biệt.
• (10a) Ghi “in” và tên ngành đào tạo mà người được cấp văn bằng đã theo học
bằng tiếng Anh. Hình thức in như quy định ở mục (1).
- (11) Ghi in hoa đầy đủ họ tên của người được cấp văn bằng như đã ghi ở mục (2) bằng
tiếng Việt không dấu. (Ví dụ: NGUYEN VAN A).
- (12) Ghi ngày tháng năm sinh của người được cấp văn bằng bằng tiếng Anh, cụ thể:
ghi tháng bằng chữ tiếng Anh, ghi ngày và năm bằng số được ngăn cách bằng dấu
phẩy. (Ví dụ: tiếng Việt ghi “07/10/2005” thì tiếng Anh ghi “October 07, 2005”). Hình
thức in như quy định ở mục (3).
- (13) Ghi xếp loại tốt nghiệp của người được cấp văn bằng bằng tiếng Anh: loại “Xuất
sắc” ghi “Excellent”, loại “Giỏi” ghi “Very good”, loại “Khá” ghi “Good”, loại “Trung
bình khá” ghi “Average good”, loại “Trung bình” ghi “Ordinary”. Hình thức in như
quy định ở mục (4).
- (14) Ghi hình thức đào tạo bằng tiếng Anh: “Chính quy” ghi “Full-time”, “Học từ xa”
ghi “Distance learning”. Hình thức in như quy định ở mục (5).
- (15) Ghi ngày tháng năm cấp văn bằng bằng tiếng Anh, như cách ghi ở mục (12). Hình
thức in như quy định ở mục (6).
35
Phụ lục 19
Mẫu BẰNG TỐT NGHIỆP ĐẠI HỌC dành cho các khóa tuyển từ ngày 01/7/2019
và phương thức ghi nội dung trên văn bằng
(Ban hành kèm theo Quyết định số: 172/QĐ-ĐHCNTT,  ngày 08 tháng 3 năm 2023
của Hiệu trưởng Trường Đại học Công nghệ Thông tin)"
172/QD/DHCNTT,khoan,Khoản 2,,6/32/2,32002.0,"Phương thức ghi nội dung
- (1), (1a):
+ Đối với chương trình bình thường
 (1) Ghi tên ngành đào tạo mà người được cấp văn bằng đã theo học bằng tiếng
Việt. In chữ font Times New Roman, hoa (Small caps), đậm (Bold),  kích cỡ
(Size) 12, màu đen.
 (1a) Không in.
+ Đối với chương trình đặc biệt
 (1) Ghi tên chương trình bằng tiếng Việt: “Chương trình Tài năng”, “Chương
trình Tiên tiến”. In chữ font Times New Roman, in hoa đầu từ, còn lại in thường,
đậm nghiêng (Bold Italic), kích cỡ (Size) 14, màu xanh nước biển.
37
 (1a) Ghi tên ngành đào tạo mà người được cấp văn bằng đã theo học bằng tiếng
Việt. Hình thức như quy định ở mục (1).
-  (2) Ghi họ tên của người được cấp văn bằng theo giấy khai sinh; in chữ font Times
New Roman, hoa (All caps), đậm (Bold),  kích cỡ (Size) 14, màu đen. (Ví dụ:
NGUYỄN VĂN A).
- (3) Ghi ngày, tháng, năm sinh của người được cấp văn bằng theo giấy khai sinh hoặc
theo hộ chiếu (đối với người nước ngoài). Nếu ngày sinh từ ngày 1 đến ngày 9, tháng
sinh là tháng 1 đến tháng 2 thì thêm số 0 phía trước; ghi năm sinh đủ 04 chữ số, giữa
ngày tháng năm có dấu gạch / (Ví dụ: 07/02/1981). In chữ font Times New Roman,
đậm (Bold),  kích cỡ (Size) 13, màu đen.
- (4) Ghi hạng tốt nghiệp của người được cấp văn bằng: “Xuất sắc”, “Giỏi”, “Khá”,
“Trung bình khá” hoặc “Trung bình”. In chữ font Times New Roman, thường, đậm
(Bold), kích cỡ (Size) 13, màu đen.
- (5) Ghi ngày, tháng, năm cấp văn bằng. In chữ font Times New Roman, đậm (Bold),
kích cỡ (Size) 10, màu đen.
- (6) Hiệu trưởng ký, ghi rõ học hàm (nếu có), học vị, họ tên và đóng dấu mộc đỏ theo
quy định. In chữ font Times New Roman, đậm (Bold), kích cỡ (Size) 13, màu đen.
- (7) Số hiệu văn bằng có sẵn.
- (8) Số vào sổ cấp văn bằng do Phòng Đào tạo Đại học cung cấp. In chữ font Times
New Roman, đậm (Bold), kích cỡ (Size) 10, màu đen.
- (9), (9a):
+ Đối với chương trình bình thường
 (9) Ghi “in” và tên ngành đào tạo mà người được cấp văn bằng đã theo học bằng
tiếng Anh. Hình thức in như quy định ở mục (1).
 (9a) Không in
+ Đối với chương trình đặc biệt
 (9) “Chương trình tài năng” ghi “Honor Program”, “Chương trình Tiên tiến” ghi
“Advanced Program”. Hình thức in như quy định ở mục (1) tương ứng phần dành
cho chương trình đặc biệt.
 (9a) Ghi “in” và tên ngành đào tạo mà người được cấp văn bằng đã theo học
bằng tiếng Anh. Hình thức in như quy định ở mục (1).
- (10) Ghi in hoa đầy đủ họ tên của người được cấp văn bằng như đã ghi ở mục (2) bằng
tiếng Việt không dấu. (Ví dụ: NGUYEN VAN A).
- (11) Ghi ngày tháng năm sinh của người được cấp văn bằng bằng tiếng Anh, cụ thể:
ghi tháng bằng chữ tiếng Anh, ghi ngày và năm bằng số được ngăn cách bằng dấu
phẩy. (Ví dụ: tiếng Việt ghi “07/10/2005” thì tiếng Anh ghi “October 07, 2005”). Hình
thức in như quy định ở mục (3).
- (12) Ghi hạng tốt nghiệp của người được cấp văn bằng bằng tiếng Anh: loại “Xuất
sắc” ghi “Excellent”, loại “Giỏi” ghi “Very good”, loại “Khá” ghi “Good”, loại “Trung
bình khá” ghi “Average good”, loại “Trung bình” ghi “Ordinary”. Hình thức in như
quy định ở mục (4).
- (13) Ghi ngày tháng năm cấp văn bằng bằng tiếng Anh, như cách ghi ở mục (11). Hình
thức in như quy định ở mục (5).
Ghi chú:
Nếu người được cấp văn bằng là người nước ngoài thì ghi các thông tin tại điểm (2),
(3), (10), (11) theo hộ chiếu.
38
Phụ lục 20
Mẫu CHỨNG CHỈ ỨNG DỤNG CÔNG NGHỆ THÔNG TIN CƠ BẢN,
CHỨNG CHỈ ỨNG DỤNG CÔNG NGHỆ THÔNG TIN NÂNG CAO
và phương thức ghi nội dung trên chứng chỉ
(Ban hành kèm theo Quyết định số: 172/QĐ-ĐHCNTT,  ngày 08 tháng 3 năm 2023
của Hiệu trưởng Trường Đại học Công nghệ Thông tin)"
172/QD/DHCNTT,khoan,Khoản 2,,6/32/2,32002.0,"Phương thức ghi nội dung
- (1) Ghi họ tên của người được cấp chứng chỉ theo giấy khai sinh; in chữ font Times
New Roman, hoa (All caps), đậm (Bold),  kích cỡ (Size) 13, màu đen.
- (2) Ghi ngày, tháng, năm sinh theo giấy khai sinh. Nếu ngày sinh từ ngày 1 đến ngày
9, tháng sinh là tháng 1 đến tháng 2 thì ghi thêm số 0 phía trước; ghi năm sinh đầy đủ
04 chữ số, giữa ngày tháng năm có dấu gạch / (Ví dụ: 07/02/1981). In chữ font Times
New Roman, đậm (Bold),  kích cỡ (Size) 13, màu đen.
- (3) Ghi nơi sinh của người được cấp chứng chỉ theo địa danh tỉnh, thành phố trực
thuộc Trung ương căn cứ theo giấy khai sinh (kể cả trong trường hợp tại thời điểm cấp
chứng chỉ đã có sự thay đổi địa danh hành chính nên không còn địa danh tỉnh, thành
phố trực thuộc Trung ương khi khai sinh). In chữ font Times New Roman, đậm (Bold),
kích cỡ (Size) 13, màu đen.
- (4) Ghi tên Hội đồng thi. Nếu không thành lập Hội đồng thì không ghi. In chữ font
Times New Roman, đậm (Bold),  kích cỡ (Size) 13, màu đen.
- (5), (6) Ghi điểm thi của người được cấp chứng chỉ. In chữ font Times New Roman,
đậm (Bold),  kích cỡ (Size) 13, màu đen.
- (7) Ghi địa danh tỉnh, thành phố trực thuộc Trung ương nơi cơ quan cấp chứng chỉ đặt
trụ sở chính. In chữ font Times New Roman, đậm (Bold),  kích cỡ (Size) 13, màu đen.
- (8) Ghi ngày, tháng, năm cấp chứng chỉ. In chữ font Times New Roman, đậm (Bold),
kích cỡ (Size) 10, màu đen.
- (9) Ghi HIỆU TRƯỞNG hoặc Thủ trưởng cơ sở đào tạo được ủy quyền cấp chứng
chỉ. In chữ font Times New Roman, đậm (Bold),  kích cỡ (Size) 13, màu đen.
- (10) HIỆU TRƯỞNG hoặc Thủ trưởng cơ sở đào tạo được ủy quyền cấp chứng chỉ
ký, ghi rõ học hàm, học vị, họ tên và đóng dấu theo quy định.
- (11) Do cơ quan in phôi chứng chỉ ghi khi cấp phôi.
40
- (12) Ghi số vào sổ gốc cấp chứng chỉ. In chữ font Times New Roman, đậm (Bold),
kích cỡ (Size) 13, màu đen.
- (13) Ghi tên chương trình đào tạo ngắn hạn. In chữ font Times New Roman, đậm
(Bold),  kích cỡ (Size) 13, màu đen.
41
Phụ lục 21
Mẫu BẰNG TỐT NGHIỆP THẠC SĨ
và phương thức ghi nội dung trên văn bằng
(Ban hành kèm theo Quyết định số: 172/QĐ-ĐHCNTT,  ngày 08 tháng 3 năm 2023  của
Hiệu trưởng Trường Đại học Công nghệ Thông tin)"
172/QD/DHCNTT,khoan,Khoản 2,,6/32/2,32002.0,"Phương thức ghi nội dung:
(1) Ghi tên ngành đào tạo mà người được cấp văn bằng đã theo học bằng tiếng
Việt. In chữ font Times New Roman, hoa (small caps), đậm (Bold), kích cỡ (Size) 18,
màu đen.
(2) Ghi họ tên của người được cấp văn bằng theo giấy khai sinh, in chữ font
Times New Roman, hoa (All caps), đậm (Bold), kích cỡ (Size 18), màu đen. Ví dụ:
NGUYỄN VĂN A.
(3) Ghi ngày, tháng, năm sinh của người được cấp văn bằng theo giấy khai sinh
hoặc theo hộ chiếu (đối với người nước ngoài). Nếu ngày sinh từ ngày 1 đến ngày 9,
tháng sinh là tháng 1 đến tháng 2 thì thêm số 0 phía trước; ghi năm sinh đủ 04 chữ số,
giữa ngày tháng năm có dấu gạch.
(Ví dụ: 07/02/1981). In chữ font Times New Roman, đậm (Bold), kích cỡ (Size)
16, màu đen.
(4) Ghi ngày tháng năm cấp bằng. In chữ font Times New Roman, đậm (Bold),
kích cỡ (Size) 13, màu đen.
(5) Hiệu trưởng ký, ghi rõ học hàm (nếu có), học vị, họ tên và đóng mộc đỏ theo
quy định, in chữ font Times New Roman, đậm (Bold), kích cỡ (Size) 15, màu đen.
(6) Số hiệu văn bằng có sẵn.
(7) Số vào sổ cấp văn bằng do Phòng Đào tạo Sau đại học và Khoa học Công
nghệ cung cấp, in chữ font Times New Roman, đậm (Bold), kích cỡ (Size) 12, màu
đen.
42
(8) Ghi “in” và tên ngành đào tạo mà người được cấp văn bằng đã theo học bằng
tiếng Anh. Hình thức in như quy định ở mục (1)
(9) Ghi in hoa đầy đủ họ tên của người được cấp văn bằng như đã ghi ở mục (2)
bằng tiếng Việt không dấu. (Ví dụ: NGUYEN VAN A).
(10) Ghi ngày tháng năm sinh của người được cấp văn bằng bằng tiếng Anh, cụ
thể: ghi tháng năm bằng chữ tiếng Anh, ghi ngày và năm bằng số được ngăn cách
bằng dấu phẩy.
VD: tiếng Việt ghi 07/10/2005 thì tiếng Anh ghi October 07, 2005. Hình thức in
như quy định ở mục (3)
(11) Ghi ngày tháng năm cấp văn bằng tiếng Anh như cách ghi ở mục 10. Hình
thức in như quy định ở mục (4).
Ghi chú: Nếu người được cấp văn bằng là người nước ngoài thì ghi các thông tin
tại điểm (2), (3), (10), (11) theo hộ chiếu.
43
Phụ lục 22
Mẫu BẰNG TỐT NGHIỆP TIẾN SĨ
và phương thức ghi nội dung trên văn bằng
(Ban hành kèm theo Quyết định số: 172/QĐ-ĐHCNTT,  ngày 08 tháng 3 năm 2023 của
Hiệu trưởng Trường Đại học Công nghệ Thông tin)"
172/QD/DHCNTT,khoan,Khoản 2,,6/32/2,32002.0,"Phương thức ghi nội dung:
(1) Ghi tên ngành đào tạo mà người được cấp văn bằng đã theo học bằng tiếng
Việt. In chữ font Times New Roman, hoa (small caps), đậm (Bold), kích cỡ (Size) 20,
màu đen.
(2) Ghi họ tên của người được cấp văn bằng theo giấy khai sinh, in chữ font
Times New Roman, hoa (All caps), đậm (Bold), kích cỡ (Size) 22, màu đen. Ví dụ:
NGUYỄN VĂN A.
(3) Ghi ngày, tháng, năm sinh của người được cấp văn bằng theo giấy khai sinh
hoặc theo hộ chiếu (đối với người nước ngoài). Nếu ngày sinh từ ngày 1 đến ngày 9,
tháng sinh là tháng 1 đến tháng 2 thì thêm số 0 phía trước; ghi năm sinh đủ 04 chữ số,
giữa ngày tháng năm có dấu gạch.
(Ví dụ: 07/02/1981). In chữ font Times New Roman, đậm (Bold), kích cỡ (Size)
18, màu đen.
(4) Ghi ngày tháng năm cấp bằng. In chữ font Times New Roman, đậm (Bold),
kích cỡ (Size) 15, màu đen.
(5) Hiệu trưởng ký, ghi rõ học hàm (nếu có), học vị, họ tên và đóng mộc đỏ theo
quy định, in chữ font Times New Roman, đậm (Bold), kích cỡ (Size) 18, màu đen.
(6) Số hiệu văn bằng có sẵn.
44
(7) Số vào sổ cấp văn bằng do Phòng Đào tạo Sau đại học và Khoa học Công
nghệ cung cấp, in chữ font Times New Roman, đậm (Bold), kích cỡ (Size) 14, màu
đen.
(8) Ghi “in” và tên ngành đào tạo mà người được cấp văn bằng đã theo học bằng
tiếng Anh. Hình thức in như quy định ở mục (1)
(9) Ghi in hoa đầy đủ họ tên của người được cấp văn bằng như đã ghi ở mục (2)
bằng tiếng Việt không dấu. (Ví dụ: NGUYEN VAN A).
(10) Ghi ngày tháng năm sinh của người được cấp văn bằng bằng tiếng Anh, cụ
thể: ghi tháng năm bằng chữ tiếng Anh, ghi ngày và năm bằng số được ngăn cách
bằng dấu phẩy.
Ví dụ: tiếng Việt ghi 07/10/2005 thì tiếng Anh ghi October 07, 2005. Hình thức
in như quy định ở mục (3)
(11) Ghi ngày tháng năm cấp văn bằng tiếng Anh như cách ghi ở mục 10. Hình
thức in như quy định ở mục (4).
Ghi chú: Nếu người được cấp văn bằng là người nước ngoài thì ghi các thông tin
tại điểm (2), (3), (10), (11) theo hộ chiếu."
172/QD/DHCNTT,khoan,Khoản 3,,6/32/3,32003.0,"Văn bằng thạc sĩ:
Cách ghi là: QSCZZ8XXX
Trong đó:
- QSC: Mã trường
- ZZ: 02 số cuối của năm cấp bằng.
- 8: Viết tắt 1 ký số đầu mã ngành đào tạo thạc sĩ.
- XXX: số thứ tự người học tốt nghiệp trong năm ZZ thì phải nối tiếp nhau."
172/QD/DHCNTT,khoan,Khoản 3,,6/32/3,32003.0,Chương trình tiên tiến (Advanced Program);
172/QD/DHCNTT,khoan,Khoản 3,,6/32/3,32003.0,"Kỹ thuật viên: ghi Ngành, Thời gian đào tạo"
172/QD/DHCNTT,khoan,Khoản 4,,6/32/4,32004.0,"Văn bằng tiến sĩ:
Cách ghi là: QSCZZ9XXX
15
Trong đó:
- QSC: Mã trường
- ZZ: 02 số cuối của năm cấp bằng.
- 9: Viết tắt 1 ký số đầu mã ngành đào tạo tiến sĩ.
- XXX: số thứ tự người học tốt nghiệp trong năm ZZ thì phải nối tiếp nhau."
172/QD/DHCNTT,khoan,Khoản 4,,6/32/4,32004.0,Chương trình chất lượng cao (High Quality Program);
172/QD/DHCNTT,khoan,Khoản 4,,6/32/4,32004.0,"Phản biện 2: ( Examiner 2) …………….., đơn vị công tác (work at): …………….."
172/QD/DHCNTT,khoan,Khoản 4,,6/32/4,32004.0,"Tên các chứng chỉ khác do Trường cấp
(**) Hiệu trưởng hoặc thủ trưởng đơn vị trực thuộc cấp chứng chỉ
22
Phụ lục 7
Mẫu GIẤY CHỨNG NHẬN TỐT NGHIỆP TẠM THỜI (tiếng Việt)
(Ban hành kèm theo Quyết định số: 172/QĐ-ĐHCNTT,  ngày 08 tháng 3 năm 2023
của Hiệu trưởng Trường Đại học Công nghệ Thông tin)
ĐẠI HỌC QUỐC GIA TP.HCM
CỘNG HÒA XÃ HỘI CHỦ NGHĨA VIỆT NAM
TRƯỜNG ĐẠI HỌC
Độc lập – Tự do – Hạnh phúc
CÔNG NGHỆ THÔNG TIN
GIẤY CHỨNG NHẬN TỐT NGHIỆP
Tạm thời
--------
Hiệu trưởng Trường Đại học Công nghệ Thông tin chứng nhận:
Sinh viên
:
MSSV
:
Ngày sinh :
Nơi sinh
:
Khoá
:
Khoa
:
Đã tốt nghiệp chương trình kỹ sư/cử nhân ngành/chuyên ngành … hệ … theo Quyết
định công nhận tốt nghiệp số …, ngày … và đang trong thời gian chờ cấp bằng tốt
nghiệp.
Điểm trung bình chung tích lũy toàn khoá học: …
Giấy chứng nhận tốt nghiệp tạm thời có giá trị sử dụng trong thời gian 03 tháng
kể từ ngày ký.
Tp. HCM, ngày       tháng      năm
HIỆU TRƯỞNG
23
Phụ lục 8
Mẫu GIẤY CHỨNG NHẬN TỐT NGHIỆP TẠM THỜI (tiếng Anh)
(Ban hành kèm theo Quyết định số: 172/QĐ-ĐHCNTT,  ngày 08 tháng 3 năm 2023
của Hiệu trưởng Trường Đại học Công nghệ Thông tin)
VIETNAM NATIONAL UNIVERSITY HCMC
UNIVERSITY OF
INFORMATION TECHNOLOGY
SOCIALIST REPUBLIC OF VIETNAM
Independence – Freedom - Happiness
TEMPORARY CERTIFICATE OF GRADUATION
--------
President of VNUHCM - University of Information Technology certifies that
Student
:
Student ID  :
Date of birth :
Place of birth :
Academic years:
Faculty
:
Has graduated with the Bachelor of Engineering/Science Degree in the major/field of
…., with the form of training … under the Graduation Decision No….., dated on …,
and is pending the issuance of the degree.
Overall GPA: …
This temporary certificate of Graduation is valid in 03 months from the date of
signature.
Ho Chi Minh City, (month, day, year)
PRESIDENT
24
Phụ lục 9
Mẫu SỔ GỐC CẤP BẰNG CỬ NHÂN/KỸ SƯ
(Ban hành kèm theo Quyết định số: 172/QĐ-ĐHCNTT,  ngày 08 tháng 3 năm 2023
của Hiệu trưởng Trường Đại học Công nghệ Thông tin)
ĐẠI HỌC QUỐC GIA TP. HỒ CHÍ MINH
TRƯỜNG ĐẠI HỌC CÔNG NGHỆ THÔNG TIN
CỘNG HÒA XÃ HỘI CHỦ NGHĨA VIỆT NAM
Độc lập – Tự do – Hạnh phúc
SỔ GỐC CẤP BẰNG CỬ NHÂN/KỸ SƯ
Khóa học:………………
Hình thức đào tạo:…………..
Quyết định công nhận tốt nghiệp số …./…..ngày….tháng….năm…………..
Số
TT
Họ và tên
người học
Ngày tháng
năm sinh
Nơi
sinh
Giới
tính
Dân
tộc
Quốc
tịch
Ngành
đào tạo
Năm tốt
nghiệp
Hạng tốt
nghiệp
Số hiệu
văn bằng
Số vào sổ
gốc cấp văn
bằng
Người nhận văn
bằng ký và ghi
rõ họ tên
Ghi chú
TP. Hồ Chí Minh, ngày  tháng  năm
HIỆU TRƯỞNG
(ký, đóng dấu, ghi rõ họ tên)
25
Phụ lục 10
Mẫu SỔ GỐC CẤP BẰNG THẠC SĨ
(Ban hành kèm theo Quyết định số: 172/QĐ-ĐHCNTT,  ngày 08 tháng 3 năm 2023
của Hiệu trưởng Trường Đại học Công nghệ Thông tin)
ĐẠI HỌC QUỐC GIA TP. HỒ CHÍ MINH
TRƯỜNG ĐẠI HỌC CÔNG NGHỆ THÔNG TIN
CỘNG HÒA XÃ HỘI CHỦ NGHĨA VIỆT NAM
Độc lập – Tự do – Hạnh phúc
SỔ GỐC CẤP BẰNG THẠC SĨ
Hình thức đào tạo:…………..
Quyết định công nhận tốt nghiệp, cấp bằng thạc sĩ số …./…..ngày….tháng….năm…………..
Số
TT
Họ và tên
người học
Ngày
tháng
năm
sinh
Nơi
sinh
Giới
tính
Dân
tộc
Quốc
tịch
Khóa
học
Quyết định
thành lập hội
đồng đánh
giá luận văn
Ngày
bảo
vệ
Tên ngành
hoặc
chuyên
ngành đào
tạo
Số
hiệu
văn
bằng
Số vào
sổ gốc
cấp văn
bằng
Người nhận
văn bằng ký
và ghi rõ họ
tên
Loại
chương
trình đào
tạo
Ghi
chú
TP. Hồ Chí Minh, ngày  tháng  năm
HIỆU TRƯỞNG
(ký, đóng dấu, ghi rõ họ tên)
26
Phụ lục 11
Mẫu SỔ GỐC CẤP BẰNG TIẾN SĨ
(Ban hành kèm theo Quyết định số: 172/QĐ-ĐHCNTT,  ngày 08 tháng 3 năm 2023
của Hiệu trưởng Trường Đại học Công nghệ Thông tin)
ĐẠI HỌC QUỐC GIA TP. HỒ CHÍ MINH
TRƯỜNG ĐẠI HỌC CÔNG NGHỆ THÔNG TIN
CỘNG HÒA XÃ HỘI CHỦ NGHĨA VIỆT NAM
Độc lập – Tự do – Hạnh phúc
SỔ GỐC CẤP BẰNG TIẾN SĨ
Hình thức đào tạo:…………..
Quyết định công nhận tốt nghiệp, cấp bằng tiến sĩ số …./…..ngày….tháng….năm…………..
Số
TT
Họ và tên
người học
Ngày
tháng
năm
sinh
Nơi
sinh
Giới
tính
Dân
tộc
Quốc
tịch
Quyết định
thành lập
hội đồng
đánh giá
luận án
Ngày
bảo
vệ
Tên ngành
hoặc chuyên
ngành đào
tạo
Quyết
định cấp
bằng
tiến sĩ
Số hiệu
văn bằng
Số vào sổ
gốc cấp
văn bằng
Người
nhận văn
bằng ký
và ghi rõ
họ tên
Ghi
chú
Ghi chú: Quyết định thành lập Hội đồng đánh giá luận án và Quyết định cấp bằng tiến sĩ ghi rõ số, ngày tháng năm.
TP. Hồ Chí Minh, ngày  tháng  năm
HIỆU TRƯỞNG
(ký, đóng dấu, ghi rõ họ tên)
27
Phụ lục 12
Mẫu SỔ CẤP BẢN SAO BẰNG TỐT NGHIỆP ĐẠI HỌC
(Ban hành kèm theo Quyết định số: 172/QĐ-ĐHCNTT,  ngày 08 tháng 3 năm 2023
của Hiệu trưởng Trường Đại học Công nghệ Thông tin)
ĐẠI HỌC QUỐC GIA TP. HỒ CHÍ MINH
TRƯỜNG ĐẠI HỌC CÔNG NGHỆ THÔNG TIN
CỘNG HÒA XÃ HỘI CHỦ NGHĨA VIỆT NAM
Độc lập – Tự do – Hạnh phúc
SỔ CẤP BẢN SAO BẰNG TỐT NGHIỆP ĐẠI HỌC
Số
TT
Họ và tên
người
được cấp
bằng
Ngày
tháng
năm
sinh
Nơi
sinh
Giới
tính
Dân
tộc
Quốc
tịch
Khóa
học
Năm tốt
nghiệp
Ngành
đào
tạo
Xếp
loại tốt
nghiệp
Hình
thức
đào tạo
Số Quyết
định công
nhận tốt
nghiệp
Số vào sổ
gốc cấp
văn bằng
Số vào sổ
cấp bản sao
văn bằng
Số
lượng
bản sao
Ngày
cấp bản
sao
Người nhận
bản sao ký
nhận, ghi rõ
họ tên
Ghi
chú
TP. Hồ Chí Minh, ngày  tháng  năm
HIỆU TRƯỞNG
(ký, đóng dấu, ghi rõ họ tên)
28
Phụ lục 13
Mẫu SỔ CẤP BẢN SAO BẰNG TỐT NGHIỆP THẠC SĨ/ TIẾN SĨ
(Ban hành kèm theo Quyết định số: 172/QĐ-ĐHCNTT,  ngày 08 tháng 3 năm 2023
của Hiệu trưởng Trường Đại học Công nghệ Thông tin)
ĐẠI HỌC QUỐC GIA TP. HỒ CHÍ MINH
TRƯỜNG ĐẠI HỌC CÔNG NGHỆ THÔNG TIN
CỘNG HÒA XÃ HỘI CHỦ NGHĨA VIỆT NAM
Độc lập – Tự do – Hạnh phúc
SỔ CẤP BẢN SAO BẰNG TỐT NGHIỆP THẠC SĨ/ TIẾN SĨ
Số
TT
Họ và tên
người
được cấp
bằng
Ngày
tháng
năm
sinh
Nơi
sinh
Giới
tính
Dân
tộc
Quốc
tịch
Khóa
học
Năm tốt
nghiệp
Ngành
đào tạo
Hình
thức
đào tạo
Số Quyết
định công
nhận tốt
nghiệp
Số vào
sổ gốc
cấp văn
bằng
Số vào
sổ cấp
bản sao
văn
bằng
Số
lượng
bản
sao
Ngày
cấp
bản
sao
Người
nhận bản
sao ký
nhận, ghi
rõ họ tên
Ghi
chú
TP. Hồ Chí Minh, ngày  tháng  năm
HIỆU TRƯỞNG
(ký, đóng dấu, ghi rõ họ tên)
29
Phụ lục 14
Mẫu SỔ GỐC CẤP CHỨNG CHỈ
(Ban hành kèm theo Quyết định số: 172/QĐ-ĐHCNTT,  ngày 08 tháng 3 năm 2023
của Hiệu trưởng Trường Đại học Công nghệ Thông tin)
ĐẠI HỌC QUỐC GIA TP. HỒ CHÍ MINH
TRƯỜNG ĐẠI HỌC CÔNG NGHỆ THÔNG TIN
CỘNG HÒA XÃ HỘI CHỦ NGHĨA VIỆT NAM
Độc lập – Tự do – Hạnh phúc
SỔ GỐC CẤP CHỨNG CHỈ
Số
TT
Họ và tên
người học
Ngày tháng
năm sinh
Nơi
sinh
Giới
tính
Dân tộc
Xếp loại / Điểm
thi (nếu có)
Số hiệu chứng chỉ
Số vào sổ gốc
cấp chứng chỉ
Người nhận chứng
chỉ ký và ghi rõ họ
tên
Ghi chú
TP. Hồ Chí Minh, ngày  tháng  năm
THỦ TRƯỞNG ĐƠN VỊ
(ký, đóng dấu, ghi rõ họ tên)
30
Phụ lục 15
Mẫu SỔ CẤP BẢN SAO CHỨNG CHỈ
(Ban hành kèm theo Quyết định số: 172/QĐ-ĐHCNTT,  ngày 08 tháng 3 năm 2023
của Hiệu trưởng Trường Đại học Công nghệ Thông tin)
ĐẠI HỌC QUỐC GIA TP. HỒ CHÍ MINH
TRƯỜNG ĐẠI HỌC CÔNG NGHỆ THÔNG TIN
CỘNG HÒA XÃ HỘI CHỦ NGHĨA VIỆT NAM
Độc lập – Tự do – Hạnh phúc
SỔ CẤP BẢN SAO CHỨNG CHỈ
Số
TT
Họ và tên người
học
Ngày tháng
năm sinh
Nơi
sinh
Giới
tính
Dân
tộc
Xếp loại /
Điểm thi
(nếu có)
Số hiệu
chứng chỉ
Số vào sổ gốc
cấp chứng chỉ
Số lượng
bản sao
Ngày cấp
bản sao
Người nhận bản
sao chứng chỉ ký
và ghi rõ họ tên
Ghi
chú
TP. Hồ Chí Minh, ngày  tháng  năm
THỦ TRƯỞNG ĐƠN VỊ
(ký, đóng dấu, ghi rõ họ tên)
31
Phụ lục 16
Mẫu PHỤ LỤC SỔ GỐC CẤP VĂN BẰNG ĐẠI HỌC/THẠC SĨ/TIẾN SĨ
(Ban hành kèm theo Quyết định số: 172/QĐ-ĐHCNTT,  ngày 08 tháng 3 năm 2023
của Hiệu trưởng Trường Đại học Công nghệ Thông tin)
ĐẠI HỌC QUỐC GIA TP. HỒ CHÍ MINH
TRƯỜNG ĐẠI HỌC CÔNG NGHỆ THÔNG TIN
CỘNG HÒA XÃ HỘI CHỦ NGHĨA VIỆT NAM
Độc lập – Tự do – Hạnh phúc
PHỤ LỤC SỔ GỐC CẤP VĂN BẰNG ĐẠI HỌC/THẠC SĨ/TIẾN SĨ
Số TT Họ và tên
người học
Ngày
tháng
năm sinh
Số hiệu văn
bằng đã
được cấp
Số hiệu văn bằng
được cấp lại (nếu
có)
Số vào sổ gốc cấp
văn bằng mới (nếu
có)
Nội dung được chỉnh
sửa/thay đổi
Người nhận văn bằng mới hoặc được
chỉnh sửa nội dung ký và ghi rõ họ tên
Ghi chú
Tp.HCM, ngày ….. tháng .... năm ………….
HIỆU TRƯỞNG
(Ký, đóng dấu, ghi rõ họ tên)
32
Phụ lục 17
Mẫu PHỤ LỤC SỔ GỐC CẤP CHỨNG CHỈ
(Ban hành kèm theo Quyết định số: 172/QĐ-ĐHCNTT,  ngày 08 tháng 3 năm 2023
của Hiệu trưởng Trường Đại học Công nghệ Thông tin)
ĐẠI HỌC QUỐC GIA TP. HỒ CHÍ MINH
TRƯỜNG ĐẠI HỌC CÔNG NGHỆ THÔNG TIN
CỘNG HÒA XÃ HỘI CHỦ NGHĨA VIỆT NAM
Độc lập – Tự do – Hạnh phúc
PHỤ LỤC SỔ GỐC CẤP CHỨNG CHỈ
Số TT Họ và tên
người học
Ngày
tháng
năm sinh
Số hiệu
chứng chỉ đã
được cấp
Số hiệu chứng chỉ
được cấp lại (nếu
có)
Số vào sổ gốc cấp
chứng chỉ mới (nếu
có)
Nội dung được chỉnh
sửa/thay đổi
Người nhận chứng chỉ mới hoặc được
chỉnh sửa nội dung ký và ghi rõ họ tên
Ghi chú
Tp.HCM, ngày ….. tháng .... năm ………….
THỦ TRƯỞNG ĐƠN VỊ
(Ký, đóng dấu, ghi rõ họ tên)
33
Phụ lục 18
Mẫu BẰNG TỐT NGHIỆP ĐẠI HỌC dành cho các khóa tuyển trước ngày 01/7/2019
và phương thức ghi nội dung trên văn bằng
(Ban hành kèm theo Quyết định số: 172/QĐ-ĐHCNTT,  ngày 08 tháng 3 năm 2023
của Hiệu trưởng Trường Đại học Công nghệ Thông tin)"
172/QD/DHCNTT,khoan,Khoản 5,,6/32/5,32005.0,"Cách đánh số vào sổ cấp bản sao
Cách đánh số vào sổ cấp bản sao là: Số vào sổ gốc văn bằng, chứng chỉ ghép với ký
hiệu “_Sn”; trong đó n là số tự nhiên liên tục từ nhỏ đến lớn theo từng văn bằng, chứng chỉ.
16
Phụ lục 2
Mẫu PHỤ LỤC VĂN BẰNG ĐẠI HỌC HỆ CHÍNH QUY & TỪ XA (mặt trước)
(Ban hành kèm theo Quyết định số: 172/QĐ-ĐHCNTT,  ngày 08 tháng 3 năm 2023
của Hiệu trưởng Trường Đại học Công nghệ Thông tin)
17
Phụ lục 2
Mẫu PHỤ LỤC VĂN BẰNG ĐẠI HỌC HỆ CHÍNH QUY (mặt sau)
(Ban hành kèm theo Quyết định số: 172/QĐ-ĐHCNTT,  ngày 08 tháng 3 năm 2023
của Hiệu trưởng Trường Đại học Công nghệ Thông tin)
Ghi chú:
a) Phụ lục được cấp kèm theo văn bằng tốt nghiệp (Appendices are attached to the diploma)
b) Chương trình học: ghi 1 trong 5 nội dung sau (Study program: write 1 of the following 5 contents)"
172/QD/DHCNTT,khoan,Khoản 5,,6/32/5,32005.0,"Chương trình chuẩn (Standard Program) (sử dụng từ khóa tuyển năm 2022);
c) Ngôn ngữ đào tạo: Chương trình tiên tiến ghi Tiếng Anh (English); các chương trình còn lại ghi Tiếng Việt (Vietnamese)
18
Phụ lục 3
Mẫu PHỤ LỤC VĂN BẰNG ĐẠI HỌC HỆ TỪ XA (mặt sau)
(Ban hành kèm theo Quyết định số: 172/QĐ-ĐHCNTT,  ngày 08 tháng 3 năm 2023
của Hiệu trưởng Trường Đại học Công nghệ Thông tin)
Ghi chú:
a) Phụ lục được cấp kèm theo văn bằng tốt nghiệp (Appendices are attached to the diploma)
b) Chương trình học: nội dung tiếng Việt ghi Từ xa (nội dung tiếng Anh ghi Distance learning)
c) Ngôn ngữ đào tạo: nội dung tiếng Việt ghi Tiếng Việt (nội dung tiếng Anh ghi Vietnamese)
19
Phụ lục 4
Mẫu PHỤ LỤC VĂN BẰNG THẠC SĨ/TIẾN SĨ
(Ban hành kèm theo Quyết định số: 172/QĐ-ĐHCNTT,  ngày 08 tháng 3 năm 2023
của Hiệu trưởng Trường Đại học Công nghệ Thông tin)
ĐẠI HỌC QUỐC GIA TPHCM
CỘNG HÒA XÃ HỘI CHỦ NGHĨA VIỆT NAM
TRƯỜNG ĐẠI HỌC
CÔNG NGHỆ THÔNG TIN
Độc lập - Tự do - Hạnh phúc
PHỤ LỤC VĂN BẰNG THẠC SĨ/ TIẾN SĨ
MASTER/DOCTOR SUPPLEMENT
Họ và tên (Full name):
Mã số học viên hoặc Nghiên cứu sinh (Student ID):
Ngày, tháng, năm sinh (Date of birth)
Nơi sinh (Place of birth):
Quyết định trúng tuyển số (Admission Decision No): …………., ngày (date): …………..
Ngành đào tạo (Major): ………….Mã ngành (Major code): ………….Khóa (Course): ………….
Chương trình đào tạo (Training Program or Form of Training): (*)
Ngôn ngữ đào tạo (Training language): Tiếng Việt (Vietnamese)
Thời gian đào tạo (Duration of training): ………….
Số hiệu văn bằng (Grad. Degree Reg. #): ………….
KẾT QUẢ HỌC TẬP (ACADEMIC RECORD)
STT
Number
Mã môn học
Course ID
Môn học
Course title
Số tín chỉ
Credits
Điểm
Score
Ghi chú
Remark
Điểm trung bình môn học (GPA of all subjects): ……………..
Điểm luận văn/luận án (GPA of Thesis): ……………..
Tên đề tài luận văn/luận án (Thesis Title) ……………..
Bảo vệ ngày, tháng, năm (The Thesis was defended on): ……………..
Hội đồng chấm luận văn/ luận án (The Thesis committee included)
1.Chủ tịch (Chairman) …………….., đơn vị công tác (work at): ……………..
2.Thư ký ( Secetary)…………….., đơn vị công tác (work at): ……………..
3.Phản biện 1 (Examiner 1) …………….., đơn vị công tác (work at): …………….."
172/QD/DHCNTT,khoan,Khoản 5,,6/32/5,32005.0,"Ủy viên (Member) …………….., đơn vị công tác (work at): ……………..
TPHCM, ngày   tháng    năm
HIỆU TRƯỞNG
(*) Ghi rõ chương trình đào tạo, phương thức đào tạo (nếu có)
20
Phụ lục 5
Mẫu BẢN SAO VĂN BẰNG ĐẠI HỌC/THẠC SĨ/TIẾN SĨ
(Ban hành kèm theo Quyết định số: 172/QĐ-ĐHCNTT,  ngày 08 tháng 3 năm 2023
của Hiệu trưởng Trường Đại học Công nghệ Thông tin)
ĐẠI HỌC QUỐC GIA TP.HCM
CỘNG HÒA XÃ HỘI CHỦ NGHĨA VIỆT NAM
TRƯỜNG ĐẠI HỌC
Độc lập – Tự do – Hạnh phúc
CÔNG NGHỆ THÔNG TIN
BẰNG KỸ SƯ/CỬ NHÂN/THẠC SĨ/TIẾN SĨ
Tên chương trình (*)
Tên ngành (**)
(BẢN SAO)
Cấp cho:
Sinh ngày:
Nơi sinh:
Bậc học:
Ngành:
Khóa học:
Theo quyết định công nhận tốt nghiệp số: …, ngày … của Hiệu trưởng Trường
Đại học Công nghệ Thông tin – Đại học Quốc gia Tp.HCM.
Số hiệu văn bằng:
Số vào sổ gốc:
Được trích từ sổ gốc cấp phát văn bằng tốt nghiệp.
Số vào sổ cấp bản sao:
Tp.HCM, ngày … tháng … năm …
HIỆU TRƯỞNG
(*): Đối với chương trình bình thường thì không ghi. Đối với chương trình đặc biệt ghi “Chương
trình Tài năng” hoặc “Chương trình Tiên tiến”.
(**): Ghi tên ngành đào tạo
21
Phụ lục 6
Mẫu BẢN SAO CHỨNG CHỈ
(Ban hành kèm theo Quyết định số: 172/QĐ-ĐHCNTT,  ngày 08 tháng 3 năm 2023
của Hiệu trưởng Trường Đại học Công nghệ Thông tin)
ĐẠI HỌC QUỐC GIA TP.HCM
CỘNG HÒA XÃ HỘI CHỦ NGHĨA VIỆT NAM
TRƯỜNG ĐẠI HỌC
Độc lập – Tự do – Hạnh phúc
CÔNG NGHỆ THÔNG  TIN
CHỨNG CHỈ
TÊN LOẠI CHỨNG CHỈ
(BẢN SAO)
Cấp cho:
Sinh ngày:
Nơi sinh:
Đã được Trường Đại học Công nghệ Thông tin – ĐHQG-HCM cấp chứng chỉ
(*)
Số hiệu chứng chỉ:
Số vào sổ gốc:
Được trích từ sổ gốc cấp chứng chỉ.
Số vào sổ cấp bản sao:
Tp.HCM, ngày … tháng … năm …
THỦ TRƯỞNG ĐƠN VỊ (**)
(ký tên, đóng dấu)
(*) Chọn 1 trong 4 nội dung sau:"
172/QD/DHCNTT,diem,Điểm a),,6/32/5/a,32005.01,Phụ lục được cấp kèm theo văn bằng tốt nghiệp (Appendices are attached to the diploma)
172/QD/DHCNTT,diem,Điểm a),,6/32/5/a,32005.02,Phụ lục được cấp kèm theo văn bằng tốt nghiệp (Appendices are attached to the diploma)
172/QD/DHCNTT,diem,Điểm b),,6/32/5/b,32005.02,Chương trình học: ghi 1 trong 5 nội dung sau (Study program: write 1 of the following 5 contents)
172/QD/DHCNTT,diem,Điểm b),,6/32/5/b,32005.03,Chương trình học: nội dung tiếng Việt ghi Từ xa (nội dung tiếng Anh ghi Distance learning)
172/QD/DHCNTT,diem,Điểm c),,6/32/5/c,32005.01,"Ngôn ngữ đào tạo: Chương trình tiên tiến ghi Tiếng Anh (English); các chương trình còn lại ghi Tiếng Việt (Vietnamese)
18
Phụ lục 3
Mẫu PHỤ LỤC VĂN BẰNG ĐẠI HỌC HỆ TỪ XA (mặt sau)
(Ban hành kèm theo Quyết định số: 172/QĐ-ĐHCNTT,  ngày 08 tháng 3 năm 2023
của Hiệu trưởng Trường Đại học Công nghệ Thông tin)
Ghi chú:"
172/QD/DHCNTT,diem,Điểm c),,6/32/5/c,32005.04,"Ngôn ngữ đào tạo: nội dung tiếng Việt ghi Tiếng Việt (nội dung tiếng Anh ghi Vietnamese)
19
Phụ lục 4
Mẫu PHỤ LỤC VĂN BẰNG THẠC SĨ/TIẾN SĨ
(Ban hành kèm theo Quyết định số: 172/QĐ-ĐHCNTT,  ngày 08 tháng 3 năm 2023
của Hiệu trưởng Trường Đại học Công nghệ Thông tin)
ĐẠI HỌC QUỐC GIA TPHCM
CỘNG HÒA XÃ HỘI CHỦ NGHĨA VIỆT NAM
TRƯỜNG ĐẠI HỌC
CÔNG NGHỆ THÔNG TIN
Độc lập - Tự do - Hạnh phúc
PHỤ LỤC VĂN BẰNG THẠC SĨ/ TIẾN SĨ
MASTER/DOCTOR SUPPLEMENT
Họ và tên (Full name):
Mã số học viên hoặc Nghiên cứu sinh (Student ID):
Ngày, tháng, năm sinh (Date of birth)
Nơi sinh (Place of birth):
Quyết định trúng tuyển số (Admission Decision No): …………., ngày (date): …………..
Ngành đào tạo (Major): ………….Mã ngành (Major code): ………….Khóa (Course): ………….
Chương trình đào tạo (Training Program or Form of Training): (*)
Ngôn ngữ đào tạo (Training language): Tiếng Việt (Vietnamese)
Thời gian đào tạo (Duration of training): ………….
Số hiệu văn bằng (Grad. Degree Reg. #): ………….
KẾT QUẢ HỌC TẬP (ACADEMIC RECORD)
STT
Number
Mã môn học
Course ID
Môn học
Course title
Số tín chỉ
Credits
Điểm
Score
Ghi chú
Remark
Điểm trung bình môn học (GPA of all subjects): ……………..
Điểm luận văn/luận án (GPA of Thesis): ……………..
Tên đề tài luận văn/luận án (Thesis Title) ……………..
Bảo vệ ngày, tháng, năm (The Thesis was defended on): ……………..
Hội đồng chấm luận văn/ luận án (The Thesis committee included)
1.Chủ tịch (Chairman) …………….., đơn vị công tác (work at): ……………..
2.Thư ký ( Secetary)…………….., đơn vị công tác (work at): ……………..
3.Phản biện 1 (Examiner 1) …………….., đơn vị công tác (work at): …………….."
507/QD/DHCNTT/27/5/2024,chuong,Chương,,0,0.0,
507/QD/DHCNTT/27/5/2024,dieu,Điều 1,Ban hành kèm theo quyết định này Quy chế đào tạo cho sinh viên hình thức,0/1,1.0,đào tạo từ xa trình độ đại học của Trường ĐHCNTT.
507/QD/DHCNTT/27/5/2024,khoan,Khoản 1,,0/1/1,1001.0,đào tạo từ xa trình độ đại học của Trường ĐHCNTT.
507/QD/DHCNTT/27/5/2024,dieu,Điều 2,Quyết định này thay thế cho Quyết định số 1206/QĐ-ĐHCNTT ngày 28 tháng,0/2,2.0,"11 năm 2023 của Hiệu trưởng Trường ĐHCNTT về việc ban hành Quy chế đào tạo cho sinh
viên hệ đào tạo từ xa trình độ đại học của Trường ĐHCNTT."
507/QD/DHCNTT/27/5/2024,khoan,Khoản 1,,0/2/1,2001.0,"11 năm 2023 của Hiệu trưởng Trường ĐHCNTT về việc ban hành Quy chế đào tạo cho sinh
viên hệ đào tạo từ xa trình độ đại học của Trường ĐHCNTT."
507/QD/DHCNTT/27/5/2024,dieu,Điều 3,"Các Ông/Bà Trưởng các Phòng, Ban, Khoa, Giám đốc Trung tâm Phát triển",0/3,3.0,"Công nghệ Thông tin và các đơn vị liên quan chịu trách nhiệm thi hành quyết định này.
Quyết định có hiệu lực kể từ ngày ký./.
Nơi nhận:
-  Như Điều 3;
-  Lưu: VT, ĐTĐH (KT).
KT. HIỆU TRƯỞNG
PHÓ HIỆU TRƯỞNG
(Đã ký)
Nguyễn Lưu Thùy Ngân
1
ĐẠI HỌC QUỐC GIA TP.HCM
TRƯỜNG ĐẠI HỌC
CÔNG NGHỆ THÔNG TIN
CỘNG HÒA XÃ HỘI CHỦ NGHĨA VIỆT NAM
Độc lập -  Tự do - Hạnh phúc
QUY CHẾ
ĐÀO TẠO TỪ XA TRÌNH ĐỘ ĐẠI HỌC
CỦA TRƯỜNG ĐẠI HỌC CÔNG NGHỆ THÔNG TIN
(Ban hành theo Quyết định số:507/QĐ-ĐHCNTT, ngày 27 tháng 5 năm 2024)
MỤC LỤC"
507/QD/DHCNTT/27/5/2024,khoan,Khoản 1,,0/3/1,3001.0,"Công nghệ Thông tin và các đơn vị liên quan chịu trách nhiệm thi hành quyết định này.
Quyết định có hiệu lực kể từ ngày ký./.
Nơi nhận:
-  Như Điều 3;
-  Lưu: VT, ĐTĐH (KT).
KT. HIỆU TRƯỞNG
PHÓ HIỆU TRƯỞNG
(Đã ký)
Nguyễn Lưu Thùy Ngân
1
ĐẠI HỌC QUỐC GIA TP.HCM
TRƯỜNG ĐẠI HỌC
CÔNG NGHỆ THÔNG TIN
CỘNG HÒA XÃ HỘI CHỦ NGHĨA VIỆT NAM
Độc lập -  Tự do - Hạnh phúc
QUY CHẾ
ĐÀO TẠO TỪ XA TRÌNH ĐỘ ĐẠI HỌC
CỦA TRƯỜNG ĐẠI HỌC CÔNG NGHỆ THÔNG TIN
(Ban hành theo Quyết định số:507/QĐ-ĐHCNTT, ngày 27 tháng 5 năm 2024)
MỤC LỤC"
507/QD/DHCNTT/27/5/2024,chuong,Chương 1,QUY ĐỊNH CHUNG .................................................................................... 4,1,1.0,QUY ĐỊNH CHUNG .................................................................................... 4
507/QD/DHCNTT/27/5/2024,chuong,Chương 1,QUY ĐỊNH CHUNG,1,1.0,QUY ĐỊNH CHUNG
507/QD/DHCNTT/27/5/2024,dieu,Điều 1,Phạm vi điều chỉnh và đối tượng áp dụng ....................................................................... 4,1/1,1001.0,Phạm vi điều chỉnh và đối tượng áp dụng ....................................................................... 4
507/QD/DHCNTT/27/5/2024,dieu,Điều 1,Phạm vi điều chỉnh và đối tượng áp dụng,1/1,1001.0,"1. Quy chế này quy định về đào tạo từ xa (ĐTTX) trình độ đại học, bao gồm: những quy
định chung; lập kế hoạch và tổ chức giảng dạy; đánh giá kết quả học tập và cấp bằng
của Trường Đại học Công nghệ Thông tin (gọi tắt là Trường) thuộc Đại học Quốc gia
TP. HCM (ĐHQG-HCM).
2. Quy chế này áp dụng đối với sinh viên, giảng viên, các đơn vị và cá nhân có liên quan
đến ĐTTX trình độ đại học của Trường Đại học Công nghệ Thông tin (ĐHCNTT)."
507/QD/DHCNTT/27/5/2024,khoan,Khoản 1,,1/1/1,1001.0,Phạm vi điều chỉnh và đối tượng áp dụng ....................................................................... 4
507/QD/DHCNTT/27/5/2024,khoan,Khoản 1,,1/1/1,1001.0,"Quy chế này quy định về đào tạo từ xa (ĐTTX) trình độ đại học, bao gồm: những quy
định chung; lập kế hoạch và tổ chức giảng dạy; đánh giá kết quả học tập và cấp bằng
của Trường Đại học Công nghệ Thông tin (gọi tắt là Trường) thuộc Đại học Quốc gia
TP. HCM (ĐHQG-HCM)."
507/QD/DHCNTT/27/5/2024,khoan,Khoản 2,,1/1/2,1002.0,"Quy chế này áp dụng đối với sinh viên, giảng viên, các đơn vị và cá nhân có liên quan
đến ĐTTX trình độ đại học của Trường Đại học Công nghệ Thông tin (ĐHCNTT)."
507/QD/DHCNTT/27/5/2024,dieu,Điều 2,Giải thích từ ngữ .............................................................................................................. 4,1/2,1002.0,Giải thích từ ngữ .............................................................................................................. 4
507/QD/DHCNTT/27/5/2024,dieu,Điều 2,Giải thích từ ngữ,1/2,1002.0,"1. Hình thức ĐTTX là hình thức đào tạo có 50% tổng khối lượng của chương trình đào tạo
trở lên được thực hiện theo một hoặc kết hợp giữa phương thức ĐTTX Mạng máy tính
và viễn thông.
2. Phương thức Mạng máy tính và viễn thông sử dụng công nghệ thông tin và truyền thông,
chủ yếu là máy tính, thiết bị di động và mạng internet hoặc mạng viễn thông để truyền
tải thông tin và tạo môi trường cho giảng viên và người học tương tác."
507/QD/DHCNTT/27/5/2024,khoan,Khoản 1,,1/2/1,2001.0,Giải thích từ ngữ .............................................................................................................. 4
507/QD/DHCNTT/27/5/2024,khoan,Khoản 1,,1/2/1,2001.0,"Hình thức ĐTTX là hình thức đào tạo có 50% tổng khối lượng của chương trình đào tạo
trở lên được thực hiện theo một hoặc kết hợp giữa phương thức ĐTTX Mạng máy tính
và viễn thông."
507/QD/DHCNTT/27/5/2024,khoan,Khoản 2,,1/2/2,2002.0,"Phương thức Mạng máy tính và viễn thông sử dụng công nghệ thông tin và truyền thông,
chủ yếu là máy tính, thiết bị di động và mạng internet hoặc mạng viễn thông để truyền
tải thông tin và tạo môi trường cho giảng viên và người học tương tác."
507/QD/DHCNTT/27/5/2024,dieu,Điều 3,Chương trình đào tạo từ xa và thời gian học tập ............................................................. 4,1/3,1003.0,Chương trình đào tạo từ xa và thời gian học tập ............................................................. 4
507/QD/DHCNTT/27/5/2024,dieu,Điều 3,Chương trình đào tạo từ xa và thời gian học tập,1/3,1003.0,"1. Chương trình ĐTTX là chương trình đào tạo đang áp dụng cho hình thức chính quy
ngành đào tạo tương ứng của Trường (sau đây gọi tắt là chương trình đào tạo chính quy)
được điều chỉnh và mô tả cụ thể trong đề cương chi tiết của mỗi học phần cho phù hợp
với hình thức ĐTTX về phương pháp dạy - học, thời lượng dạy - học, học liệu, đánh giá
kết quả học tập, trong đó yêu cầu sử dụng chủ yếu phương thức Mạng máy tính và viễn
thông.
2. Chương trình ĐTTX có kế hoạch học tập chuẩn toàn khóa theo các tiến độ học tập khác
nhau để định hướng cho người học, trong đó tổng thời gian theo kế hoạch học tập chuẩn
toàn khoá không ngắn hơn so với hình thức đào tạo chính quy.
3. Đối với người học liên thông và người học được công nhận và miễn môn học theo quy
định, thời gian tối đa để người học hoàn thành khóa học được xác định trên cơ sở thời
gian theo kế hoạch học tập chuẩn toàn khoá giảm tương ứng với khối lượng được miễn
trừ.
5
4. Chương trình ĐTTX phải được công khai đối với người học trước khi tuyển sinh và khi
bắt đầu khóa học; những thay đổi, điều chỉnh liên quan đến chương trình đào tạo được
thực hiện theo quy định hiện hành và công bố trước khi áp dụng, không gây tác động
bất lợi cho người học. Trường định kỳ tổ chức rà soát, đánh giá và cập nhật chương trình
ĐTTX."
507/QD/DHCNTT/27/5/2024,khoan,Khoản 1,,1/3/1,3001.0,Chương trình đào tạo từ xa và thời gian học tập ............................................................. 4
507/QD/DHCNTT/27/5/2024,khoan,Khoản 1,,1/3/1,3001.0,"Chương trình ĐTTX là chương trình đào tạo đang áp dụng cho hình thức chính quy
ngành đào tạo tương ứng của Trường (sau đây gọi tắt là chương trình đào tạo chính quy)
được điều chỉnh và mô tả cụ thể trong đề cương chi tiết của mỗi học phần cho phù hợp
với hình thức ĐTTX về phương pháp dạy - học, thời lượng dạy - học, học liệu, đánh giá
kết quả học tập, trong đó yêu cầu sử dụng chủ yếu phương thức Mạng máy tính và viễn
thông."
507/QD/DHCNTT/27/5/2024,khoan,Khoản 2,,1/3/2,3002.0,"Chương trình ĐTTX có kế hoạch học tập chuẩn toàn khóa theo các tiến độ học tập khác
nhau để định hướng cho người học, trong đó tổng thời gian theo kế hoạch học tập chuẩn
toàn khoá không ngắn hơn so với hình thức đào tạo chính quy."
507/QD/DHCNTT/27/5/2024,khoan,Khoản 3,,1/3/3,3003.0,"Đối với người học liên thông và người học được công nhận và miễn môn học theo quy
định, thời gian tối đa để người học hoàn thành khóa học được xác định trên cơ sở thời
gian theo kế hoạch học tập chuẩn toàn khoá giảm tương ứng với khối lượng được miễn
trừ.
5"
507/QD/DHCNTT/27/5/2024,khoan,Khoản 4,,1/3/4,3004.0,"Chương trình ĐTTX phải được công khai đối với người học trước khi tuyển sinh và khi
bắt đầu khóa học; những thay đổi, điều chỉnh liên quan đến chương trình đào tạo được
thực hiện theo quy định hiện hành và công bố trước khi áp dụng, không gây tác động
bất lợi cho người học. Trường định kỳ tổ chức rà soát, đánh giá và cập nhật chương trình
ĐTTX."
507/QD/DHCNTT/27/5/2024,dieu,Điều 4,Học liệu đào tạo từ xa ...................................................................................................... 5,1/4,1004.0,Học liệu đào tạo từ xa ...................................................................................................... 5
507/QD/DHCNTT/27/5/2024,dieu,Điều 4,Học liệu đào tạo từ xa,1/4,1004.0,"1. Học liệu ĐTTX là tài liệu giảng dạy, học tập, nghiên cứu được biên soạn, lựa chọn, thẩm
định, duyệt và sử dụng tại Trường phù hợp với phương thức ĐTTX.
2. Học liệu ĐTTX gồm học liệu chính và các học liệu bổ trợ phục vụ cho quá trình đào tạo.
3. Học liệu chính là học liệu điện tử, học liệu số bảo đảm cung cấp và truyền tải đầy đủ nội
dung của học phần/môn học để người học có thể tự học phù hợp với phương thức ĐTTX.
4. Học liệu bổ trợ cung cấp các nội dung chi tiết hỗ trợ người học hiểu biết sâu sắc, đầy đủ
những nội dung trong học liệu chính.
5. Hiệu trưởng tổ chức xây dựng, thẩm định và phê duyệt học liệu ĐTTX trước khi thực
hiện ĐTTX theo các quy định của Trường về việc biên soạn, lựa chọn, thẩm định, duyệt
và sử dụng tài liệu giảng dạy, giáo trình giáo dục đại học. Trường định kỳ tổ chức rà
soát, đánh giá và cập nhật học liệu đáp ứng yêu cầu về chuyên môn và kỹ thuật."
507/QD/DHCNTT/27/5/2024,khoan,Khoản 1,,1/4/1,4001.0,Học liệu đào tạo từ xa ...................................................................................................... 5
507/QD/DHCNTT/27/5/2024,khoan,Khoản 1,,1/4/1,4001.0,"Học liệu ĐTTX là tài liệu giảng dạy, học tập, nghiên cứu được biên soạn, lựa chọn, thẩm
định, duyệt và sử dụng tại Trường phù hợp với phương thức ĐTTX."
507/QD/DHCNTT/27/5/2024,khoan,Khoản 2,,1/4/2,4002.0,Học liệu ĐTTX gồm học liệu chính và các học liệu bổ trợ phục vụ cho quá trình đào tạo.
507/QD/DHCNTT/27/5/2024,khoan,Khoản 3,,1/4/3,4003.0,"Học liệu chính là học liệu điện tử, học liệu số bảo đảm cung cấp và truyền tải đầy đủ nội
dung của học phần/môn học để người học có thể tự học phù hợp với phương thức ĐTTX."
507/QD/DHCNTT/27/5/2024,khoan,Khoản 4,,1/4/4,4004.0,"Học liệu bổ trợ cung cấp các nội dung chi tiết hỗ trợ người học hiểu biết sâu sắc, đầy đủ
những nội dung trong học liệu chính."
507/QD/DHCNTT/27/5/2024,khoan,Khoản 5,,1/4/5,4005.0,"Hiệu trưởng tổ chức xây dựng, thẩm định và phê duyệt học liệu ĐTTX trước khi thực
hiện ĐTTX theo các quy định của Trường về việc biên soạn, lựa chọn, thẩm định, duyệt
và sử dụng tài liệu giảng dạy, giáo trình giáo dục đại học. Trường định kỳ tổ chức rà
soát, đánh giá và cập nhật học liệu đáp ứng yêu cầu về chuyên môn và kỹ thuật."
507/QD/DHCNTT/27/5/2024,dieu,Điều 5,Hệ thống đào tạo từ xa ..................................................................................................... 5,1/5,1005.0,Hệ thống đào tạo từ xa ..................................................................................................... 5
507/QD/DHCNTT/27/5/2024,dieu,Điều 5,Hệ thống đào tạo từ xa,1/5,1005.0,"Hệ thống ĐTTX gồm: Chương trình ĐTTX đã được xây dựng, thẩm định và ban hành
theo quy định hiện hành; học liệu ĐTTX; bộ máy tổ chức và quản lý, giám sát ĐTTX; hệ
thống kiểm tra, đánh giá; hệ thống kỹ thuật hỗ trợ thực hiện ĐTTX; đội ngũ giảng viên,
cán bộ hỗ trợ học tập, cán bộ quản lý; các văn bản quy định về ĐTTX."
507/QD/DHCNTT/27/5/2024,khoan,Khoản 1,,1/5/1,5001.0,Hệ thống đào tạo từ xa ..................................................................................................... 5
507/QD/DHCNTT/27/5/2024,khoan,Khoản 1,,1/5/1,5001.0,"Hệ thống ĐTTX gồm: Chương trình ĐTTX đã được xây dựng, thẩm định và ban hành
theo quy định hiện hành; học liệu ĐTTX; bộ máy tổ chức và quản lý, giám sát ĐTTX; hệ
thống kiểm tra, đánh giá; hệ thống kỹ thuật hỗ trợ thực hiện ĐTTX; đội ngũ giảng viên,
cán bộ hỗ trợ học tập, cán bộ quản lý; các văn bản quy định về ĐTTX."
507/QD/DHCNTT/27/5/2024,dieu,Điều 6,Bộ máy tổ chức và quản lý đào tạo từ xa ........................................................................ 5,1/6,1006.0,Bộ máy tổ chức và quản lý đào tạo từ xa ........................................................................ 5
507/QD/DHCNTT/27/5/2024,dieu,Điều 6,Bộ máy tổ chức và quản lý đào tạo từ xa,1/6,1006.0,"Các đơn vị chính trong bộ máy tổ chức và quản lý ĐTTX gồm:
1.  Trung tâm Phát triển Công nghệ Thông tin (TTPTCNTT): Là đơn vị triển khai ĐTTX
trình độ đại học, có những trách nhiệm:
- Quảng bá tuyển sinh, thu hồ sơ xét tuyển, phối hợp thông báo kết quả tuyển sinh
đến thí sinh.
6
- Quản lý sinh viên chương trình ĐTTX, hỗ trợ sinh viên giải quyết những vướng
mắc về thủ tục hồ sơ, những khó khăn trong quá trình học tập và hoàn cảnh cá nhân,
các thủ tục hành chính liên quan đến sinh viên theo quy định, tiếp nhận ý kiến phản
ánh của sinh viên về hoạt động đào tạo và trao đổi kịp thời với các đơn vị có trách
nhiệm liên quan để giải quyết. Cung cấp cho người học kiến thức, kỹ năng về
phương pháp học tập từ xa trước khi tham gia chính thức khóa học.
- Chịu trách nhiệm chính trong việc thiết kế, xây dựng và vận hành hệ thống ĐTTX
- Tổ chức triển khai hoạt động đào tạo và xây dựng học liệu ĐTTX của Trường đối
với tất cả các ngành đào tạo mà Trường được phép ĐTTX.
- Lên kế hoạch đào tạo chi tiết phù hợp với phương thức tổ chức ĐTTX, bố trí giảng
viên giảng dạy, cán bộ hỗ trợ học tập, cán bộ quản lý đủ về số lượng, chất lượng,
trình độ, cơ cấu; đã được bồi dưỡng về kỹ năng, phương pháp giảng dạy và quản lý
đào tạo từ xa, đảm bảo giảng viên cơ hữu của Trường phụ trách giảng dạy ít nhất
70% khối lượng chương trình ĐTTX.
- Tổ chức giảng dạy các môn học đúng chương trình đào tạo được Hiệu trưởng phê
duyệt. Việc tổ chức ĐTTX phải đảm bảo sự tương tác giữa người học với giảng
viên, giữa người học với người học;
- Phối hợp với đơn vị chuyên môn trong công tác tổ chức thi kết thúc môn học. Việc
tổ chức thi phải được thực hiện tập trung tại địa điểm đào tạo của Trường.
2. Các Đơn vị chuyên môn (Khoa, Bộ môn): chịu trách nhiệm quản lý chuyên môn theo
ngành/chuyên ngành đào tạo được giao, chủ trì việc tổ chức xây dựng chương trình đào
tạo, xây dựng học liệu ĐTTX, xây dựng ngân hàng đề thi (nếu có) cho những môn học
thuộc trách nhiệm quản lý, duyệt đề thi và tham gia các hoạt động chuyên môn khác liên
quan đến tổ chức thực hiện chương trình ĐTTX.
3. Phòng Đào tạo Đại học (P.ĐTĐH): quản lý công tác tuyển sinh, đào tạo, tốt nghiệp, cấp
bằng, cấp bảng điểm, xác nhận văn bằng.
4. Phòng Thanh tra Pháp chế & Đảm bảo Chất lượng (P.TTPC&ĐBCL): chịu trách nhiệm
kiểm tra, thanh tra mọi hoạt động liên quan đến ĐTTX đảm bảo đúng Quy chế này và
các quy chế, quy định hiện hành của Nhà nước; báo cáo Hiệu trưởng kết quả kiểm tra,
7
thanh tra; Phối hợp với TTPTCNTT để thực hiện công tác kiểm định các chương trình
ĐTTX.
5.  Phòng Dữ liệu và Công nghệ Thông tin: Phối hợp với TTPTCNTT để phát triển, bảo trì
cơ sở hạ tầng công nghệ thông tin (cả phần cứng và phần mềm) phục vụ cho ĐTTX.
6. Phòng Công tác sinh viên phối hợp với TTPTCNTT trong công tác quản lý sinh viên,
cấp thẻ sinh viên, cấp giấy xác nhận sinh viên.
Ngoài các đơn vị nói trên, các đơn vị khác trong Trường có trách nhiệm phối hợp triển khai
ĐTTX theo đúng chức năng, nhiệm vụ của đơn vị."
507/QD/DHCNTT/27/5/2024,khoan,Khoản 1,,1/6/1,6001.0,Bộ máy tổ chức và quản lý đào tạo từ xa ........................................................................ 5
507/QD/DHCNTT/27/5/2024,khoan,Khoản 1,,1/6/1,6001.0,"Trung tâm Phát triển Công nghệ Thông tin (TTPTCNTT): Là đơn vị triển khai ĐTTX
trình độ đại học, có những trách nhiệm:
- Quảng bá tuyển sinh, thu hồ sơ xét tuyển, phối hợp thông báo kết quả tuyển sinh
đến thí sinh.
6
- Quản lý sinh viên chương trình ĐTTX, hỗ trợ sinh viên giải quyết những vướng
mắc về thủ tục hồ sơ, những khó khăn trong quá trình học tập và hoàn cảnh cá nhân,
các thủ tục hành chính liên quan đến sinh viên theo quy định, tiếp nhận ý kiến phản
ánh của sinh viên về hoạt động đào tạo và trao đổi kịp thời với các đơn vị có trách
nhiệm liên quan để giải quyết. Cung cấp cho người học kiến thức, kỹ năng về
phương pháp học tập từ xa trước khi tham gia chính thức khóa học.
- Chịu trách nhiệm chính trong việc thiết kế, xây dựng và vận hành hệ thống ĐTTX
- Tổ chức triển khai hoạt động đào tạo và xây dựng học liệu ĐTTX của Trường đối
với tất cả các ngành đào tạo mà Trường được phép ĐTTX.
- Lên kế hoạch đào tạo chi tiết phù hợp với phương thức tổ chức ĐTTX, bố trí giảng
viên giảng dạy, cán bộ hỗ trợ học tập, cán bộ quản lý đủ về số lượng, chất lượng,
trình độ, cơ cấu; đã được bồi dưỡng về kỹ năng, phương pháp giảng dạy và quản lý
đào tạo từ xa, đảm bảo giảng viên cơ hữu của Trường phụ trách giảng dạy ít nhất
70% khối lượng chương trình ĐTTX.
- Tổ chức giảng dạy các môn học đúng chương trình đào tạo được Hiệu trưởng phê
duyệt. Việc tổ chức ĐTTX phải đảm bảo sự tương tác giữa người học với giảng
viên, giữa người học với người học;
- Phối hợp với đơn vị chuyên môn trong công tác tổ chức thi kết thúc môn học. Việc
tổ chức thi phải được thực hiện tập trung tại địa điểm đào tạo của Trường."
507/QD/DHCNTT/27/5/2024,khoan,Khoản 2,,1/6/2,6002.0,"Các Đơn vị chuyên môn (Khoa, Bộ môn): chịu trách nhiệm quản lý chuyên môn theo
ngành/chuyên ngành đào tạo được giao, chủ trì việc tổ chức xây dựng chương trình đào
tạo, xây dựng học liệu ĐTTX, xây dựng ngân hàng đề thi (nếu có) cho những môn học
thuộc trách nhiệm quản lý, duyệt đề thi và tham gia các hoạt động chuyên môn khác liên
quan đến tổ chức thực hiện chương trình ĐTTX."
507/QD/DHCNTT/27/5/2024,khoan,Khoản 3,,1/6/3,6003.0,"Phòng Đào tạo Đại học (P.ĐTĐH): quản lý công tác tuyển sinh, đào tạo, tốt nghiệp, cấp
bằng, cấp bảng điểm, xác nhận văn bằng."
507/QD/DHCNTT/27/5/2024,khoan,Khoản 4,,1/6/4,6004.0,"Phòng Thanh tra Pháp chế & Đảm bảo Chất lượng (P.TTPC&ĐBCL): chịu trách nhiệm
kiểm tra, thanh tra mọi hoạt động liên quan đến ĐTTX đảm bảo đúng Quy chế này và
các quy chế, quy định hiện hành của Nhà nước; báo cáo Hiệu trưởng kết quả kiểm tra,
7
thanh tra; Phối hợp với TTPTCNTT để thực hiện công tác kiểm định các chương trình
ĐTTX."
507/QD/DHCNTT/27/5/2024,khoan,Khoản 5,,1/6/5,6005.0,"Phòng Dữ liệu và Công nghệ Thông tin: Phối hợp với TTPTCNTT để phát triển, bảo trì
cơ sở hạ tầng công nghệ thông tin (cả phần cứng và phần mềm) phục vụ cho ĐTTX."
507/QD/DHCNTT/27/5/2024,khoan,Khoản 6,,1/6/6,6006.0,"Phòng Công tác sinh viên phối hợp với TTPTCNTT trong công tác quản lý sinh viên,
cấp thẻ sinh viên, cấp giấy xác nhận sinh viên.
Ngoài các đơn vị nói trên, các đơn vị khác trong Trường có trách nhiệm phối hợp triển khai
ĐTTX theo đúng chức năng, nhiệm vụ của đơn vị."
507/QD/DHCNTT/27/5/2024,chuong,Chương 2,LẬP KẾ HOẠCH VÀ TỔ CHỨC ĐÀO TẠO ........................................... 7,2,2.0,LẬP KẾ HOẠCH VÀ TỔ CHỨC ĐÀO TẠO ........................................... 7
507/QD/DHCNTT/27/5/2024,chuong,Chương 2,LẬP KẾ HOẠCH VÀ TỔ CHỨC ĐÀO TẠO,2,2.0,LẬP KẾ HOẠCH VÀ TỔ CHỨC ĐÀO TẠO
507/QD/DHCNTT/27/5/2024,dieu,Điều 10,Khóa học ........................................................................................................................ 8,2/10,2010.0,Khóa học ........................................................................................................................ 8
507/QD/DHCNTT/27/5/2024,dieu,Điều 10,Khóa học,2/10,2010.0,"1. Khóa học là thời gian thiết kế để sinh viên hoàn thành chương trình giáo dục của một
ngành chuyên môn ở trình độ đại học.
a) Đào tạo trình độ đại học được thực hiện từ 3 đến 5 năm đối với chương trình văn bằng
thứ nhất; từ 2 năm đến 2,5 năm học đối với chương trình văn bằng thứ hai; từ 1,5 năm
đến 2 năm học đối với chương trình liên thông đại học.
b) Thời gian đào tạo chương trình văn bằng thứ nhất, chương trình văn bằng thứ hai,
chương trình liên thông đại học được xác định trên cơ sở học phần và khối lượng tích
lũy quy định cho từng chương trình;
2. Thời gian tối đa thực hiện chương trình ĐTTX (để được cấp bằng) là không vượt quá 02
lần thời gian theo kế hoạch học tập chuẩn toàn khoá."
507/QD/DHCNTT/27/5/2024,khoan,Khoản 1,,2/10/1,10001.0,Khóa học ........................................................................................................................ 8
507/QD/DHCNTT/27/5/2024,khoan,Khoản 1,,2/10/1,10001.0,"Khóa học là thời gian thiết kế để sinh viên hoàn thành chương trình giáo dục của một
ngành chuyên môn ở trình độ đại học.
a) Đào tạo trình độ đại học được thực hiện từ 3 đến 5 năm đối với chương trình văn bằng
thứ nhất; từ 2 năm đến 2,5 năm học đối với chương trình văn bằng thứ hai; từ 1,5 năm
đến 2 năm học đối với chương trình liên thông đại học.
b) Thời gian đào tạo chương trình văn bằng thứ nhất, chương trình văn bằng thứ hai,
chương trình liên thông đại học được xác định trên cơ sở học phần và khối lượng tích
lũy quy định cho từng chương trình;"
507/QD/DHCNTT/27/5/2024,diem,Điểm a),,2/10/1/a,10001.01,"Đào tạo trình độ đại học được thực hiện từ 3 đến 5 năm đối với chương trình văn bằng
thứ nhất; từ 2 năm đến 2,5 năm học đối với chương trình văn bằng thứ hai; từ 1,5 năm
đến 2 năm học đối với chương trình liên thông đại học."
507/QD/DHCNTT/27/5/2024,diem,Điểm b),,2/10/1/b,10001.02,"Thời gian đào tạo chương trình văn bằng thứ nhất, chương trình văn bằng thứ hai,
chương trình liên thông đại học được xác định trên cơ sở học phần và khối lượng tích
lũy quy định cho từng chương trình;"
507/QD/DHCNTT/27/5/2024,khoan,Khoản 2,,2/10/2,10002.0,"Thời gian tối đa thực hiện chương trình ĐTTX (để được cấp bằng) là không vượt quá 02
lần thời gian theo kế hoạch học tập chuẩn toàn khoá."
507/QD/DHCNTT/27/5/2024,dieu,Điều 11,Nguyên tắc xác định học phí ......................................................................................... 8,2/11,2011.0,Nguyên tắc xác định học phí ......................................................................................... 8
507/QD/DHCNTT/27/5/2024,dieu,Điều 11,Nguyên tắc xác định học phí,2/11,2011.0,"Học phí được thu theo từng học kỳ và được tính theo công thức sau:
Học phí = HPTCHM × TCHPHM + HPTCHL × TCHPHL + HPTCCT × TCHPCT
Trong đó:
- HPTCHM: mức học phí cho loại tín chỉ học phí học mới.
- TCHPHM: tổng số tín chỉ học phí của các môn học mới.
- HPTCHL: mức học phí cho loại tín chỉ học phí học lại.
- TCHPHL: tổng số tín chỉ học phí của các môn học lại.
- HPTCCT: mức học phí cho loại tín chỉ học phí học cải thiện.
- TCHPCT: tổng số tín chỉ học phí của các môn học cải thiện.
Vào đầu khóa học hoặc năm học, Trường công bố mức học phí cho mỗi loại tín chỉ học
phí."
507/QD/DHCNTT/27/5/2024,khoan,Khoản 1,,2/11/1,11001.0,Nguyên tắc xác định học phí ......................................................................................... 8
507/QD/DHCNTT/27/5/2024,khoan,Khoản 1,,2/11/1,11001.0,"Học phí được thu theo từng học kỳ và được tính theo công thức sau:
Học phí = HPTCHM × TCHPHM + HPTCHL × TCHPHL + HPTCCT × TCHPCT
Trong đó:
- HPTCHM: mức học phí cho loại tín chỉ học phí học mới.
- TCHPHM: tổng số tín chỉ học phí của các môn học mới.
- HPTCHL: mức học phí cho loại tín chỉ học phí học lại.
- TCHPHL: tổng số tín chỉ học phí của các môn học lại.
- HPTCCT: mức học phí cho loại tín chỉ học phí học cải thiện.
- TCHPCT: tổng số tín chỉ học phí của các môn học cải thiện.
Vào đầu khóa học hoặc năm học, Trường công bố mức học phí cho mỗi loại tín chỉ học
phí."
507/QD/DHCNTT/27/5/2024,dieu,Điều 12,Phương thức giảng dạy môn học ................................................................................... 8,2/12,2012.0,Phương thức giảng dạy môn học ................................................................................... 8
507/QD/DHCNTT/27/5/2024,dieu,Điều 12,Phương thức giảng dạy môn học,2/12,2012.0,"Môn học trong chương trình đào tạo được tổ chức giảng dạy theo một hoặc kết hợp
nhiều phương thức:
+ Học tập trung: Mỗi môn học có thể được tổ chức giảng dạy tập trung tại địa điểm
đào tạo của Trường.
9
+ Học trực tuyến: Giảng viên giảng dạy, hướng dẫn sinh viên học tập trao đổi, thảo
luận thông qua các hệ thống phần mềm giảng dạy trực tuyến."
507/QD/DHCNTT/27/5/2024,khoan,Khoản 1,,2/12/1,12001.0,Phương thức giảng dạy môn học ................................................................................... 8
507/QD/DHCNTT/27/5/2024,khoan,Khoản 1,,2/12/1,12001.0,"Môn học trong chương trình đào tạo được tổ chức giảng dạy theo một hoặc kết hợp
nhiều phương thức:
+ Học tập trung: Mỗi môn học có thể được tổ chức giảng dạy tập trung tại địa điểm
đào tạo của Trường.
9
+ Học trực tuyến: Giảng viên giảng dạy, hướng dẫn sinh viên học tập trao đổi, thảo
luận thông qua các hệ thống phần mềm giảng dạy trực tuyến."
507/QD/DHCNTT/27/5/2024,dieu,Điều 13,Lớp học .......................................................................................................................... 9,2/13,2013.0,Lớp học .......................................................................................................................... 9
507/QD/DHCNTT/27/5/2024,dieu,Điều 13,Lớp học,2/13,2013.0,"Trường tổ chức lớp theo khóa học, môn học cho sinh viên hình thức ĐTTX tùy tình hình
và điều kiện cụ thể."
507/QD/DHCNTT/27/5/2024,khoan,Khoản 1,,2/13/1,13001.0,Lớp học .......................................................................................................................... 9
507/QD/DHCNTT/27/5/2024,khoan,Khoản 1,,2/13/1,13001.0,"Trường tổ chức lớp theo khóa học, môn học cho sinh viên hình thức ĐTTX tùy tình hình
và điều kiện cụ thể."
507/QD/DHCNTT/27/5/2024,dieu,Điều 14,Bảo lưu kết quả trúng tuyển .......................................................................................... 9,2/14,2014.0,Bảo lưu kết quả trúng tuyển .......................................................................................... 9
507/QD/DHCNTT/27/5/2024,dieu,Điều 14,Bảo lưu kết quả trúng tuyển,2/14,2014.0,"Sau khi được xét trúng tuyển vào Trường, do một số hoàn cảnh đặc biệt như được điều
động vào các lực lượng vũ trang, thai sản, bệnh tật, tai nạn, hoàn cảnh khó khăn xảy ra đột
xuất, thí sinh trúng tuyển có thể xin bảo lưu kết quả. Thí sinh trúng tuyển phải nộp đơn xin
bảo lưu chậm nhất 15 ngày kể từ ngày gọi nhập học cho P. ĐTĐH thông qua TTPTCNTT
và chỉ được bảo lưu khi có quyết định chấp thuận của Hiệu trưởng.
Thời gian bảo lưu kết quả trúng tuyển không quá 01 năm. Đối với trường hợp được điều
động vào các lực lượng vũ trang thì thời gian bảo lưu kết quả trúng tuyển bằng với thời
gian được điều động. Muốn nhập học lại, thí sinh phải làm đơn xin nhập học và nộp cho
P. ĐTĐH thông qua TTPTCNTT trước khi bắt đầu học kỳ ít nhất 1 tháng để được giải
quyết."
507/QD/DHCNTT/27/5/2024,khoan,Khoản 1,,2/14/1,14001.0,Bảo lưu kết quả trúng tuyển .......................................................................................... 9
507/QD/DHCNTT/27/5/2024,khoan,Khoản 1,,2/14/1,14001.0,"Sau khi được xét trúng tuyển vào Trường, do một số hoàn cảnh đặc biệt như được điều
động vào các lực lượng vũ trang, thai sản, bệnh tật, tai nạn, hoàn cảnh khó khăn xảy ra đột
xuất, thí sinh trúng tuyển có thể xin bảo lưu kết quả. Thí sinh trúng tuyển phải nộp đơn xin
bảo lưu chậm nhất 15 ngày kể từ ngày gọi nhập học cho P. ĐTĐH thông qua TTPTCNTT
và chỉ được bảo lưu khi có quyết định chấp thuận của Hiệu trưởng.
Thời gian bảo lưu kết quả trúng tuyển không quá 01 năm. Đối với trường hợp được điều
động vào các lực lượng vũ trang thì thời gian bảo lưu kết quả trúng tuyển bằng với thời
gian được điều động. Muốn nhập học lại, thí sinh phải làm đơn xin nhập học và nộp cho
P. ĐTĐH thông qua TTPTCNTT trước khi bắt đầu học kỳ ít nhất 1 tháng để được giải
quyết."
507/QD/DHCNTT/27/5/2024,dieu,Điều 15,"Đăng ký học tập, học lại và học cải thiện ...................................................................... 9",2/15,2015.0,"Đăng ký học tập, học lại và học cải thiện ...................................................................... 9"
507/QD/DHCNTT/27/5/2024,dieu,Điều 15,"Đăng ký học tập, học lại và học cải thiện",2/15,2015.0,"1.  Sinh viên được phép đăng ký học những môn học được mở trong học kỳ.
2.  Học lại: Sinh viên phải đăng ký học lại các môn học chưa đạt (có điểm tổng kết môn
học dưới 5,0) đối với những môn học có tính chất bắt buộc trong chương trình đào tạo.
3.  Học cải thiện: Sinh viên được đăng ký học lại môn học đã đạt để cải thiện điểm. Kết quả
cao nhất trong các lần học sẽ được chọn để tính vào điểm trung bình chung tích lũy và
điểm trung bình tích lũy toàn khóa."
507/QD/DHCNTT/27/5/2024,khoan,Khoản 1,,2/15/1,15001.0,"Đăng ký học tập, học lại và học cải thiện ...................................................................... 9"
507/QD/DHCNTT/27/5/2024,khoan,Khoản 1,,2/15/1,15001.0,Sinh viên được phép đăng ký học những môn học được mở trong học kỳ.
507/QD/DHCNTT/27/5/2024,khoan,Khoản 2,,2/15/2,15002.0,"Học lại: Sinh viên phải đăng ký học lại các môn học chưa đạt (có điểm tổng kết môn
học dưới 5,0) đối với những môn học có tính chất bắt buộc trong chương trình đào tạo."
507/QD/DHCNTT/27/5/2024,khoan,Khoản 3,,2/15/3,15003.0,"Học cải thiện: Sinh viên được đăng ký học lại môn học đã đạt để cải thiện điểm. Kết quả
cao nhất trong các lần học sẽ được chọn để tính vào điểm trung bình chung tích lũy và
điểm trung bình tích lũy toàn khóa."
507/QD/DHCNTT/27/5/2024,dieu,Điều 16,Xử lý học vụ .................................................................................................................. 9,2/16,2016.0,Xử lý học vụ .................................................................................................................. 9
507/QD/DHCNTT/27/5/2024,dieu,Điều 16,Xử lý học vụ,2/16,2016.0,"1.  Cảnh báo học vụ: Sinh viên bị cảnh báo học tập nếu thuộc một trong những trường hợp
sau:
- Không đóng học phí theo quy định;
- Không dự kiểm tra/thi kết thúc môn học quá 30% số môn học đăng ký trong năm
học;
10
2.  Đình chỉ học tập:
- Sinh viên bị đình chỉ học tập 1 học kỳ chính nếu vi phạm lần đầu trong việc đi thi
hộ hoặc nhờ người thi hộ.
- Đình chỉ học tập có thời hạn: áp dụng đối với những sinh viên đang trong thời gian
bị cảnh báo mà vẫn vi phạm kỷ luật hoặc vi phạm nghiêm trọng các hành vi sinh
viên không được làm; sinh viên vi phạm pháp luật bị xử phạt tù nhưng cho hưởng
án treo.
3.  Buộc thôi học: Sinh viên bị buộc thôi học và xóa tên khỏi danh sách sinh viên nếu rơi
vào một trong những trường hợp sau đây:
- Đã bị cảnh báo học vụ 2 lần liên tiếp nhưng tiếp tục vi phạm mức cảnh báo học vụ;
- Bị đình chỉ học vụ lần thứ hai;
- Đã hết thời gian tối đa hoàn thành khóa học theo Quy chế này;
- Không tham gia học tập 1 năm trở lên;
- Vi phạm kỷ luật có tính chất và mức độ nghiêm trọng, gây ảnh hưởng xấu đến
Trường và xã hội;
- Vi phạm pháp luật bị xử phạt tù giam."
507/QD/DHCNTT/27/5/2024,khoan,Khoản 1,,2/16/1,16001.0,Xử lý học vụ .................................................................................................................. 9
507/QD/DHCNTT/27/5/2024,khoan,Khoản 1,,2/16/1,16001.0,"Cảnh báo học vụ: Sinh viên bị cảnh báo học tập nếu thuộc một trong những trường hợp
sau:
- Không đóng học phí theo quy định;
- Không dự kiểm tra/thi kết thúc môn học quá 30% số môn học đăng ký trong năm
học;
10"
507/QD/DHCNTT/27/5/2024,khoan,Khoản 2,,2/16/2,16002.0,"Đình chỉ học tập:
- Sinh viên bị đình chỉ học tập 1 học kỳ chính nếu vi phạm lần đầu trong việc đi thi
hộ hoặc nhờ người thi hộ.
- Đình chỉ học tập có thời hạn: áp dụng đối với những sinh viên đang trong thời gian
bị cảnh báo mà vẫn vi phạm kỷ luật hoặc vi phạm nghiêm trọng các hành vi sinh
viên không được làm; sinh viên vi phạm pháp luật bị xử phạt tù nhưng cho hưởng
án treo."
507/QD/DHCNTT/27/5/2024,khoan,Khoản 3,,2/16/3,16003.0,"Buộc thôi học: Sinh viên bị buộc thôi học và xóa tên khỏi danh sách sinh viên nếu rơi
vào một trong những trường hợp sau đây:
- Đã bị cảnh báo học vụ 2 lần liên tiếp nhưng tiếp tục vi phạm mức cảnh báo học vụ;
- Bị đình chỉ học vụ lần thứ hai;
- Đã hết thời gian tối đa hoàn thành khóa học theo Quy chế này;
- Không tham gia học tập 1 năm trở lên;
- Vi phạm kỷ luật có tính chất và mức độ nghiêm trọng, gây ảnh hưởng xấu đến
Trường và xã hội;
- Vi phạm pháp luật bị xử phạt tù giam."
507/QD/DHCNTT/27/5/2024,dieu,Điều 17,"Thôi học, tạm dừng học tập ......................................................................................... 10",2/17,2017.0,"Thôi học, tạm dừng học tập ......................................................................................... 10"
507/QD/DHCNTT/27/5/2024,dieu,Điều 17,"Thôi học, tạm dừng học tập",2/17,2017.0,"1. Trường hợp vì hoàn cảnh cá nhân, sinh viên có thể gửi đơn xin thôi học trừ trường hợp
bị dự kiến buộc thôi học hoặc kỷ luật. Trường xem xét ra quyết định cho phép thôi học
và xóa tên khỏi danh sách sinh viên. Những sinh viên đã có quyết định thôi học muốn
quay trở lại học phải dự tuyển đầu vào như những thí sinh khác.
2. Sinh viên được quyền xin tạm dừng học tập và được bảo lưu kết quả học tập trong các
trường hợp sau:
- Được cơ quan có thẩm quyền điều động, đại diện quốc gia tham dự các kỳ thi, giải
đấu quốc tế.
- Bị ốm, thai sản hoặc tai nạn phải điều trị thời gian dài, có chứng nhận của cơ sở
khám bệnh, chữa bệnh có thẩm quyền theo quy định của Bộ Y tế.
11
- Trường hợp vì lý do cá nhân, sinh viên phải học ít nhất một học kỳ ở Trường và
không rơi vào các trường hợp bị đình chỉ học tập, có xác nhận của gia đình và giấy
tờ liên quan hợp lệ.
3.  Thời gian tạm dừng học tập từ một đến tối đa hai học kỳ chính liên tiếp, được tính vào
thời gian tối đa hoàn thành khóa học quy định tại Điều 10 của quy chế này, ngoại trừ
trường hợp được điều động vào lực lượng vũ trang.
4.  Sinh viên tạm dừng học tập, khi muốn trở lại học tiếp tại Trường phải hoàn tất các thủ
tục  theo quy định của Trường."
507/QD/DHCNTT/27/5/2024,khoan,Khoản 1,,2/17/1,17001.0,"Thôi học, tạm dừng học tập ......................................................................................... 10"
507/QD/DHCNTT/27/5/2024,khoan,Khoản 1,,2/17/1,17001.0,"Trường hợp vì hoàn cảnh cá nhân, sinh viên có thể gửi đơn xin thôi học trừ trường hợp
bị dự kiến buộc thôi học hoặc kỷ luật. Trường xem xét ra quyết định cho phép thôi học
và xóa tên khỏi danh sách sinh viên. Những sinh viên đã có quyết định thôi học muốn
quay trở lại học phải dự tuyển đầu vào như những thí sinh khác."
507/QD/DHCNTT/27/5/2024,khoan,Khoản 2,,2/17/2,17002.0,"Sinh viên được quyền xin tạm dừng học tập và được bảo lưu kết quả học tập trong các
trường hợp sau:
- Được cơ quan có thẩm quyền điều động, đại diện quốc gia tham dự các kỳ thi, giải
đấu quốc tế.
- Bị ốm, thai sản hoặc tai nạn phải điều trị thời gian dài, có chứng nhận của cơ sở
khám bệnh, chữa bệnh có thẩm quyền theo quy định của Bộ Y tế.
11
- Trường hợp vì lý do cá nhân, sinh viên phải học ít nhất một học kỳ ở Trường và
không rơi vào các trường hợp bị đình chỉ học tập, có xác nhận của gia đình và giấy
tờ liên quan hợp lệ."
507/QD/DHCNTT/27/5/2024,khoan,Khoản 3,,2/17/3,17003.0,"Thời gian tạm dừng học tập từ một đến tối đa hai học kỳ chính liên tiếp, được tính vào
thời gian tối đa hoàn thành khóa học quy định tại Điều 10 của quy chế này, ngoại trừ
trường hợp được điều động vào lực lượng vũ trang."
507/QD/DHCNTT/27/5/2024,khoan,Khoản 4,,2/17/4,17004.0,"Sinh viên tạm dừng học tập, khi muốn trở lại học tiếp tại Trường phải hoàn tất các thủ
tục  theo quy định của Trường."
507/QD/DHCNTT/27/5/2024,dieu,Điều 18,"Chuyển ngành, chuyển hình thức đào tạo, chuyển trường. ......................................... 11",2/18,2018.0,"Chuyển ngành, chuyển hình thức đào tạo, chuyển trường. ......................................... 11"
507/QD/DHCNTT/27/5/2024,dieu,Điều 18,"Chuyển ngành, chuyển hình thức đào tạo, chuyển trường.",2/18,2018.0,"1.  Chuyển ngành
Sinh viên hình thức ĐTTX được xin chuyển sang ngành ĐTTX khác của Trường nếu
đủ điều kiện trúng tuyển ngành đào tạo của khóa tuyển tương ứng. Sinh viên nộp đơn
xin chuyển ngành cho P.ĐTĐH thông qua TTPTCNTT. Hiệu trưởng ra quyết định
chuyển ngành trên cơ sở đề nghị của P.ĐTĐH.
2. Chuyển hình thức đào tạo
Sinh viên các hình thức đào tạo khác của Trường được chuyển sang học ĐTTX. Sinh
viên nộp đơn xin chuyển cho P.ĐTĐH thông qua TTPTCNTT. Hiệu trưởng ra quyết
định chuyển hình thức đào tạo trên cơ sở đề nghị của P.ĐTĐH.
3.  Chuyển trường
Sinh viên được chuyển trường nếu có đủ các điều kiện sau:
- Trong thời gian học tập, nếu gia đình sinh viên chuyển hộ khẩu thường trú, chuyển
nơi công tác hoặc sinh viên có hoàn cảnh khó khăn, cần thiết phải chuyển đến trường
gần nơi cư trú để có điều kiện học tập;
- Trường xin chuyển đi và trường tiếp nhận có cùng ngành học hoặc cùng nhóm ngành
đào tạo;
- Được sự đồng ý của Hiệu trưởng trường xin chuyển đi và Hiệu trưởng trường tiếp
nhận.
12"
507/QD/DHCNTT/27/5/2024,khoan,Khoản 1,,2/18/1,18001.0,"Chuyển ngành, chuyển hình thức đào tạo, chuyển trường. ......................................... 11"
507/QD/DHCNTT/27/5/2024,khoan,Khoản 1,,2/18/1,18001.0,"Chuyển ngành
Sinh viên hình thức ĐTTX được xin chuyển sang ngành ĐTTX khác của Trường nếu
đủ điều kiện trúng tuyển ngành đào tạo của khóa tuyển tương ứng. Sinh viên nộp đơn
xin chuyển ngành cho P.ĐTĐH thông qua TTPTCNTT. Hiệu trưởng ra quyết định
chuyển ngành trên cơ sở đề nghị của P.ĐTĐH."
507/QD/DHCNTT/27/5/2024,khoan,Khoản 2,,2/18/2,18002.0,"Chuyển hình thức đào tạo
Sinh viên các hình thức đào tạo khác của Trường được chuyển sang học ĐTTX. Sinh
viên nộp đơn xin chuyển cho P.ĐTĐH thông qua TTPTCNTT. Hiệu trưởng ra quyết
định chuyển hình thức đào tạo trên cơ sở đề nghị của P.ĐTĐH."
507/QD/DHCNTT/27/5/2024,khoan,Khoản 3,,2/18/3,18003.0,"Chuyển trường
Sinh viên được chuyển trường nếu có đủ các điều kiện sau:
- Trong thời gian học tập, nếu gia đình sinh viên chuyển hộ khẩu thường trú, chuyển
nơi công tác hoặc sinh viên có hoàn cảnh khó khăn, cần thiết phải chuyển đến trường
gần nơi cư trú để có điều kiện học tập;
- Trường xin chuyển đi và trường tiếp nhận có cùng ngành học hoặc cùng nhóm ngành
đào tạo;
- Được sự đồng ý của Hiệu trưởng trường xin chuyển đi và Hiệu trưởng trường tiếp
nhận.
12"
507/QD/DHCNTT/27/5/2024,dieu,Điều 7,Nguyên tắc tổ chức đào tạo ............................................................................................. 7,2/7,2007.0,Nguyên tắc tổ chức đào tạo ............................................................................................. 7
507/QD/DHCNTT/27/5/2024,dieu,Điều 7,Nguyên tắc tổ chức đào tạo,2/7,2007.0,"1.  Tổ chức đào tạo hình thức ĐTTX được thực hiện theo học chế tín chỉ và được tiến hành
liên tục, linh hoạt theo nguyện vọng của sinh viên trên cơ sở năm học, học kỳ.
2. Mỗi sinh viên hình thức ĐTTX có một mã số riêng theo quy định của Trường, phải chấp
hành quy chế, quy định hiện hành của Trường đối với ĐTTX và được hưởng các chính
sách dành cho sinh viên hình thức ĐTTX."
507/QD/DHCNTT/27/5/2024,khoan,Khoản 1,,2/7/1,7001.0,Nguyên tắc tổ chức đào tạo ............................................................................................. 7
507/QD/DHCNTT/27/5/2024,khoan,Khoản 1,,2/7/1,7001.0,"Tổ chức đào tạo hình thức ĐTTX được thực hiện theo học chế tín chỉ và được tiến hành
liên tục, linh hoạt theo nguyện vọng của sinh viên trên cơ sở năm học, học kỳ."
507/QD/DHCNTT/27/5/2024,khoan,Khoản 2,,2/7/2,7002.0,"Mỗi sinh viên hình thức ĐTTX có một mã số riêng theo quy định của Trường, phải chấp
hành quy chế, quy định hiện hành của Trường đối với ĐTTX và được hưởng các chính
sách dành cho sinh viên hình thức ĐTTX."
507/QD/DHCNTT/27/5/2024,dieu,Điều 8,"Kế hoạch giảng dạy và học tập, tổ chức đăng ký học tập ............................................... 7",2/8,2008.0,"Kế hoạch giảng dạy và học tập, tổ chức đăng ký học tập ............................................... 7"
507/QD/DHCNTT/27/5/2024,dieu,Điều 8,"Kế hoạch giảng dạy và học tập, tổ chức đăng ký học tập",2/8,2008.0,"1.  Đầu khoá học, TTPTCNTT có trách nhiệm thông báo cho sinh viên về:
- Chương trình đào tạo toàn khóa cho từng ngành học.
- Quy chế đào tạo và các quy định của Trường.
- Quyền lợi và nghĩa vụ của sinh viên.
2.  Đầu mỗi học kỳ, TTPTCNTT có trách nhiệm thông báo cho sinh viên về:
- Thông tin cập nhật chương trình đào tạo, học phí (nếu có).
- Kế hoạch học tập, thời khóa biểu của học kỳ."
507/QD/DHCNTT/27/5/2024,khoan,Khoản 1,,2/8/1,8001.0,"Kế hoạch giảng dạy và học tập, tổ chức đăng ký học tập ............................................... 7"
507/QD/DHCNTT/27/5/2024,khoan,Khoản 1,,2/8/1,8001.0,"Đầu khoá học, TTPTCNTT có trách nhiệm thông báo cho sinh viên về:
- Chương trình đào tạo toàn khóa cho từng ngành học.
- Quy chế đào tạo và các quy định của Trường.
- Quyền lợi và nghĩa vụ của sinh viên."
507/QD/DHCNTT/27/5/2024,khoan,Khoản 2,,2/8/2,8002.0,"Đầu mỗi học kỳ, TTPTCNTT có trách nhiệm thông báo cho sinh viên về:
- Thông tin cập nhật chương trình đào tạo, học phí (nếu có).
- Kế hoạch học tập, thời khóa biểu của học kỳ."
507/QD/DHCNTT/27/5/2024,dieu,Điều 9,"Học kỳ, năm học .............................................................................................................. 7",2/9,2009.0,"Học kỳ, năm học .............................................................................................................. 7"
507/QD/DHCNTT/27/5/2024,dieu,Điều 9,"Học kỳ, năm học",2/9,2009.0,"1.  Học kỳ là thời gian để sinh viên hoàn thành một số môn học của chương trình đào tạo.
2.  Một năm học của hình thức ĐTTX có 3 học kỳ.
8"
507/QD/DHCNTT/27/5/2024,khoan,Khoản 1,,2/9/1,9001.0,"Học kỳ, năm học .............................................................................................................. 7"
507/QD/DHCNTT/27/5/2024,khoan,Khoản 1,,2/9/1,9001.0,Học kỳ là thời gian để sinh viên hoàn thành một số môn học của chương trình đào tạo.
507/QD/DHCNTT/27/5/2024,khoan,Khoản 2,,2/9/2,9002.0,"Một năm học của hình thức ĐTTX có 3 học kỳ.
8"
507/QD/DHCNTT/27/5/2024,chuong,Chương 3,ĐÁNH GIÁ KẾT QUẢ HỌC TẬP VÀ CẤP BẰNG ............................ 12,3,3.0,ĐÁNH GIÁ KẾT QUẢ HỌC TẬP VÀ CẤP BẰNG ............................ 12
507/QD/DHCNTT/27/5/2024,chuong,Chương 3,ĐÁNH GIÁ KẾT QUẢ HỌC TẬP VÀ CẤP BẰNG,3,3.0,ĐÁNH GIÁ KẾT QUẢ HỌC TẬP VÀ CẤP BẰNG
507/QD/DHCNTT/27/5/2024,dieu,Điều 19,"Đánh giá kết quả học tập của học phần, học kỳ, năm học, toàn khóa ......................... 12",3/19,3019.0,"Đánh giá kết quả học tập của học phần, học kỳ, năm học, toàn khóa ......................... 12"
507/QD/DHCNTT/27/5/2024,dieu,Điều 19,"Đánh giá kết quả học tập của học phần, học kỳ, năm học, toàn khóa",3/19,3019.0,"1.  Giảng viên giảng dạy môn học có trách nhiệm phổ biến quy trình kiểm tra, đánh giá
môn học vào đầu học kỳ để đảm bảo người học hiểu được các yêu cầu cho việc hoàn
thành môn học.
2.  Tổ chức kiểm tra, đánh giá môn học được thực hiện trên cơ sở quy định của hình thức
giáo dục chính quy. Giảng viên giảng dạy môn học có thể chủ động thay đổi hình thức
đánh giá phù hợp với hình thức ĐTTX. Thành phần và hình thức đánh giá đối với ĐTTX
được thể hiện trong đề cương môn học có sự phê duyệt của đơn vị quản lý chuyên môn
đối với môn học. Đề thi kết thúc học phần được xây dựng phù hợp với nội dung và yêu
cầu về thi kết thúc học phần, được lãnh đạo đơn vị chủ trì phụ trách chuyên môn kiểm
tra, xác nhận.
3.  Tổ chức thi kết thúc học phần theo hình thức trực tiếp, người học phải tập trung tại địa
điểm đào tạo của Trường, được giám sát bởi cán bộ của Trường.
4.  Thang điểm đánh giá và xếp loại
Các loại điểm của học phần được đánh giá theo thang điểm 10. Các thang điểm khác chỉ
mang tính tham khảo, chuyển đổi khi cần thiết.
Bảng xếp loại và thang điểm tương ứng
Loại
Thang điểm 10
Thang điểm 100
Điểm 4
Điểm chữ
Xếp loại
Đạt
9,0 đến 10,0
Từ 90 đến 100
4,0
A+
Xuất sắc
8,0 đến cận 9,0
Từ 80 đến cận 90
3,5
A
Giỏi
7,0 đến cận 8,0
Từ 70 đến cận 80
3,0
B+
Khá
6,0 đến cận 7,0
Từ 60 đến cận 70
2,5
B
Trung bình khá
5,0 đến cận 6,0
Từ 50 đến cận 60
2,0
C
Trung bình
Không
đạt
4,0 đến cận 5,0
Từ 40 đến cận 50
1,5
D+
Yếu
3,0 đến cận 4,0
Từ 30 đến cận 40
1,0
D
Kém
< 3,0
Dưới 30
0,0
F
13"
507/QD/DHCNTT/27/5/2024,khoan,Khoản 1,,3/19/1,19001.0,"Đánh giá kết quả học tập của học phần, học kỳ, năm học, toàn khóa ......................... 12"
507/QD/DHCNTT/27/5/2024,khoan,Khoản 1,,3/19/1,19001.0,"Giảng viên giảng dạy môn học có trách nhiệm phổ biến quy trình kiểm tra, đánh giá
môn học vào đầu học kỳ để đảm bảo người học hiểu được các yêu cầu cho việc hoàn
thành môn học."
507/QD/DHCNTT/27/5/2024,khoan,Khoản 2,,3/19/2,19002.0,"Tổ chức kiểm tra, đánh giá môn học được thực hiện trên cơ sở quy định của hình thức
giáo dục chính quy. Giảng viên giảng dạy môn học có thể chủ động thay đổi hình thức
đánh giá phù hợp với hình thức ĐTTX. Thành phần và hình thức đánh giá đối với ĐTTX
được thể hiện trong đề cương môn học có sự phê duyệt của đơn vị quản lý chuyên môn
đối với môn học. Đề thi kết thúc học phần được xây dựng phù hợp với nội dung và yêu
cầu về thi kết thúc học phần, được lãnh đạo đơn vị chủ trì phụ trách chuyên môn kiểm
tra, xác nhận."
507/QD/DHCNTT/27/5/2024,khoan,Khoản 3,,3/19/3,19003.0,"Tổ chức thi kết thúc học phần theo hình thức trực tiếp, người học phải tập trung tại địa
điểm đào tạo của Trường, được giám sát bởi cán bộ của Trường."
507/QD/DHCNTT/27/5/2024,khoan,Khoản 4,,3/19/4,19004.0,"Thang điểm đánh giá và xếp loại
Các loại điểm của học phần được đánh giá theo thang điểm 10. Các thang điểm khác chỉ
mang tính tham khảo, chuyển đổi khi cần thiết.
Bảng xếp loại và thang điểm tương ứng
Loại
Thang điểm 10
Thang điểm 100
Điểm 4
Điểm chữ
Xếp loại
Đạt
9,0 đến 10,0
Từ 90 đến 100
4,0
A+
Xuất sắc
8,0 đến cận 9,0
Từ 80 đến cận 90
3,5
A
Giỏi
7,0 đến cận 8,0
Từ 70 đến cận 80
3,0
B+
Khá
6,0 đến cận 7,0
Từ 60 đến cận 70
2,5
B
Trung bình khá
5,0 đến cận 6,0
Từ 50 đến cận 60
2,0
C
Trung bình
Không
đạt
4,0 đến cận 5,0
Từ 40 đến cận 50
1,5
D+
Yếu
3,0 đến cận 4,0
Từ 30 đến cận 40
1,0
D
Kém
< 3,0
Dưới 30
0,0
F
13"
507/QD/DHCNTT/27/5/2024,dieu,Điều 20,Công nhận kết quả học tập .......................................................................................... 13,3/20,3020.0,Công nhận kết quả học tập .......................................................................................... 13
507/QD/DHCNTT/27/5/2024,dieu,Điều 20,Công nhận kết quả học tập,3/20,3020.0,"Khi có nhu cầu công nhận kết quả học tập từ các các cơ sở đào tạo khác, sinh viên nộp
đơn xin công nhận kết quả học tập kèm các hồ sơ liên quan cho P.ĐTĐH thông qua
TTPTCNTT. Đơn vị chuyên môn có trách nhiệm xem xét, quyết định công nhận kết quả
học tập để chuyển đổi, miễn trừ những môn học mà sinh viên đã tích lũy ở các chương
trình đào tạo cấp văn bằng khác. Số tín chỉ được công nhận kết quả học tập để chuyển đổi,
miễn trừ tích lũy từ các cơ sở đào tạo khác ngoài Trường ĐHCNTT không được vượt quá
50% tổng số tín chỉ của chương trình ĐTTX."
507/QD/DHCNTT/27/5/2024,khoan,Khoản 1,,3/20/1,20001.0,Công nhận kết quả học tập .......................................................................................... 13
507/QD/DHCNTT/27/5/2024,khoan,Khoản 1,,3/20/1,20001.0,"Khi có nhu cầu công nhận kết quả học tập từ các các cơ sở đào tạo khác, sinh viên nộp
đơn xin công nhận kết quả học tập kèm các hồ sơ liên quan cho P.ĐTĐH thông qua
TTPTCNTT. Đơn vị chuyên môn có trách nhiệm xem xét, quyết định công nhận kết quả
học tập để chuyển đổi, miễn trừ những môn học mà sinh viên đã tích lũy ở các chương
trình đào tạo cấp văn bằng khác. Số tín chỉ được công nhận kết quả học tập để chuyển đổi,
miễn trừ tích lũy từ các cơ sở đào tạo khác ngoài Trường ĐHCNTT không được vượt quá
50% tổng số tín chỉ của chương trình ĐTTX."
507/QD/DHCNTT/27/5/2024,dieu,Điều 21,Điều kiện xét tốt nghiệp và công nhận tốt nghiệp ....................................................... 13,3/21,3021.0,Điều kiện xét tốt nghiệp và công nhận tốt nghiệp ....................................................... 13
507/QD/DHCNTT/27/5/2024,dieu,Điều 21,Điều kiện xét tốt nghiệp và công nhận tốt nghiệp,3/21,3021.0,"1. Định kỳ theo kế hoạch đã được Hiệu trưởng phê duyệt, những sinh viên có đủ các điều
kiện sau đây có thể nộp hồ sơ đề nghị xét tốt nghiệp. Để được Trường xét cấp bằng tốt
nghiệp, sinh viên nộp hồ sơ đề nghị xét tốt nghiệp khi đã đáp ứng đủ các điều kiện sau
đây:
- Tại thời điểm xét tốt nghiệp, sinh viên không đang trong thời gian bị truy cứu trách
nhiệm hình sự hoặc bị kỷ luật từ mức đình chỉ học tập trở lên.
- Đã hoàn thành nghĩa vụ học phí.
- Đã hoàn thành các môn học, tích lũy đủ số tín chỉ theo đúng chương trình đào tạo.
2. Căn cứ biên bản và đề nghị của Hội đồng xét tốt nghiệp, Hiệu trưởng ký quyết định công
nhận tốt nghiệp cho những sinh viên đủ điều kiện theo quy định.
3. Hội đồng xét tốt nghiệp do Hiệu trưởng hoặc Phó Hiệu trưởng được Hiệu trưởng ủy
quyền làm Chủ tịch, Trưởng phòng hoặc Phó Trưởng phòng Đào tạo Đại học làm thư
ký; các thành viên khác là lãnh đạo Phòng, Ban, Khoa có liên quan và TTPTCNTT.
4. Sinh viên đủ điều kiện tốt nghiệp được Hiệu trưởng ra quyết định công nhận tốt nghiệp
và được cấp bằng trong thời hạn 30 ngày tính từ ngày có quyết định công nhận tốt
nghiệp."
507/QD/DHCNTT/27/5/2024,khoan,Khoản 1,,3/21/1,21001.0,Điều kiện xét tốt nghiệp và công nhận tốt nghiệp ....................................................... 13
507/QD/DHCNTT/27/5/2024,khoan,Khoản 1,,3/21/1,21001.0,"Định kỳ theo kế hoạch đã được Hiệu trưởng phê duyệt, những sinh viên có đủ các điều
kiện sau đây có thể nộp hồ sơ đề nghị xét tốt nghiệp. Để được Trường xét cấp bằng tốt
nghiệp, sinh viên nộp hồ sơ đề nghị xét tốt nghiệp khi đã đáp ứng đủ các điều kiện sau
đây:
- Tại thời điểm xét tốt nghiệp, sinh viên không đang trong thời gian bị truy cứu trách
nhiệm hình sự hoặc bị kỷ luật từ mức đình chỉ học tập trở lên.
- Đã hoàn thành nghĩa vụ học phí.
- Đã hoàn thành các môn học, tích lũy đủ số tín chỉ theo đúng chương trình đào tạo."
507/QD/DHCNTT/27/5/2024,khoan,Khoản 2,,3/21/2,21002.0,"Căn cứ biên bản và đề nghị của Hội đồng xét tốt nghiệp, Hiệu trưởng ký quyết định công
nhận tốt nghiệp cho những sinh viên đủ điều kiện theo quy định."
507/QD/DHCNTT/27/5/2024,khoan,Khoản 3,,3/21/3,21003.0,"Hội đồng xét tốt nghiệp do Hiệu trưởng hoặc Phó Hiệu trưởng được Hiệu trưởng ủy
quyền làm Chủ tịch, Trưởng phòng hoặc Phó Trưởng phòng Đào tạo Đại học làm thư
ký; các thành viên khác là lãnh đạo Phòng, Ban, Khoa có liên quan và TTPTCNTT."
507/QD/DHCNTT/27/5/2024,khoan,Khoản 4,,3/21/4,21004.0,"Sinh viên đủ điều kiện tốt nghiệp được Hiệu trưởng ra quyết định công nhận tốt nghiệp
và được cấp bằng trong thời hạn 30 ngày tính từ ngày có quyết định công nhận tốt
nghiệp."
507/QD/DHCNTT/27/5/2024,dieu,Điều 22,Cấp bằng tốt nghiệp ..................................................................................................... 13,3/22,3022.0,Cấp bằng tốt nghiệp ..................................................................................................... 13
507/QD/DHCNTT/27/5/2024,dieu,Điều 22,Cấp bằng tốt nghiệp,3/22,3022.0,"1. Bằng tốt nghiệp được cấp theo ngành đào tạo. Bằng chỉ được cấp cho sinh viên khi đã
ghi đầy đủ, chính xác các nội dung trên bằng.
14
2. Xếp loại tốt nghiệp được xác định dựa trên ĐTBCTL theo bảng xếp loại quy định tại
Khoản 4, Điều 19 của Quy chế này. Riêng đối với những sinh viên có kết quả học tập
toàn khóa đạt ""Xuất sắc"", loại tốt nghiệp sẽ giảm xuống 1 bậc nếu rơi vào các trường
hợp sau (nếu đồng thời rơi vào nhiều trường hợp thì cũng chỉ giảm 1 bậc):
- Có thời gian học tập tại Trường vượt quá 02 học kỳ so với thời gian thiết kế
chương trình đào tạo.
- Trong thời gian học, đã bị kỷ luật mức cảnh cáo trở lên.
- Có số tín chỉ học lại vượt quá 5% tổng số tín chỉ toàn khóa.
3. Kết quả học tập của sinh viên phải được ghi vào bảng điểm theo từng học phần. Trong
bảng điểm ghi rõ chuyên ngành (nếu có).
4. Những sinh viên không đủ điều kiện cấp bằng tốt nghiệp nhưng chưa hết thời gian tối
đa được phép học, được bảo lưu các học phần có kết quả đạt. Trong thời gian tối đa
được phép học như quy định tại Khoản 2, Điều 10 của Quy chế này, sinh viên được đăng
ký học lại những học phần chưa đạt hoặc chưa học.
5. Những sinh viên đã hết thời hạn tối đa được phép học nhưng không đủ điều kiện cấp
bằng tốt nghiệp hoặc đã thôi học được đề nghị Trường cấp giấy chứng nhận kết quả học
tập của các học phần đã tích lũy trong quá trình học tại Trường."
507/QD/DHCNTT/27/5/2024,khoan,Khoản 1,,3/22/1,22001.0,Cấp bằng tốt nghiệp ..................................................................................................... 13
507/QD/DHCNTT/27/5/2024,khoan,Khoản 1,,3/22/1,22001.0,"Bằng tốt nghiệp được cấp theo ngành đào tạo. Bằng chỉ được cấp cho sinh viên khi đã
ghi đầy đủ, chính xác các nội dung trên bằng.
14"
507/QD/DHCNTT/27/5/2024,khoan,Khoản 2,,3/22/2,22002.0,"Xếp loại tốt nghiệp được xác định dựa trên ĐTBCTL theo bảng xếp loại quy định tại
Khoản 4, Điều 19 của Quy chế này. Riêng đối với những sinh viên có kết quả học tập
toàn khóa đạt ""Xuất sắc"", loại tốt nghiệp sẽ giảm xuống 1 bậc nếu rơi vào các trường
hợp sau (nếu đồng thời rơi vào nhiều trường hợp thì cũng chỉ giảm 1 bậc):
- Có thời gian học tập tại Trường vượt quá 02 học kỳ so với thời gian thiết kế
chương trình đào tạo.
- Trong thời gian học, đã bị kỷ luật mức cảnh cáo trở lên.
- Có số tín chỉ học lại vượt quá 5% tổng số tín chỉ toàn khóa."
507/QD/DHCNTT/27/5/2024,khoan,Khoản 3,,3/22/3,22003.0,"Kết quả học tập của sinh viên phải được ghi vào bảng điểm theo từng học phần. Trong
bảng điểm ghi rõ chuyên ngành (nếu có)."
507/QD/DHCNTT/27/5/2024,khoan,Khoản 4,,3/22/4,22004.0,"Những sinh viên không đủ điều kiện cấp bằng tốt nghiệp nhưng chưa hết thời gian tối
đa được phép học, được bảo lưu các học phần có kết quả đạt. Trong thời gian tối đa
được phép học như quy định tại Khoản 2, Điều 10 của Quy chế này, sinh viên được đăng
ký học lại những học phần chưa đạt hoặc chưa học."
507/QD/DHCNTT/27/5/2024,khoan,Khoản 5,,3/22/5,22005.0,"Những sinh viên đã hết thời hạn tối đa được phép học nhưng không đủ điều kiện cấp
bằng tốt nghiệp hoặc đã thôi học được đề nghị Trường cấp giấy chứng nhận kết quả học
tập của các học phần đã tích lũy trong quá trình học tại Trường."
507/QD/DHCNTT/27/5/2024,dieu,Điều 23,Cấp bảng điểm ............................................................................................................. 14,3/23,3023.0,Cấp bảng điểm ............................................................................................................. 14
507/QD/DHCNTT/27/5/2024,dieu,Điều 23,Cấp bảng điểm,3/23,3023.0,"1. Trong quá trình học tập, sinh viên có thể đề nghị Trường cấp bảng điểm. Sinh viên thực
hiện theo hướng dẫn của TTPTCNTT.
2. Sau khi tốt nghiệp, sinh viên được cấp phụ lục văn bằng (bảng điểm tốt nghiệp) kèm
theo bằng tốt nghiệp theo quy chế văn bằng, chứng chỉ của Trường ĐHCNTT."
507/QD/DHCNTT/27/5/2024,khoan,Khoản 1,,3/23/1,23001.0,Cấp bảng điểm ............................................................................................................. 14
507/QD/DHCNTT/27/5/2024,khoan,Khoản 1,,3/23/1,23001.0,"Trong quá trình học tập, sinh viên có thể đề nghị Trường cấp bảng điểm. Sinh viên thực
hiện theo hướng dẫn của TTPTCNTT."
507/QD/DHCNTT/27/5/2024,khoan,Khoản 2,,3/23/2,23002.0,"Sau khi tốt nghiệp, sinh viên được cấp phụ lục văn bằng (bảng điểm tốt nghiệp) kèm
theo bằng tốt nghiệp theo quy chế văn bằng, chứng chỉ của Trường ĐHCNTT."
507/QD/DHCNTT/27/5/2024,chuong,Chương 4,TỔ CHỨC THỰC HIỆN ........................................................................ 14,4,4.0,TỔ CHỨC THỰC HIỆN ........................................................................ 14
507/QD/DHCNTT/27/5/2024,chuong,Chương 4,TỔ CHỨC THỰC HIỆN,4,4.0,TỔ CHỨC THỰC HIỆN
507/QD/DHCNTT/27/5/2024,dieu,Điều 24,Bảo đảm chất lượng ĐTTX ......................................................................................... 14,4/24,4024.0,Bảo đảm chất lượng ĐTTX ......................................................................................... 14
507/QD/DHCNTT/27/5/2024,dieu,Điều 24,Bảo đảm chất lượng ĐTTX,4/24,4024.0,"1. Trường triển khai cơ chế kiểm tra, giám sát nội bộ về hoạt động tổ chức dạy học, hỗ trợ
người học và thi, kiểm tra, đánh giá kết quả học tập; lấy phản hồi từ người học về trải
nghiệm học tập, chất lượng học liệu, hiệu quả của phương pháp giảng dạy, cảm nhận về
sự hỗ trợ từ giảng viên, cán bộ hỗ trợ, các chức năng phần mềm và lấy phản hồi từ các
bên liên quan khác; quy trình về xử lý đề xuất, kiến nghị, phản ánh của người học.
15
2. Triển khai kiểm định chất lượng chương trình đào tạo từ xa:
- Đối với chương trình ĐTTX đã tuyển sinh trước thời điểm 28/12/2023, chậm nhất sau
3 năm kể từ ngày 28/12/2023 phải thực hiện kiểm định chất lượng đối với chương trình
ĐTTX đã có khóa tốt nghiệp;
-  Đối với chương trình ĐTTX đã tuyển sinh trước thời điểm 28/12/2023 nhưng chưa có
khóa tốt nghiệp hoặc được phê duyệt sau thời điểm 28/12/2023 phải đăng ký kiểm định
chất lượng chương trình ĐTTX theo quy định tại khoản 5 Điều 33 Luật Giáo dục đại
học (được sửa đổi, bổ sung năm 2018)."
507/QD/DHCNTT/27/5/2024,khoan,Khoản 1,,4/24/1,24001.0,Bảo đảm chất lượng ĐTTX ......................................................................................... 14
507/QD/DHCNTT/27/5/2024,khoan,Khoản 1,,4/24/1,24001.0,"Trường triển khai cơ chế kiểm tra, giám sát nội bộ về hoạt động tổ chức dạy học, hỗ trợ
người học và thi, kiểm tra, đánh giá kết quả học tập; lấy phản hồi từ người học về trải
nghiệm học tập, chất lượng học liệu, hiệu quả của phương pháp giảng dạy, cảm nhận về
sự hỗ trợ từ giảng viên, cán bộ hỗ trợ, các chức năng phần mềm và lấy phản hồi từ các
bên liên quan khác; quy trình về xử lý đề xuất, kiến nghị, phản ánh của người học.
15"
507/QD/DHCNTT/27/5/2024,khoan,Khoản 2,,4/24/2,24002.0,"Triển khai kiểm định chất lượng chương trình đào tạo từ xa:
- Đối với chương trình ĐTTX đã tuyển sinh trước thời điểm 28/12/2023, chậm nhất sau
3 năm kể từ ngày 28/12/2023 phải thực hiện kiểm định chất lượng đối với chương trình
ĐTTX đã có khóa tốt nghiệp;
-  Đối với chương trình ĐTTX đã tuyển sinh trước thời điểm 28/12/2023 nhưng chưa có
khóa tốt nghiệp hoặc được phê duyệt sau thời điểm 28/12/2023 phải đăng ký kiểm định
chất lượng chương trình ĐTTX theo quy định tại khoản 5 Điều 33 Luật Giáo dục đại
học (được sửa đổi, bổ sung năm 2018)."
507/QD/DHCNTT/27/5/2024,dieu,Điều 25,"Chế độ báo cáo, lưu trữ và công khai thông tin ........................................................... 15",4/25,4025.0,"Chế độ báo cáo, lưu trữ và công khai thông tin ........................................................... 15"
507/QD/DHCNTT/27/5/2024,dieu,Điều 25,"Chế độ báo cáo, lưu trữ và công khai thông tin",4/25,4025.0,"Trước ngày 31 tháng 12 hàng năm, TTPTCNTT gửi báo cáo cho Hiệu trưởng thông
qua P.ĐTĐH bao gồm: Tuyển sinh; quy mô đào tạo; tổ chức đào tạo; cấp bằng tốt nghiệp
trong năm; và dự kiến kế hoạch tuyển sinh năm sau. Nội dung báo cáo phải có đánh giá
các hoạt động ĐTTX của TTPTCNTT và đề xuất giải pháp để củng cố, phát triển ĐTTX."
507/QD/DHCNTT/27/5/2024,khoan,Khoản 1,,4/25/1,25001.0,"Chế độ báo cáo, lưu trữ và công khai thông tin ........................................................... 15"
507/QD/DHCNTT/27/5/2024,khoan,Khoản 1,,4/25/1,25001.0,"Trước ngày 31 tháng 12 hàng năm, TTPTCNTT gửi báo cáo cho Hiệu trưởng thông
qua P.ĐTĐH bao gồm: Tuyển sinh; quy mô đào tạo; tổ chức đào tạo; cấp bằng tốt nghiệp
trong năm; và dự kiến kế hoạch tuyển sinh năm sau. Nội dung báo cáo phải có đánh giá
các hoạt động ĐTTX của TTPTCNTT và đề xuất giải pháp để củng cố, phát triển ĐTTX."
507/QD/DHCNTT/27/5/2024,dieu,Điều 26,Quản lý và lưu trữ hồ sơ .............................................................................................. 15,4/26,4026.0,Quản lý và lưu trữ hồ sơ .............................................................................................. 15
507/QD/DHCNTT/27/5/2024,dieu,Điều 26,Quản lý và lưu trữ hồ sơ,4/26,4026.0,"1.  Hồ sơ được bảo quản và lưu trữ tại P.ĐTĐH gồm có:
a) Chương trình đào tạo; kế hoạch đào tạo toàn khóa;
b) Hồ sơ tuyển sinh, kết quả quá trình học tập, hồ sơ công nhận tốt nghiệp;
c) Sổ cấp phát văn bằng.
2.  Hồ sơ được bảo quản và lưu trữ tại TTPTCNTT gồm có:
a) Hồ sơ liên quan đến TTPTCNTT;
b) Chương trình đào tạo; kế hoạch đào tạo toàn khóa; kế hoạch đào tạo chi tiết từng
học kỳ;
c) Danh sách và kết quả học tập của người học của từng môn học;
d) Danh sách giảng viên, cán bộ quản lý có liên quan tới khóa học, môn học."
507/QD/DHCNTT/27/5/2024,khoan,Khoản 1,,4/26/1,26001.0,Quản lý và lưu trữ hồ sơ .............................................................................................. 15
507/QD/DHCNTT/27/5/2024,khoan,Khoản 1,,4/26/1,26001.0,"Hồ sơ được bảo quản và lưu trữ tại P.ĐTĐH gồm có:
a) Chương trình đào tạo; kế hoạch đào tạo toàn khóa;
b) Hồ sơ tuyển sinh, kết quả quá trình học tập, hồ sơ công nhận tốt nghiệp;
c) Sổ cấp phát văn bằng."
507/QD/DHCNTT/27/5/2024,diem,Điểm a),,4/26/1/a,26001.01,Chương trình đào tạo; kế hoạch đào tạo toàn khóa;
507/QD/DHCNTT/27/5/2024,diem,Điểm b),,4/26/1/b,26001.02,"Hồ sơ tuyển sinh, kết quả quá trình học tập, hồ sơ công nhận tốt nghiệp;"
507/QD/DHCNTT/27/5/2024,diem,Điểm c),,4/26/1/c,26001.03,Sổ cấp phát văn bằng.
507/QD/DHCNTT/27/5/2024,khoan,Khoản 2,,4/26/2,26002.0,"Hồ sơ được bảo quản và lưu trữ tại TTPTCNTT gồm có:
a) Hồ sơ liên quan đến TTPTCNTT;
b) Chương trình đào tạo; kế hoạch đào tạo toàn khóa; kế hoạch đào tạo chi tiết từng
học kỳ;
c) Danh sách và kết quả học tập của người học của từng môn học;
d) Danh sách giảng viên, cán bộ quản lý có liên quan tới khóa học, môn học."
507/QD/DHCNTT/27/5/2024,diem,Điểm a),,4/26/2/a,26002.01,Hồ sơ liên quan đến TTPTCNTT;
507/QD/DHCNTT/27/5/2024,diem,Điểm b),,4/26/2/b,26002.02,"Chương trình đào tạo; kế hoạch đào tạo toàn khóa; kế hoạch đào tạo chi tiết từng
học kỳ;"
507/QD/DHCNTT/27/5/2024,diem,Điểm c),,4/26/2/c,26002.03,Danh sách và kết quả học tập của người học của từng môn học;
507/QD/DHCNTT/27/5/2024,diem,Điểm d),,4/26/2/d,26002.04,"Danh sách giảng viên, cán bộ quản lý có liên quan tới khóa học, môn học."
507/QD/DHCNTT/27/5/2024,dieu,Điều 27,Công bố thông tin ........................................................................................................ 15,4/27,4027.0,Công bố thông tin ........................................................................................................ 15
507/QD/DHCNTT/27/5/2024,dieu,Điều 27,Công bố thông tin,4/27,4027.0,"1. Trường xây dựng trang thông tin điện tử để công bố công khai chuẩn đầu ra, nội dung
chương trình đào tạo, điều kiện đảm bảo chất lượng đào tạo tương ứng với quy mô theo
16
chỉ tiêu hàng năm, quy định học vụ và cho phép người sử dụng tra cứu thông tin cơ bản
của sinh viên tốt nghiệp theo số hiệu tương ứng trên văn bằng chứng chỉ do Trường cấp.
2. Hộp thư điện tử (email) được Trường cung cấp cho từng sinh viên vào thời điểm nhập
học là kênh giao tiếp chính thức giữa Trường với sinh viên."
507/QD/DHCNTT/27/5/2024,khoan,Khoản 1,,4/27/1,27001.0,Công bố thông tin ........................................................................................................ 15
507/QD/DHCNTT/27/5/2024,khoan,Khoản 1,,4/27/1,27001.0,"Trường xây dựng trang thông tin điện tử để công bố công khai chuẩn đầu ra, nội dung
chương trình đào tạo, điều kiện đảm bảo chất lượng đào tạo tương ứng với quy mô theo
16
chỉ tiêu hàng năm, quy định học vụ và cho phép người sử dụng tra cứu thông tin cơ bản
của sinh viên tốt nghiệp theo số hiệu tương ứng trên văn bằng chứng chỉ do Trường cấp."
507/QD/DHCNTT/27/5/2024,khoan,Khoản 2,,4/27/2,27002.0,"Hộp thư điện tử (email) được Trường cung cấp cho từng sinh viên vào thời điểm nhập
học là kênh giao tiếp chính thức giữa Trường với sinh viên."
507/QD/DHCNTT/27/5/2024,dieu,Điều 28,Điều khoản thi hành ..................................................................................................... 16,4/28,4028.0,"3
DANH MỤC TỪ VIẾT TẮT
Bộ GD&ĐT
Bộ Giáo dục và Đào tạo
ĐHQG-HCM
Đại học Quốc gia TP. Hồ Chí Minh
ĐHCNTT
Đại học Công nghệ Thông tin
P.ĐTĐH
Phòng Đào tạo Đại học của Trường ĐHCNTT
TTPTCNTT
Trung tâm phát triển Công nghệ Thông tin
TCHP
Tín chỉ học phí
TCHPHL
Tín chỉ học phí học lại
TCHPCT
Tín chỉ học phí học cải thiện
TCHPHM
Tín chỉ học phí học mới
ĐTBHK
Điểm trung bình học kỳ
ĐTBC
Điểm trung bình chung
ĐTBTLTK
Điểm trung bình tích lũy của toàn khóa học
ĐTBCTL
Điểm trung bình chung tích lũy
ĐTTX
Đào tạo từ xa
Văn bằng thứ nhất
Đào tạo cấp bằng tốt nghiệp đại học cho người đã có bằng tốt nghiệp
trung học phổ thông hoặc bằng tốt nghiệp trung cấp
Văn bằng thứ hai
Đào tạo cấp bằng tốt nghiệp đại học thứ hai cho người đã có bằng
tốt nghiệp đại học
Liên thông Đại học
Đào tạo cấp bằng tốt nghiệp đại học cho người đã tốt nghiệp trình
độ cao đẳng
4"
507/QD/DHCNTT/27/5/2024,dieu,Điều 28,Điều khoản thi hành,4/28,4028.0,"1.  Quy chế có hiệu lực kể từ ngày ký.
2.   Trong quá trình thực hiện, quy chế này có thể được sửa đổi, bổ sung phù hợp với yêu
cầu thực tế, theo các quy định của Nhà nước và quy định của ĐHQG-HCM.
KT. HIỆU TRƯỞNG
PHÓ HIỆU TRƯỞNG
(Đã ký)
Nguyễn Lưu Thùy Ngân"
507/QD/DHCNTT/27/5/2024,khoan,Khoản 1,,4/28/1,28001.0,"3
DANH MỤC TỪ VIẾT TẮT
Bộ GD&ĐT
Bộ Giáo dục và Đào tạo
ĐHQG-HCM
Đại học Quốc gia TP. Hồ Chí Minh
ĐHCNTT
Đại học Công nghệ Thông tin
P.ĐTĐH
Phòng Đào tạo Đại học của Trường ĐHCNTT
TTPTCNTT
Trung tâm phát triển Công nghệ Thông tin
TCHP
Tín chỉ học phí
TCHPHL
Tín chỉ học phí học lại
TCHPCT
Tín chỉ học phí học cải thiện
TCHPHM
Tín chỉ học phí học mới
ĐTBHK
Điểm trung bình học kỳ
ĐTBC
Điểm trung bình chung
ĐTBTLTK
Điểm trung bình tích lũy của toàn khóa học
ĐTBCTL
Điểm trung bình chung tích lũy
ĐTTX
Đào tạo từ xa
Văn bằng thứ nhất
Đào tạo cấp bằng tốt nghiệp đại học cho người đã có bằng tốt nghiệp
trung học phổ thông hoặc bằng tốt nghiệp trung cấp
Văn bằng thứ hai
Đào tạo cấp bằng tốt nghiệp đại học thứ hai cho người đã có bằng
tốt nghiệp đại học
Liên thông Đại học
Đào tạo cấp bằng tốt nghiệp đại học cho người đã tốt nghiệp trình
độ cao đẳng
4"
507/QD/DHCNTT/27/5/2024,khoan,Khoản 1,,4/28/1,28001.0,Quy chế có hiệu lực kể từ ngày ký.
507/QD/DHCNTT/27/5/2024,khoan,Khoản 2,,4/28/2,28002.0,"Trong quá trình thực hiện, quy chế này có thể được sửa đổi, bổ sung phù hợp với yêu
cầu thực tế, theo các quy định của Nhà nước và quy định của ĐHQG-HCM.
KT. HIỆU TRƯỞNG
PHÓ HIỆU TRƯỞNG
(Đã ký)
Nguyễn Lưu Thùy Ngân"
547/QD/DHCNTT,chuong,Chương,,0,0.0,
547/QD/DHCNTT,dieu,Điều 1,Ban hành kèm theo Quyết định này “Quy định đào tạo ngoại ngữ đối với hệ,0/1,1.0,đại học chính quy của Trường Đại học Công nghệ Thông tin”.
547/QD/DHCNTT,khoan,Khoản 1,,0/1/1,1001.0,đại học chính quy của Trường Đại học Công nghệ Thông tin”.
547/QD/DHCNTT,dieu,Điều 2,Quyết định có hiệu lực kể từ ngày ký.,0/2,2.0,Quyết định có hiệu lực kể từ ngày ký.
547/QD/DHCNTT,khoan,Khoản 1,,0/2/1,2001.0,Quyết định có hiệu lực kể từ ngày ký.
547/QD/DHCNTT,dieu,Điều 3,"Các Ông/Bà Trưởng các Phòng, Ban, Khoa, Bộ môn có liên quan chịu trách",0/3,3.0,"nhiệm thi hành Quyết định này.
Nơi nhận:
KT.HIỆU TRƯỞNG
-   Như Điều 3;
-   Lưu: VT, ĐTĐH(Nh)
PHÓ HIỆU TRƯỞNG
Đã ký
Vũ Đức Lung
ĐẠI HỌC QUỐC GIA TP.HCM
TRƯỜNG ĐẠI HỌC
CÔNG NGHỆ THÔNG TIN
CỘNG HÒA XÃ HỘI CHỦ NGHĨA VIỆT NAM
Độc lập -Tự do - Hạnh phúc
Số: 547 /QĐ-ĐHCNTT
Tp.Hồ Chí Minh, ngày  30  tháng 8 năm 2019
1
QUY ĐỊNH
Đào tạo ngoại ngữ đối với hệ đại học chính quy
của Trường Đại học Công nghệ Thông tin
(Ban hành kèm theo Quyết định số: 547/QĐ-ĐHCNTT, ngày 30 tháng 8 năm 2019
của Hiệu trưởng Trường Đại học Công nghệ Thông tin)"
547/QD/DHCNTT,khoan,Khoản 1,,0/3/1,3001.0,"nhiệm thi hành Quyết định này.
Nơi nhận:
KT.HIỆU TRƯỞNG
-   Như Điều 3;
-   Lưu: VT, ĐTĐH(Nh)
PHÓ HIỆU TRƯỞNG
Đã ký
Vũ Đức Lung
ĐẠI HỌC QUỐC GIA TP.HCM
TRƯỜNG ĐẠI HỌC
CÔNG NGHỆ THÔNG TIN
CỘNG HÒA XÃ HỘI CHỦ NGHĨA VIỆT NAM
Độc lập -Tự do - Hạnh phúc
Số: 547 /QĐ-ĐHCNTT
Tp.Hồ Chí Minh, ngày  30  tháng 8 năm 2019
1
QUY ĐỊNH
Đào tạo ngoại ngữ đối với hệ đại học chính quy
của Trường Đại học Công nghệ Thông tin
(Ban hành kèm theo Quyết định số: 547/QĐ-ĐHCNTT, ngày 30 tháng 8 năm 2019
của Hiệu trưởng Trường Đại học Công nghệ Thông tin)"
547/QD/DHCNTT,chuong,Chương 1,,1,1.0,
547/QD/DHCNTT,dieu,Điều 1,Phạm vi điều chỉnh và đối tượng áp dụng,1/1,1001.0,"1. Văn bản này quy định về đào tạo ngoại ngữ đối với các chương trình đào tạo hệ đại học
chính quy của Trường Đại học Công nghệ Thông tin (gọi tắt là Trường) bao gồm: chương
trình giảng dạy, kiểm tra xếp lớp đầu khóa, xét miễn học các môn học tiếng Anh, chuẩn quá
trình, chuẩn ngoại ngữ xét tốt nghiệp và tổ chức giảng dạy các môn học chuyên ngành bằng
tiếng Anh.
2. Quy định này áp dụng với sinh viên các chương trình đại học chính quy bao gồm: chương
trình đại trà (CTĐTr), chương trình tài năng (CTTN), chương trình chất lượng cao (CTCLC)
và chương trình tiên tiến (CTTT)."
547/QD/DHCNTT,khoan,Khoản 1,,1/1/1,1001.0,"Văn bản này quy định về đào tạo ngoại ngữ đối với các chương trình đào tạo hệ đại học
chính quy của Trường Đại học Công nghệ Thông tin (gọi tắt là Trường) bao gồm: chương
trình giảng dạy, kiểm tra xếp lớp đầu khóa, xét miễn học các môn học tiếng Anh, chuẩn quá
trình, chuẩn ngoại ngữ xét tốt nghiệp và tổ chức giảng dạy các môn học chuyên ngành bằng
tiếng Anh."
547/QD/DHCNTT,khoan,Khoản 2,,1/1/2,1002.0,"Quy định này áp dụng với sinh viên các chương trình đại học chính quy bao gồm: chương
trình đại trà (CTĐTr), chương trình tài năng (CTTN), chương trình chất lượng cao (CTCLC)
và chương trình tiên tiến (CTTT)."
547/QD/DHCNTT,dieu,Điều 2,Mục đích đào tạo ngoại ngữ,1/2,1002.0,"1 . Chương trình giảng dạy tiếng Anh nhằm mục đích giúp sinh viên:
a .Phát triển toàn diện 4 kỹ năng sử dụng tiếng Anh tổng quát: nghe, nói, đọc, viết; phát
triển kỹ năng sử dụng tiếng Anh chuyên ngành ở mức độ phù hợp với trình độ đào tạo,
ngành đào tạo và loại chương trình đào tạo.
b . Đáp ứng được chuẩn ngoại ngữ tiếng Anh đầu ra theo quy định của ĐHQG-HCM.
2 . Các ngoại ngữ khác tiếng Anh được đưa vào nhằm khuyến khích sinh viên học để đáp ứng
nhu cầu đa dạng của thị trường lao động.
3 . Sinh viên chương trình đại trà, chương trình tài năng và chương trình chất lượng cao được
chọn một trong các chứng chỉ ngoại ngữ: tiếng Anh, tiếng Nhật hoặc tiếng Pháp để xét tốt
nghiệp, tuy nhiên sinh viên vẫn phải hoàn thành chương trình ngoại ngữ quy định tại Điều 3
(ngoại trừ chương trình CLC định hướng Nhật Bản). Việc xét chuẩn quá trình thực hiện theo"
547/QD/DHCNTT,khoan,Khoản 1,,1/2/1,2001.0,"1 . Chương trình giảng dạy tiếng Anh nhằm mục đích giúp sinh viên:
a .Phát triển toàn diện 4 kỹ năng sử dụng tiếng Anh tổng quát: nghe, nói, đọc, viết; phát
triển kỹ năng sử dụng tiếng Anh chuyên ngành ở mức độ phù hợp với trình độ đào tạo,
ngành đào tạo và loại chương trình đào tạo.
b . Đáp ứng được chuẩn ngoại ngữ tiếng Anh đầu ra theo quy định của ĐHQG-HCM.
2 . Các ngoại ngữ khác tiếng Anh được đưa vào nhằm khuyến khích sinh viên học để đáp ứng
nhu cầu đa dạng của thị trường lao động.
3 . Sinh viên chương trình đại trà, chương trình tài năng và chương trình chất lượng cao được
chọn một trong các chứng chỉ ngoại ngữ: tiếng Anh, tiếng Nhật hoặc tiếng Pháp để xét tốt
nghiệp, tuy nhiên sinh viên vẫn phải hoàn thành chương trình ngoại ngữ quy định tại Điều 3
(ngoại trừ chương trình CLC định hướng Nhật Bản). Việc xét chuẩn quá trình thực hiện theo"
547/QD/DHCNTT,dieu,Điều 8,của quy định này.,1/8,1008.0,2
547/QD/DHCNTT,khoan,Khoản 1,,1/8/1,8001.0,2
547/QD/DHCNTT,chuong,Chương 2,,2,2.0,
547/QD/DHCNTT,dieu,Điều 3,Chương trình giảng dạy tiếng Anh,2/3,2003.0,"1. Chương trình giảng dạy tiếng Anh của từng loại chương trình bao gồm những môn học
được liệt kê theo cấp độ khó tăng dần như trong Bảng 1 nhằm hỗ trợ sinh viên đạt chuẩn
ngoại ngữ xét tốt nghiệp theo quy định của từng chương trình. Đối với những môn học tiếng
Anh nằm trong chương trình đào tạo được xét miễn học theo Điều 4 và Điều 5 của quy định
này thì sinh viên được nhận điểm Miễn cho môn học đó và không tính vào điểm trung bình
chung tích lũy, điểm trung bình tích lũy toàn khóa, điểm trung bình học kỳ.
Bảng 1. Chương trình giảng dạy tiếng Anh
CTĐTr và CTTN
CTCLC
CTTT
Gồm 3 môn học:
1. Anh văn 1 (ENG01)
2. Anh văn 2 (ENG02)
3. Anh văn 3 (ENG03)
Gồm 5 môn học:
1. Anh văn 1 (ENG01)
2. Anh văn 2 (ENG02)
3. Anh văn 3 (ENG03)
4. Anh văn 4 (ENG04)
5. Anh văn 5 (ENG05)
Gồm 8 môn học:
1. Anh văn 1 (ENG01)
2. Anh văn 2 (ENG02)
3. Anh văn 3 (ENG03)
4. Anh văn 4 (ENG04)
5. Anh văn 5 (ENG05)
6. Tiếng Anh 1 (ENGL1113)
7. Tiếng Anh 2 (ENGL1213)
8. Tiếng Anh chuyên ngành công
nghệ thông tin (SPCH3723)
2. Ngoài các môn học tiếng Anh tại Khoản 1 Điều này, trong chương trình đào tạo của ngành
học có thể có nhữngmôn học chuyên ngành được giảng dạy bằng tiếng Anh nhằm cung cấp
kiến thức tiếng Anh chuyên ngành và tạo môi trường cho sinh viên thực hành các kỹ năng
tiếng Anh, gọi tắt là môn học Tiếng Anh chuyên môn (TACM). Những môn học đó được thiết
kế và tổ chức giảng dạy tuân thủ theo các quy định tại Chương III của quy định này."
547/QD/DHCNTT,khoan,Khoản 1,,2/3/1,3001.0,"Chương trình giảng dạy tiếng Anh của từng loại chương trình bao gồm những môn học
được liệt kê theo cấp độ khó tăng dần như trong Bảng 1 nhằm hỗ trợ sinh viên đạt chuẩn
ngoại ngữ xét tốt nghiệp theo quy định của từng chương trình. Đối với những môn học tiếng
Anh nằm trong chương trình đào tạo được xét miễn học theo Điều 4 và Điều 5 của quy định
này thì sinh viên được nhận điểm Miễn cho môn học đó và không tính vào điểm trung bình
chung tích lũy, điểm trung bình tích lũy toàn khóa, điểm trung bình học kỳ.
Bảng 1. Chương trình giảng dạy tiếng Anh
CTĐTr và CTTN
CTCLC
CTTT
Gồm 3 môn học:"
547/QD/DHCNTT,khoan,Khoản 1,,2/3/1,3001.0,Anh văn 1 (ENG01)
547/QD/DHCNTT,khoan,Khoản 1,,2/3/1,3001.0,Anh văn 1 (ENG01)
547/QD/DHCNTT,khoan,Khoản 1,,2/3/1,3001.0,Anh văn 1 (ENG01)
547/QD/DHCNTT,khoan,Khoản 2,,2/3/2,3002.0,Anh văn 2 (ENG02)
547/QD/DHCNTT,khoan,Khoản 2,,2/3/2,3002.0,Anh văn 2 (ENG02)
547/QD/DHCNTT,khoan,Khoản 2,,2/3/2,3002.0,Anh văn 2 (ENG02)
547/QD/DHCNTT,khoan,Khoản 2,,2/3/2,3002.0,"Ngoài các môn học tiếng Anh tại Khoản 1 Điều này, trong chương trình đào tạo của ngành
học có thể có nhữngmôn học chuyên ngành được giảng dạy bằng tiếng Anh nhằm cung cấp
kiến thức tiếng Anh chuyên ngành và tạo môi trường cho sinh viên thực hành các kỹ năng
tiếng Anh, gọi tắt là môn học Tiếng Anh chuyên môn (TACM). Những môn học đó được thiết
kế và tổ chức giảng dạy tuân thủ theo các quy định tại Chương III của quy định này."
547/QD/DHCNTT,khoan,Khoản 3,,2/3/3,3003.0,"Anh văn 3 (ENG03)
Gồm 5 môn học:"
547/QD/DHCNTT,khoan,Khoản 3,,2/3/3,3003.0,Anh văn 3 (ENG03)
547/QD/DHCNTT,khoan,Khoản 3,,2/3/3,3003.0,Anh văn 3 (ENG03)
547/QD/DHCNTT,khoan,Khoản 4,,2/3/4,3004.0,Anh văn 4 (ENG04)
547/QD/DHCNTT,khoan,Khoản 4,,2/3/4,3004.0,Anh văn 4 (ENG04)
547/QD/DHCNTT,khoan,Khoản 5,,2/3/5,3005.0,"Anh văn 5 (ENG05)
Gồm 8 môn học:"
547/QD/DHCNTT,khoan,Khoản 5,,2/3/5,3005.0,Anh văn 5 (ENG05)
547/QD/DHCNTT,khoan,Khoản 6,,2/3/6,3006.0,Tiếng Anh 1 (ENGL1113)
547/QD/DHCNTT,khoan,Khoản 7,,2/3/7,3007.0,Tiếng Anh 2 (ENGL1213)
547/QD/DHCNTT,khoan,Khoản 8,,2/3/8,3008.0,"Tiếng Anh chuyên ngành công
nghệ thông tin (SPCH3723)"
547/QD/DHCNTT,dieu,Điều 4,Kiểm tra xếp lớp đầu khóa,2/4,2004.0,"1. Vào đầu khóa học, Trường tổ chức kiểm tra tiếng Anh để xếp lớp cho tất cả sinh viên khóa
tuyển mới. Đề kiểm tra xếp lớp đầu khóa có dạng thức như đề thi TOEIC 2 kỹ năng (Nghe và
Đọc). Căn cứ vào kết quả kiểm tra tiếng Anh, sinh viên được xếp vào lớp tiếng Anh phù hợp
với trình độ của sinh viên theo Bảng 2.
3
Bảng 2. Xếp lớp đầu khóa
Điểm kiểm tra
(dạng thức
TOEIC Nghe
và Đọc)
CTĐTr và CTTN
CTCLC
CTTT
<300
Không được học ENG01,
học AVSC ngoài CTĐT chính quy
do TTNN phụ trách (không bắt buộc)
HọcENG01
300 – 345
Học ENG01
350 – 395
Miễn ENG01;
Học ENG02
400 – 445
Miễn ENG01, ENG02;
HọcENG03
Miễn ENG01, ENG02;
Học ENG03
450 – 495
Miễn
ENG01ENG03
Miễn ENG01  ENG03;
Học ENG04
Miễn ENG01  ENG03;
Học ENG04
≥500
Miễn ENG01  ENG04;
HọcENG05
Miễn ENG01  ENG04;
HọcENG05
2. Nếu không dự thi xếp lớp và không nộp chứng chỉ tiếng Anh, sinh viên được xếp vào trình
độ tương ứng với điểm kiểm tra dưới 300 theo Bảng 2."
547/QD/DHCNTT,khoan,Khoản 1,,2/4/1,4001.0,"Vào đầu khóa học, Trường tổ chức kiểm tra tiếng Anh để xếp lớp cho tất cả sinh viên khóa
tuyển mới. Đề kiểm tra xếp lớp đầu khóa có dạng thức như đề thi TOEIC 2 kỹ năng (Nghe và
Đọc). Căn cứ vào kết quả kiểm tra tiếng Anh, sinh viên được xếp vào lớp tiếng Anh phù hợp
với trình độ của sinh viên theo Bảng 2.
3
Bảng 2. Xếp lớp đầu khóa
Điểm kiểm tra
(dạng thức
TOEIC Nghe
và Đọc)
CTĐTr và CTTN
CTCLC
CTTT
<300
Không được học ENG01,
học AVSC ngoài CTĐT chính quy
do TTNN phụ trách (không bắt buộc)
HọcENG01
300 – 345
Học ENG01
350 – 395
Miễn ENG01;
Học ENG02
400 – 445
Miễn ENG01, ENG02;
HọcENG03
Miễn ENG01, ENG02;
Học ENG03
450 – 495
Miễn
ENG01ENG03
Miễn ENG01  ENG03;
Học ENG04
Miễn ENG01  ENG03;
Học ENG04
≥500
Miễn ENG01  ENG04;
HọcENG05
Miễn ENG01  ENG04;
HọcENG05"
547/QD/DHCNTT,khoan,Khoản 2,,2/4/2,4002.0,"Nếu không dự thi xếp lớp và không nộp chứng chỉ tiếng Anh, sinh viên được xếp vào trình
độ tương ứng với điểm kiểm tra dưới 300 theo Bảng 2."
547/QD/DHCNTT,dieu,Điều 5,Xét miễn các môn học tiếng Anh,2/5,2005.0,"1. Sinh viên được xét miễn học các môn tiếng Anh tương ứng nếu có một trong các chứng
chỉ đạt trình độ tối thiểu theo quy định tại Bảng 3. Sinh viên được miễn môn học nào thì
đồng thời được miễn những môn học ở cấp độ thấp hơn mà sinh viên chưa học hoặc chưa
đạt.
Bảng 3.Điều kiện miễn học môn tiếng Anh
Chứng chỉ
Môn học được miễn
TOEIC
(Nghe
và
Đọc)
TOEFL
iBT
IELTS
Cambridge
English
VNU-
EPT
CTĐTr/
CTTN
CTCLC CTTT
350
32
3.5
KET (Merit)
152
Anh văn 1
Anh văn 1
400
35
4.0
KET (Distinction)
165
Anh văn 2
Anh văn 2
450
45
4.5
PET(Pass)
Business Preliminary
(Pass)
176
Anh văn 3
Anh văn 3
500
50
5.0
PET(Merit)
Business
Preliminary(Merit)
201
Anh văn 4
555
60
5.5
PET(Distinction)
FCE
(Grade C)
Business Preliminary
(Distinction)
Business Vantage
(Grade C)
251
Anh văn 5
4
2. Hàng năm Trung tâm Ngoại ngữ của Trường sẽ tổ chức 4 đợt kiểm tra năng lực tiếng
Anh và cấp chứng nhận, sinh viên có thể dùng chứng nhận nội bộ này để nộp xét miễn các
môn tiếng Anh tương ứng theo quy định của Trường."
547/QD/DHCNTT,khoan,Khoản 1,,2/5/1,5001.0,"Sinh viên được xét miễn học các môn tiếng Anh tương ứng nếu có một trong các chứng
chỉ đạt trình độ tối thiểu theo quy định tại Bảng 3. Sinh viên được miễn môn học nào thì
đồng thời được miễn những môn học ở cấp độ thấp hơn mà sinh viên chưa học hoặc chưa
đạt.
Bảng 3.Điều kiện miễn học môn tiếng Anh
Chứng chỉ
Môn học được miễn
TOEIC
(Nghe
và
Đọc)
TOEFL
iBT
IELTS
Cambridge
English
VNU-
EPT
CTĐTr/
CTTN
CTCLC CTTT
350
32
3.5
KET (Merit)
152
Anh văn 1
Anh văn 1
400
35
4.0
KET (Distinction)
165
Anh văn 2
Anh văn 2
450
45
4.5
PET(Pass)
Business Preliminary
(Pass)
176
Anh văn 3
Anh văn 3
500
50
5.0
PET(Merit)
Business
Preliminary(Merit)
201
Anh văn 4
555
60
5.5
PET(Distinction)
FCE
(Grade C)
Business Preliminary
(Distinction)
Business Vantage
(Grade C)
251
Anh văn 5
4"
547/QD/DHCNTT,khoan,Khoản 2,,2/5/2,5002.0,"Hàng năm Trung tâm Ngoại ngữ của Trường sẽ tổ chức 4 đợt kiểm tra năng lực tiếng
Anh và cấp chứng nhận, sinh viên có thể dùng chứng nhận nội bộ này để nộp xét miễn các
môn tiếng Anh tương ứng theo quy định của Trường."
547/QD/DHCNTT,dieu,Điều 6,Xét miễn các môn học tiếng Nhật đối với sinh viên thuộc chương trình chất,2/6,2006.0,"lượng cao định hướng Nhật Bản
Sinh viên được xét miễn học các môn tiếng Nhật tương ứng trong chương trình đào tạo
nếu có một trong các chứng chỉ đạt trình độ theo quy định tại Bảng 4. Sinh viên được miễn
môn học nào thì đồng thời được miễn những môn học ở cấp độ thấp hơn mà sinh viên chưa
học hoặc chưa đạt.
Bảng 4.Điều kiện miễn học môn tiếng Nhật
Chứng chỉ
Môn học được miễn
JLPT
NAT-TEST
CTCLC định hướng
Nhật Bản
N5
N5
JAN01, JAN02
N4
N4
JAN01  JAN03
N3
N3
JAN01  JAN06
N2
N2
JAN01  JAN07
N1
N1
JAN01  JAN08"
547/QD/DHCNTT,dieu,Điều 6,"Quy định này, nộp bản sao chứng chỉ, chứng nhận còn hiệu lực cho Trường để được",2/6,2006.0,"xét miễn các môn học tương ứng. Thời điểm nộp chứng chỉ, chứng nhận để xét miễn: 2 tuần
cuối tháng 7 hàng năm (xét cho học kỳ 1) và 2 tuần cuối tháng 11 hàng năm (xét cho học kỳ
2).
2. Điểm miễn được tính cho học kỳ kế tiếp trong tiến trình học."
547/QD/DHCNTT,khoan,Khoản 1,,2/6/1,6001.0,"lượng cao định hướng Nhật Bản
Sinh viên được xét miễn học các môn tiếng Nhật tương ứng trong chương trình đào tạo
nếu có một trong các chứng chỉ đạt trình độ theo quy định tại Bảng 4. Sinh viên được miễn
môn học nào thì đồng thời được miễn những môn học ở cấp độ thấp hơn mà sinh viên chưa
học hoặc chưa đạt.
Bảng 4.Điều kiện miễn học môn tiếng Nhật
Chứng chỉ
Môn học được miễn
JLPT
NAT-TEST
CTCLC định hướng
Nhật Bản
N5
N5
JAN01, JAN02
N4
N4
JAN01  JAN03
N3
N3
JAN01  JAN06
N2
N2
JAN01  JAN07
N1
N1
JAN01  JAN08"
547/QD/DHCNTT,khoan,Khoản 2,,2/6/2,6002.0,Điểm miễn được tính cho học kỳ kế tiếp trong tiến trình học.
547/QD/DHCNTT,dieu,Điều 7,"Thời điểm xét, cách tính điểm miễn các môn học ngoại ngữ",2/7,2007.0,"1. Trường xét miễn theo mỗi học kỳ, sinh viên đạt các chứng chỉ được quy định tại Điều 5,"
547/QD/DHCNTT,khoan,Khoản 1,,2/7/1,7001.0,"Trường xét miễn theo mỗi học kỳ, sinh viên đạt các chứng chỉ được quy định tại Điều 5,"
547/QD/DHCNTT,dieu,Điều 8,Chuẩn quá trình về ngoại ngữ,2/8,2008.0,"1. Sau 2 học kỳ chính kể từ thời điểm nhập học, sinh viên phải đạt môn Anh văn 1, nếu
không đạt môn Anh văn 1, sinh viên chỉ được đăng ký tối đa 02 môn học ngoài các môn học
ngoại ngữ (bao gồm cả đăng ký học lại hoặc cải thiện) cho đến khi đạt chuẩn.
2. Sau 4 học kỳ chính kể từ thời điểm nhập học, sinh viên phải đạt môn Anh văn 2, nếu
không đạt môn Anh văn 2, sinh viên chỉ được đăng ký tối đa 02 môn học ngoài các môn học
ngoại ngữ (bao gồm cả đăng ký học lại hoặc cải thiện) cho đến khi đạt chuẩn.
5
Sinh viên chương trình CLC định hướng Nhật Bản phải đạt môn tiếng Nhật 2 (JAN02) hoặc
có chứng chỉ tương đương JLPT N5 hoặc NAT-TEST N5, ngược lại nếu không đạt sinh viên
chỉ được đăng ký tối đa 02 môn học ngoài các môn học ngoại ngữ (bao gồm cả đăng ký học
lại hoặc cải thiện) cho đến khi đạt chuẩn.
3. Sau 6 học kỳ chính kể từ thời điểm nhập học, sinh viên phải đạt môn Anh văn 3, nếu
không đạt môn Anh văn 3, sinh viên chỉ được đăng ký tối đa 02 môn học ngoài các môn học
ngoại ngữ (bao gồm cả đăng ký học lại hoặc cải thiện) cho đến khi đạt chuẩn.
4.  Thời điểm nộp chứng chỉ để xét chuẩn quá trình: 2 tuần cuối tháng 7 hàng năm.
5. Không xét chuẩn quá trình đối với chương trình có ngoại ngữ khác tiếng Anh và tiếng
Nhật."
547/QD/DHCNTT,khoan,Khoản 1,,2/8/1,8001.0,"Sau 2 học kỳ chính kể từ thời điểm nhập học, sinh viên phải đạt môn Anh văn 1, nếu
không đạt môn Anh văn 1, sinh viên chỉ được đăng ký tối đa 02 môn học ngoài các môn học
ngoại ngữ (bao gồm cả đăng ký học lại hoặc cải thiện) cho đến khi đạt chuẩn."
547/QD/DHCNTT,khoan,Khoản 2,,2/8/2,8002.0,"Sau 4 học kỳ chính kể từ thời điểm nhập học, sinh viên phải đạt môn Anh văn 2, nếu
không đạt môn Anh văn 2, sinh viên chỉ được đăng ký tối đa 02 môn học ngoài các môn học
ngoại ngữ (bao gồm cả đăng ký học lại hoặc cải thiện) cho đến khi đạt chuẩn.
5
Sinh viên chương trình CLC định hướng Nhật Bản phải đạt môn tiếng Nhật 2 (JAN02) hoặc
có chứng chỉ tương đương JLPT N5 hoặc NAT-TEST N5, ngược lại nếu không đạt sinh viên
chỉ được đăng ký tối đa 02 môn học ngoài các môn học ngoại ngữ (bao gồm cả đăng ký học
lại hoặc cải thiện) cho đến khi đạt chuẩn."
547/QD/DHCNTT,khoan,Khoản 3,,2/8/3,8003.0,"Sau 6 học kỳ chính kể từ thời điểm nhập học, sinh viên phải đạt môn Anh văn 3, nếu
không đạt môn Anh văn 3, sinh viên chỉ được đăng ký tối đa 02 môn học ngoài các môn học
ngoại ngữ (bao gồm cả đăng ký học lại hoặc cải thiện) cho đến khi đạt chuẩn."
547/QD/DHCNTT,khoan,Khoản 4,,2/8/4,8004.0,Thời điểm nộp chứng chỉ để xét chuẩn quá trình: 2 tuần cuối tháng 7 hàng năm.
547/QD/DHCNTT,khoan,Khoản 5,,2/8/5,8005.0,"Không xét chuẩn quá trình đối với chương trình có ngoại ngữ khác tiếng Anh và tiếng
Nhật."
547/QD/DHCNTT,dieu,Điều 9,Chuẩn ngoại ngữ xét tốt nghiệp,2/9,2009.0,"1. Để được xét tốt nghiệp sinh viên phải hoàn tất các môn học tiếng Anh trong chương trình
giảng dạy tiếng Anh tại Điều 3 và có một trong các loại chứng chỉ tiếng Anh đạt điểm tối
thiểu trong Bảng 5; hoặc có chứng chỉ tiếng Pháp, hoặc tiếng Nhật tối thiểu tại Bảng 6.
Bảng 5. Chứng chỉ tiếng Anh dùng để xét công nhận tốt nghiệp
TOEIC
TOEFL
iBT
IELTS
Cambridge
English
VNU-
EPT
Nghe và
Đọc
Nói và
Viết
CTĐTr
450
205
45
4.5
PET (Pass)
Business
Preliminary
(Pass)
176
CTTN/
CTCLC
555
205
60
5.5
PET
(Distinction)
FCE
(Grade C)
Business
Preliminary
(Distinction)
Business
Vantage
(Grade C)
201
CTTT
675
205
79
6.0
FCE
(Grade B)
Business
Vantage
(Grade B)
251
Chương
trình
Chứng
chỉ
6
Bảng 6. Chứng chỉ tiếng Pháp và tiếng Nhật dùng để xét công nhận tốt nghiệp
Tiếng Pháp
Tiếng Nhật
CTĐTr
DELF B1 hoặc
TCF Niveau 3
JLPT  N4 hoặc
NAT-TEST N4
CTCLC/ CTTN
DELF B2 hoặc
TCF Niveau 4
JLPT  N3 hoặc
NAT-TEST N3
2. Tại bất cứ thời điểm nào trong khóa học, sinh viên đạt các chứng chỉ thỏa điều kiện tại
Khoản 1 của Điều này có thể nộp chứng chỉ cho Trường để được công nhận đạt chuẩn ngoại
ngữ để xét tốt nghiệp. Chứng chỉ phải còn thời hạn hai năm tính từ ngày cấp chứng chỉ đến
ngày đăng ký xét công nhận đạt chuẩn (ngày nộp chứng chỉ).
3. Việc công nhận các loại chứng chỉ khác do Hiệu trưởng xem xét và quyết định.
Chương trình
Chứng chỉ
7"
547/QD/DHCNTT,khoan,Khoản 1,,2/9/1,9001.0,"Để được xét tốt nghiệp sinh viên phải hoàn tất các môn học tiếng Anh trong chương trình
giảng dạy tiếng Anh tại Điều 3 và có một trong các loại chứng chỉ tiếng Anh đạt điểm tối
thiểu trong Bảng 5; hoặc có chứng chỉ tiếng Pháp, hoặc tiếng Nhật tối thiểu tại Bảng 6.
Bảng 5. Chứng chỉ tiếng Anh dùng để xét công nhận tốt nghiệp
TOEIC
TOEFL
iBT
IELTS
Cambridge
English
VNU-
EPT
Nghe và
Đọc
Nói và
Viết
CTĐTr
450
205
45
4.5
PET (Pass)
Business
Preliminary
(Pass)
176
CTTN/
CTCLC
555
205
60
5.5
PET
(Distinction)
FCE
(Grade C)
Business
Preliminary
(Distinction)
Business
Vantage
(Grade C)
201
CTTT
675
205
79
6.0
FCE
(Grade B)
Business
Vantage
(Grade B)
251
Chương
trình
Chứng
chỉ
6
Bảng 6. Chứng chỉ tiếng Pháp và tiếng Nhật dùng để xét công nhận tốt nghiệp
Tiếng Pháp
Tiếng Nhật
CTĐTr
DELF B1 hoặc
TCF Niveau 3
JLPT  N4 hoặc
NAT-TEST N4
CTCLC/ CTTN
DELF B2 hoặc
TCF Niveau 4
JLPT  N3 hoặc
NAT-TEST N3"
547/QD/DHCNTT,khoan,Khoản 2,,2/9/2,9002.0,"Tại bất cứ thời điểm nào trong khóa học, sinh viên đạt các chứng chỉ thỏa điều kiện tại
Khoản 1 của Điều này có thể nộp chứng chỉ cho Trường để được công nhận đạt chuẩn ngoại
ngữ để xét tốt nghiệp. Chứng chỉ phải còn thời hạn hai năm tính từ ngày cấp chứng chỉ đến
ngày đăng ký xét công nhận đạt chuẩn (ngày nộp chứng chỉ)."
547/QD/DHCNTT,khoan,Khoản 3,,2/9/3,9003.0,"Việc công nhận các loại chứng chỉ khác do Hiệu trưởng xem xét và quyết định.
Chương trình
Chứng chỉ
7"
547/QD/DHCNTT,chuong,Chương 3,,3,3.0,
547/QD/DHCNTT,dieu,Điều 10,Chương trình giảng dạy và tổ chức giảng dạy TACM,3/10,3010.0,"1. Môn học TACM đáp ứng các yêu cầu sau:
a. Là các môn học thuộc khối kiến thức cơ bản, cơ sở hoặc chuyên ngành được giảng dạy
chủ yếu bằng tiếng Anh. Nội dung giảng dạy hoàn toàn giống môn họcđược giảng dạy bằng
tiếng Việt.
b. Cán bộ giảng dạy (CBGD) lý thuyết phải giảng bằng tiếng Anh.
c. Tài liệu giảng dạy và giáo trình chính của môn học bằng tiếng Anh.
2. Để được tham gia học các lớp TACM, sinh viênphải có một trong các loại chứng chỉ tiếng
Anh tương đươngTOEIC 400 tại Bảng 3 hoặc đã hoàn tất môn học Anh văn 2 (ENG02).
3. Mỗi lớp học TACM có tối thiểu 01 trợ giảng để hỗ trợ sinh viên trong quá trình học tập.
Trợ giảng do CBGD lý thuyết chỉ định. Trợ giảng có thể sử dụng tiếng Việt trong quá trình
hỗ trợ sinh viên."
547/QD/DHCNTT,khoan,Khoản 1,,3/10/1,10001.0,"Môn học TACM đáp ứng các yêu cầu sau:
a. Là các môn học thuộc khối kiến thức cơ bản, cơ sở hoặc chuyên ngành được giảng dạy
chủ yếu bằng tiếng Anh. Nội dung giảng dạy hoàn toàn giống môn họcđược giảng dạy bằng
tiếng Việt.
b. Cán bộ giảng dạy (CBGD) lý thuyết phải giảng bằng tiếng Anh.
c. Tài liệu giảng dạy và giáo trình chính của môn học bằng tiếng Anh."
547/QD/DHCNTT,khoan,Khoản 2,,3/10/2,10002.0,"Để được tham gia học các lớp TACM, sinh viênphải có một trong các loại chứng chỉ tiếng
Anh tương đươngTOEIC 400 tại Bảng 3 hoặc đã hoàn tất môn học Anh văn 2 (ENG02)."
547/QD/DHCNTT,khoan,Khoản 3,,3/10/3,10003.0,"Mỗi lớp học TACM có tối thiểu 01 trợ giảng để hỗ trợ sinh viên trong quá trình học tập.
Trợ giảng do CBGD lý thuyết chỉ định. Trợ giảng có thể sử dụng tiếng Việt trong quá trình
hỗ trợ sinh viên."
547/QD/DHCNTT,dieu,Điều 11,Yêu cầu về cán bộ giảng dạy TACM,3/11,3011.0,"CBGD phải đáp ứng yêu cầu theo quy định chung của Trường; ngoài ra, CBGD lý thuyết
phải đáp ứng thêm một trong các yêu cầu sau đây:
1. Có trình độ tiếng Anh tối thiểu tương đương cấp độ C1 tham chiếu theo khung Châu
Âu(CEFR).
2. Tốt nghiệp một trường đại học nước ngoài, có sử dụng tiếng Anh trong quá trình học tập
(có môn học bằng tiếng Anh, hoặc luận án tốt nghiệp được viết bằng tiếng Anh).
3. Tốt nghiệp một trường đại học trong nước theo chương trình đào tạo sử dụng 100% tiếng
Anh."
547/QD/DHCNTT,khoan,Khoản 1,,3/11/1,11001.0,"Có trình độ tiếng Anh tối thiểu tương đương cấp độ C1 tham chiếu theo khung Châu
Âu(CEFR)."
547/QD/DHCNTT,khoan,Khoản 2,,3/11/2,11002.0,"Tốt nghiệp một trường đại học nước ngoài, có sử dụng tiếng Anh trong quá trình học tập
(có môn học bằng tiếng Anh, hoặc luận án tốt nghiệp được viết bằng tiếng Anh)."
547/QD/DHCNTT,khoan,Khoản 3,,3/11/3,11003.0,"Tốt nghiệp một trường đại học trong nước theo chương trình đào tạo sử dụng 100% tiếng
Anh."
547/QD/DHCNTT,dieu,Điều 12,Quyền lợi của sinh viên học TACM,3/12,3012.0,"Môn học TACM được ghi chú rõ về ngôn ngữ giảng dạy trong bảng điểm và giấy chứng
nhận hoàn thành môn học.
8"
547/QD/DHCNTT,khoan,Khoản 1,,3/12/1,12001.0,"Môn học TACM được ghi chú rõ về ngôn ngữ giảng dạy trong bảng điểm và giấy chứng
nhận hoàn thành môn học.
8"
547/QD/DHCNTT,chuong,Chương 4,,4,4.0,
547/QD/DHCNTT,dieu,Điều 13,Trách nhiệm của đơn vị quản lý đào tạo,4/13,4013.0,"1. Quản lý đào tạo ngoại ngữ theo quy định này.
2. Chủ trì tổ chức thi xếp lớp đầu khóa.
3. Chủ trì tổ chức xét miễn học."
547/QD/DHCNTT,khoan,Khoản 1,,4/13/1,13001.0,Quản lý đào tạo ngoại ngữ theo quy định này.
547/QD/DHCNTT,khoan,Khoản 2,,4/13/2,13002.0,Chủ trì tổ chức thi xếp lớp đầu khóa.
547/QD/DHCNTT,khoan,Khoản 3,,4/13/3,13003.0,Chủ trì tổ chức xét miễn học.
547/QD/DHCNTT,dieu,Điều 14,Trách nhiệm của đơn vị chuyên mônphụ trách các môn học ngoại ngữ,4/14,4014.0,"1. Biên soạn chương trình, phân công giảng viên giảng dạy các môn học ngoại ngữ.
2. Phối hợp tổ chức kiểm tra xếp lớp đầu khóa.
3. Phối hợp xét miễn học các môn học ngoại ngữ.
4. Phối hợp với Đơn vị quản lý đào tạo quản lýviệc đào tạo ngoại ngữ."
547/QD/DHCNTT,khoan,Khoản 1,,4/14/1,14001.0,"Biên soạn chương trình, phân công giảng viên giảng dạy các môn học ngoại ngữ."
547/QD/DHCNTT,khoan,Khoản 2,,4/14/2,14002.0,Phối hợp tổ chức kiểm tra xếp lớp đầu khóa.
547/QD/DHCNTT,khoan,Khoản 3,,4/14/3,14003.0,Phối hợp xét miễn học các môn học ngoại ngữ.
547/QD/DHCNTT,khoan,Khoản 4,,4/14/4,14004.0,Phối hợp với Đơn vị quản lý đào tạo quản lýviệc đào tạo ngoại ngữ.
547/QD/DHCNTT,dieu,Điều 15,Trách nhiệm của các Khoa/Bộ môn phụ trách các ngành,4/15,4015.0,"Biên soạn chương trình, tổ chức giảng dạy các môn học TACM."
547/QD/DHCNTT,khoan,Khoản 1,,4/15/1,15001.0,"Biên soạn chương trình, tổ chức giảng dạy các môn học TACM."
547/QD/DHCNTT,dieu,Điều 16,Phạm vi áp dụng,4/16,4016.0,"Quy định này áp dụng bắt buộc cho các khóa tuyển sinh từ năm 2019. Các khóa tuyển
sinh trước năm 2019 có thể lựa chọn áp dụng quy định này hoặc quy định được ban hành
trước đó."
547/QD/DHCNTT,khoan,Khoản 1,,4/16/1,16001.0,"Quy định này áp dụng bắt buộc cho các khóa tuyển sinh từ năm 2019. Các khóa tuyển
sinh trước năm 2019 có thể lựa chọn áp dụng quy định này hoặc quy định được ban hành
trước đó."
547/QD/DHCNTT,dieu,Điều 17,Điều khoản thi hành,4/17,4017.0,"Trong quá trình tổ chức thực hiện, tùy theo yêu cầu thực tế, Quy định này sẽ được sửa
đổi, bổ sung cho phù hợp. Việc sửa đổi, bổ sung do Hiệu trưởng xem xét, quyết định./.
KT.HIỆU TRƯỞNG
PHÓ HIỆU TRƯỞNG
đã ký
Vũ Đức Lung"
547/QD/DHCNTT,khoan,Khoản 1,,4/17/1,17001.0,"Trong quá trình tổ chức thực hiện, tùy theo yêu cầu thực tế, Quy định này sẽ được sửa
đổi, bổ sung cho phù hợp. Việc sửa đổi, bổ sung do Hiệu trưởng xem xét, quyết định./.
KT.HIỆU TRƯỞNG
PHÓ HIỆU TRƯỞNG
đã ký
Vũ Đức Lung"
547/QĐ-ĐHCNTT,chuong,Chương,,0,1.0,
790/QĐ-ĐHCNTT,chuong,Chương 1,,1,1.0,
790/QĐ-ĐHCNTT,chuong,Chương 1,QUY ĐỊNH CHUNG,1,1.0,QUY ĐỊNH CHUNG
790/QĐ-ĐHCNTT,chuong,Chương 0,,1,1.0,
790/QĐ-ĐHCNTT,dieu,Điều 1,Phạm vi điều chỉnh và đối tượng áp dụng ................................ ................................ ............ 4,1/1,2.0,
790/QĐ-ĐHCNTT,dieu,Điều 1,Phạm vi điều chỉnh và đối tượng áp dụng ............................................................................ 4,1/1,1001.0,Phạm vi điều chỉnh và đối tượng áp dụng ............................................................................ 4
790/QĐ-ĐHCNTT,dieu,Điều 1,Phạm vi điều chỉnh và đối tượng áp dụng,1/1,1001.0,"1.  Quy chế này quy định những điều chung nhất về đào tạo đại học theo hình thức chính
quy (gọi tắt là hệ đại học chính quy) của Trường Đại học Công nghệ Thông tin thuộc
ĐHQG-HCM (gọi tắt là Trường).
2.  Quy chế này áp dụng đối với các đơn vị, cá nhân liên quan trong đào tạo hệ đại học
chính quy.
3. Quy định đào tạo đại học theo hình thức đào tạo từ xa (gọi tắt là hệ đại học từ xa) và đào
tạo các chương trình đặc biệt của Trường được xây dựng, điều chỉnh phù hợp với đặc thù
hệ đào tạo/chương trình dựa trên cơ sở quy chế này."
790/QĐ-ĐHCNTT,khoan,Khoản 1,,1/1/1,1001.0,Phạm vi điều chỉnh và đối tượng áp dụng ............................................................................ 4
790/QĐ-ĐHCNTT,khoan,Khoản 1,,1/1/1,1001.0,"Quy chế này quy định những điều chung nhất về đào tạo đại học theo hình thức chính
quy (gọi tắt là hệ đại học chính quy) của Trường Đại học Công nghệ Thông tin thuộc
ĐHQG-HCM (gọi tắt là Trường)."
790/QĐ-ĐHCNTT,khoan,Khoản 2,,1/1/2,1002.0,"Quy chế này áp dụng đối với các đơn vị, cá nhân liên quan trong đào tạo hệ đại học
chính quy."
790/QĐ-ĐHCNTT,khoan,Khoản 3,,1/1/3,1003.0,"Quy định đào tạo đại học theo hình thức đào tạo từ xa (gọi tắt là hệ đại học từ xa) và đào
tạo các chương trình đặc biệt của Trường được xây dựng, điều chỉnh phù hợp với đặc thù
hệ đào tạo/chương trình dựa trên cơ sở quy chế này."
790/QĐ-ĐHCNTT,dieu,Điều 10,Chế độ học tập của sinh viên ................................ ................................ ............................ 11,1/10,11.0,
790/QĐ-ĐHCNTT,dieu,Điều 11,Bảo lưu kết quả trúng tuyển ................................ ................................ ............................. 11,1/11,12.0,
790/QĐ-ĐHCNTT,dieu,Điều 12,Tổ chức lớp ................................ ................................ ................................ ....................... 12,1/12,13.0,
790/QĐ-ĐHCNTT,dieu,Điều 13,Thông báo kế hoạch đào tạo ................................ ................................ ............................. 12,1/13,14.0,
790/QĐ-ĐHCNTT,dieu,Điều 14,Đăng ký học tập ................................ ................................ ................................ ................ 12,1/14,15.0,
790/QĐ-ĐHCNTT,dieu,Điều 15,Trách nhiệm của sinh viên và cố vấn học tập ................................ ................................ ... 14,1/15,16.0,
790/QĐ-ĐHCNTT,dieu,Điều 16,Xử lý học vụ ................................ ................................ ................................ ..................... 14,1/16,17.0,
790/QĐ-ĐHCNTT,dieu,Điều 17,"T hôi học, tạm dừng học tập ................................ ................................ .............................. 15",1/17,18.0,
790/QĐ-ĐHCNTT,dieu,Điều 18,Học cùng lúc hai chương trình đào tạo ................................ ................................ ............. 16 ĐẠI HỌC QU ỐC GIA TP.HCM,1/18,19.0,"TRƯ ỜNG Đ ẠI HỌC 
CÔNG NGH Ệ THÔNG TIN CỘNG HÒA XÃ H ỘI CH Ủ NGHĨA VI ỆT NAM 
Độc lập - Tự do – Hạnh phúc 
 
 
Trang 2/27 
"
790/QĐ-ĐHCNTT,khoan,Khoản 1,,1/18/1,18001.0,"TRƯ ỜNG Đ ẠI HỌC 
CÔNG NGH Ệ THÔNG TIN CỘNG HÒA XÃ H ỘI CH Ủ NGHĨA VI ỆT NAM 
Độc lập - Tự do – Hạnh phúc 
 
 
Trang 2/27"
790/QĐ-ĐHCNTT,dieu,Điều 19,"Điều kiện để chuyển ngành, chuyển chương trình, chuyển trường ................................ .. 17",1/19,20.0,"CHƯƠNG 3. KIỂM TRA VÀ THI HỌC PHẦN ................................ ................................ ................ 18 
"
790/QĐ-ĐHCNTT,khoan,Khoản 1,,1/19/1,19001.0,CHƯƠNG 3. KIỂM TRA VÀ THI HỌC PHẦN ................................ ................................ ................ 18
790/QĐ-ĐHCNTT,dieu,Điều 2,Mục tiêu của chương trình giáo dục và phương thức đào tạo ................................ .............. 4,1/2,3.0,
790/QĐ-ĐHCNTT,dieu,Điều 2,Mục tiêu của chương trình giáo dục và phương thức đào tạo .............................................. 4,1/2,1002.0,Mục tiêu của chương trình giáo dục và phương thức đào tạo .............................................. 4
790/QĐ-ĐHCNTT,dieu,Điều 2,Mục tiêu của chương trình giáo dục và phương thức đào tạo,1/2,1002.0,"1. Mục tiêu chung của chương trình giáo dục đại học của Trường:
- Đào tạo nhân lực, nâng cao dân trí, bồi dưỡng nhân tài; nghiên cứu khoa học, công nghệ
tạo ra tri thức, sản phẩm mới, phục vụ yêu cầu phát triển kinh tế - xã hội, đảm bảo quốc
phòng, an ninh và hội nhập quốc tế;
- Đào tạo người học có phẩm chất chính trị, đạo đức; có kiến thức chuyên môn toàn diện,
nắm vững nguyên lý, quy luật tự nhiên - xã hội, có kỹ năng thực hành cơ bản, có khả
năng làm việc độc lập, sáng tạo và giải quyết những vấn đề thuộc ngành được đào tạo; có
sức khỏe; có khả năng sáng tạo và trách nhiệm nghề nghiệp, thích nghi với môi trường
làm việc; có ý thức phục vụ nhân dân. Người học hoàn thành chương trình đào tạo đáp
ứng yêu cầu chuẩn đầu ra bậc 6 của Khung trình độ quốc gia Việt Nam và các năng lực
cốt lõi của Bộ phẩm chất và năng lực sinh viên tốt nghiệp ĐHQG-HCM.
2. Mục tiêu cụ thể của chương trình giáo dục đại học được ghi trong bản mô tả của từng
chương trình giáo dục đại học.
3. Phương thức đào tạo của Trường theo học chế tín chỉ, giúp cho sinh viên có thể tích lũy
kiến thức trong mọi thời điểm, đồng thời cũng yêu cầu ở sinh viên tính tích cực, chủ
động trong việc lập kế hoạch học tập cá nhân nhằm tạo nên hiệu quả cao trong học tập và
rèn luyện."
790/QĐ-ĐHCNTT,khoan,Khoản 1,,1/2/1,2001.0,Mục tiêu của chương trình giáo dục và phương thức đào tạo .............................................. 4
790/QĐ-ĐHCNTT,khoan,Khoản 1,,1/2/1,2001.0,"Mục tiêu chung của chương trình giáo dục đại học của Trường:
- Đào tạo nhân lực, nâng cao dân trí, bồi dưỡng nhân tài; nghiên cứu khoa học, công nghệ
tạo ra tri thức, sản phẩm mới, phục vụ yêu cầu phát triển kinh tế - xã hội, đảm bảo quốc
phòng, an ninh và hội nhập quốc tế;
- Đào tạo người học có phẩm chất chính trị, đạo đức; có kiến thức chuyên môn toàn diện,
nắm vững nguyên lý, quy luật tự nhiên - xã hội, có kỹ năng thực hành cơ bản, có khả
năng làm việc độc lập, sáng tạo và giải quyết những vấn đề thuộc ngành được đào tạo; có
sức khỏe; có khả năng sáng tạo và trách nhiệm nghề nghiệp, thích nghi với môi trường
làm việc; có ý thức phục vụ nhân dân. Người học hoàn thành chương trình đào tạo đáp
ứng yêu cầu chuẩn đầu ra bậc 6 của Khung trình độ quốc gia Việt Nam và các năng lực
cốt lõi của Bộ phẩm chất và năng lực sinh viên tốt nghiệp ĐHQG-HCM."
790/QĐ-ĐHCNTT,khoan,Khoản 2,,1/2/2,2002.0,"Mục tiêu cụ thể của chương trình giáo dục đại học được ghi trong bản mô tả của từng
chương trình giáo dục đại học."
790/QĐ-ĐHCNTT,khoan,Khoản 3,,1/2/3,2003.0,"Phương thức đào tạo của Trường theo học chế tín chỉ, giúp cho sinh viên có thể tích lũy
kiến thức trong mọi thời điểm, đồng thời cũng yêu cầu ở sinh viên tính tích cực, chủ
động trong việc lập kế hoạch học tập cá nhân nhằm tạo nên hiệu quả cao trong học tập và
rèn luyện."
790/QĐ-ĐHCNTT,dieu,Điều 20,Tổ chức đánh giá môn học ................................ ................................ ............................... 18,1/20,21.0,
790/QĐ-ĐHCNTT,dieu,Điều 21,"Đánh giá kết quả học tập của học phần, học kỳ, năm học, toàn khóa .............................. 18",1/21,22.0,
790/QĐ-ĐHCNTT,dieu,Điều 22,Không hoàn tất học phần ................................ ................................ ................................ .. 19,1/22,23.0,
790/QĐ-ĐHCNTT,dieu,Điều 23,Điểm Miễn ................................ ................................ ................................ ........................ 19,1/23,24.0,
790/QĐ-ĐHCNTT,dieu,Điều 24,Cách quản lý điểm ................................ ................................ ................................ ............ 20,1/24,25.0,
790/QĐ-ĐHCNTT,dieu,Điều 25,Cách tính điểm trung bình ................................ ................................ ................................ 21,1/25,26.0,
790/QĐ-ĐHCNTT,dieu,Điều 26,Công nhận và chuyển đổi tín chỉ ................................ ................................ ...................... 21,1/26,27.0,
790/QĐ-ĐHCNTT,dieu,Điều 27,Cấp bảng điểm ................................ ................................ ................................ .................. 22,1/27,28.0,"CHƯƠNG 4. ỨNG DỤNG CÔNG NGHỆ THÔNG TIN TRONG TỔ CHỨC - QUẢN LÝ ĐÀO TẠO 23 
"
790/QĐ-ĐHCNTT,khoan,Khoản 1,,1/27/1,27001.0,CHƯƠNG 4. ỨNG DỤNG CÔNG NGHỆ THÔNG TIN TRONG TỔ CHỨC - QUẢN LÝ ĐÀO TẠO 23
790/QĐ-ĐHCNTT,dieu,Điều 28,Ứng dụng công nghệ thông tin trong tổ chức đào tạo ................................ ...................... 23,1/28,29.0,
790/QĐ-ĐHCNTT,dieu,Điều 29,Ứng dụng công nghệ thông tin trong quản lý cơ sở dữ liệu đào tạo ................................ 23,1/29,30.0,
790/QĐ-ĐHCNTT,dieu,Điều 3,Môn học ................................ ................................ ................................ ................................ 4,1/3,4.0,
790/QĐ-ĐHCNTT,dieu,Điều 3,Môn học ................................................................................................................................ 4,1/3,1003.0,Môn học ................................................................................................................................ 4
790/QĐ-ĐHCNTT,dieu,Điều 3,Môn học,1/3,1003.0,"1. Học phần (hay môn học) là khối lượng kiến thức tương đối trọn vẹn, thuận tiện cho
người học tích lũy trong quá trình học tập, nội dung được bố trí giảng dạy trong một học
kỳ. Mỗi học phần được ký hiệu bằng một mã riêng do Trường quy định. Mỗi học phần
thực hành, thí nghiệm, kiến tập,… có khối lượng từ 1 – 3 tín chỉ, mỗi học phần lý thuyết
hoặc học phần có cả lý thuyết và thực hành có khối lượng từ 1 – 4 tín chỉ. Trường có hai
hình thức tổ chức giảng dạy thực hành:
- Thực hành Hình thức 1 (HT1): là hình thức dạy thực hành có sự hướng dẫn của giảng
viên cho toàn thời lượng học thực hành.
- Thực hành Hình thức 2 (HT2): là hình thức dạy thực hành có sự hướng dẫn của giảng
viên với thời lượng 09 tiết/tín chỉ thực hành, không nhất thiết phải sử dụng phòng
thực hành chuyên dụng.
Trang 5/27
2. Các loại học phần
- Học phần tích lũy: là học phần mà sinh viên có kết quả tổng kết học phần được từ 5
điểm trở lên.
- Học phần bắt buộc: là học phần bắt buộc sinh viên phải học và tích lũy theo ngành
hoặc chuyên ngành đã chọn.
- Học phần tự chọn: là học phần sinh viên có thể đăng ký học hay không tùy theo
nguyện vọng.
- Học phần chung (Giáo dục quốc phòng-An ninh, Giáo dục Thể chất, Lý luận chính
trị, Ngoại ngữ,…) là các học phần được giảng dạy và học tập chung cho các ngành
theo quy định của Bộ GD&ĐT và hướng dẫn của ĐHQG-HCM.
- Học phần tự chọn định hướng: là học phần mà sinh viên phải chọn trong các học
phần quy định cho một ngành học cụ thể.
- Học phần tiên quyết: là học phần bắt buộc sinh viên phải học trước và tích lũy mới
được học tiếp sang học phần có liên quan khác.
- Học phần học trước: là học phần sinh viên phải học trước khi học các học phần có
liên quan khác. Học phần học trước có thể thi đạt hoặc không đạt.
- Học phần song hành: Hai học phần được gọi là song hành khi sinh viên đăng ký học
phần này thì bắt buộc phải đăng ký học phần kia.
- Học phần thay thế: là học phần được sử dụng khi một học phần thuộc chương trình
giáo dục thay đổi hoặc điều chỉnh, không còn tổ chức giảng dạy. Học phần thay thế
có thời lượng tương đương nhưng nội dung có thể khác với học phần không còn tổ
chức giảng dạy, do khoa phụ trách chuyên môn quy định.
- Học phần tương đương: là học phần có nội dung kiến thức và thời lượng tương
đương với một học phần khác.
- Học phần mới: là học phần sinh viên đăng ký học lần đầu tiên.
- Học phần học lại: là học phần sinh viên đã học nhưng kết quả chưa đạt (điểm nhỏ
hơn 5), sinh viên phải đăng ký học lại học phần đó nếu là học phần bắt buộc.
- Học phần học cải thiện: là học phần sinh viên đã học có kết quả đạt (từ 5 điểm trở
lên), nhưng muốn đăng ký học lại. Sinh viên chỉ được đăng ký học cải thiện theo quy
định tại Khoản 3 Điều 14 của quy chế này.
- Học phần điều kiện: là các học phần sinh viên bắt buộc phải học như giáo dục thể
chất, giáo dục quốc phòng - an ninh, có kết quả đánh giá không tính vào điểm trung
bình chung học kỳ, điểm trung bình chung tích lũy.
- Học phần tài năng: là các học phần được tổ chức nhằm tăng cường tương tác giữa
giảng viên và sinh viên, khuyến khích tư duy phản biện, khả năng sáng tạo, khả năng
phát triển và trình bày ý tưởng của sinh viên.
- Học phần tiên tiến: là các học phần được tổ chức dựa trên cơ sở của chương trình
đang được áp dụng ở trường đại học tiên tiến trên thế giới đáp ứng mục tiêu của
chương trình tiên tiến.
3. Đối với chương trình đào tạo chuyên sâu đặc thù, yêu cầu khối lượng thực tập tối thiểu là
8 tín chỉ.
4. Khoá luận tốt nghiệp là học phần đặc biệt có khối lượng tương đương 10 tín chỉ.
Trang 6/27"
790/QĐ-ĐHCNTT,khoan,Khoản 1,,1/3/1,3001.0,Môn học ................................................................................................................................ 4
790/QĐ-ĐHCNTT,khoan,Khoản 1,,1/3/1,3001.0,"Học phần (hay môn học) là khối lượng kiến thức tương đối trọn vẹn, thuận tiện cho
người học tích lũy trong quá trình học tập, nội dung được bố trí giảng dạy trong một học
kỳ. Mỗi học phần được ký hiệu bằng một mã riêng do Trường quy định. Mỗi học phần
thực hành, thí nghiệm, kiến tập,… có khối lượng từ 1 – 3 tín chỉ, mỗi học phần lý thuyết
hoặc học phần có cả lý thuyết và thực hành có khối lượng từ 1 – 4 tín chỉ. Trường có hai
hình thức tổ chức giảng dạy thực hành:
- Thực hành Hình thức 1 (HT1): là hình thức dạy thực hành có sự hướng dẫn của giảng
viên cho toàn thời lượng học thực hành.
- Thực hành Hình thức 2 (HT2): là hình thức dạy thực hành có sự hướng dẫn của giảng
viên với thời lượng 09 tiết/tín chỉ thực hành, không nhất thiết phải sử dụng phòng
thực hành chuyên dụng.
Trang 5/27"
790/QĐ-ĐHCNTT,khoan,Khoản 2,,1/3/2,3002.0,"Các loại học phần
- Học phần tích lũy: là học phần mà sinh viên có kết quả tổng kết học phần được từ 5
điểm trở lên.
- Học phần bắt buộc: là học phần bắt buộc sinh viên phải học và tích lũy theo ngành
hoặc chuyên ngành đã chọn.
- Học phần tự chọn: là học phần sinh viên có thể đăng ký học hay không tùy theo
nguyện vọng.
- Học phần chung (Giáo dục quốc phòng-An ninh, Giáo dục Thể chất, Lý luận chính
trị, Ngoại ngữ,…) là các học phần được giảng dạy và học tập chung cho các ngành
theo quy định của Bộ GD&ĐT và hướng dẫn của ĐHQG-HCM.
- Học phần tự chọn định hướng: là học phần mà sinh viên phải chọn trong các học
phần quy định cho một ngành học cụ thể.
- Học phần tiên quyết: là học phần bắt buộc sinh viên phải học trước và tích lũy mới
được học tiếp sang học phần có liên quan khác.
- Học phần học trước: là học phần sinh viên phải học trước khi học các học phần có
liên quan khác. Học phần học trước có thể thi đạt hoặc không đạt.
- Học phần song hành: Hai học phần được gọi là song hành khi sinh viên đăng ký học
phần này thì bắt buộc phải đăng ký học phần kia.
- Học phần thay thế: là học phần được sử dụng khi một học phần thuộc chương trình
giáo dục thay đổi hoặc điều chỉnh, không còn tổ chức giảng dạy. Học phần thay thế
có thời lượng tương đương nhưng nội dung có thể khác với học phần không còn tổ
chức giảng dạy, do khoa phụ trách chuyên môn quy định.
- Học phần tương đương: là học phần có nội dung kiến thức và thời lượng tương
đương với một học phần khác.
- Học phần mới: là học phần sinh viên đăng ký học lần đầu tiên.
- Học phần học lại: là học phần sinh viên đã học nhưng kết quả chưa đạt (điểm nhỏ
hơn 5), sinh viên phải đăng ký học lại học phần đó nếu là học phần bắt buộc.
- Học phần học cải thiện: là học phần sinh viên đã học có kết quả đạt (từ 5 điểm trở
lên), nhưng muốn đăng ký học lại. Sinh viên chỉ được đăng ký học cải thiện theo quy
định tại Khoản 3 Điều 14 của quy chế này.
- Học phần điều kiện: là các học phần sinh viên bắt buộc phải học như giáo dục thể
chất, giáo dục quốc phòng - an ninh, có kết quả đánh giá không tính vào điểm trung
bình chung học kỳ, điểm trung bình chung tích lũy.
- Học phần tài năng: là các học phần được tổ chức nhằm tăng cường tương tác giữa
giảng viên và sinh viên, khuyến khích tư duy phản biện, khả năng sáng tạo, khả năng
phát triển và trình bày ý tưởng của sinh viên.
- Học phần tiên tiến: là các học phần được tổ chức dựa trên cơ sở của chương trình
đang được áp dụng ở trường đại học tiên tiến trên thế giới đáp ứng mục tiêu của
chương trình tiên tiến."
790/QĐ-ĐHCNTT,khoan,Khoản 3,,1/3/3,3003.0,"Đối với chương trình đào tạo chuyên sâu đặc thù, yêu cầu khối lượng thực tập tối thiểu là
8 tín chỉ."
790/QĐ-ĐHCNTT,khoan,Khoản 4,,1/3/4,3004.0,"Khoá luận tốt nghiệp là học phần đặc biệt có khối lượng tương đương 10 tín chỉ.
Trang 6/27"
790/QĐ-ĐHCNTT,dieu,Điều 30,Công bố thông tin ................................ ................................ ................................ ............. 23,1/30,31.0,"CHƯƠNG 5. THỰC TẬP, KHÓA LUẬN TỐT NGHIỆP VÀ CÔNG NHẬN TỐT NGHIỆP ......... 24 
"
790/QĐ-ĐHCNTT,khoan,Khoản 1,,1/30/1,30001.0,"CHƯƠNG 5. THỰC TẬP, KHÓA LUẬN TỐT NGHIỆP VÀ CÔNG NHẬN TỐT NGHIỆP ......... 24"
790/QĐ-ĐHCNTT,dieu,Điều 31,"Thực tập, khóa luận tốt nghiệp và chuyên đề tốt nghiệp ................................ .................. 24",1/31,32.0,
790/QĐ-ĐHCNTT,dieu,Điều 32,"Chấm thực tập, khóa luận tốt nghiệp ................................ ................................ ................ 25",1/32,33.0,
790/QĐ-ĐHCNTT,dieu,Điều 33,Điều kiện xét tốt nghiệp và công nhận tốt nghiệp ................................ ............................ 25,1/33,34.0,
790/QĐ-ĐHCNTT,dieu,Điều 34,Cấp bằng tốt nghiệp ................................ ................................ ................................ .......... 26,1/34,35.0,"CHƯƠNG 6. ĐIỀU KHOẢN THI HÀNH ................................ ................................ .......................... 27 
 
 
Trang 3/27 
 DANH M ỤC TỪ VIẾT TẮT 
 
ĐHCNTT Đại học Công nghệ Thông tin 
ĐHQG -HCM Đại học Quốc gia TP. Hồ Chí Minh 
P. ĐTĐH Phòng Đào tạo Đại học 
Bộ GD&ĐT Bộ Giáo dục và Đào tạo 
TCHP Tín chỉ học phí 
TCHPHL Tín chỉ học phí học lại 
TCHPCT Tín chỉ học phí học cải thiện 
TCHPHM Tín chỉ học phí học mới 
HPHK Học phí học kỳ 
CSĐT Cơ sở đào tạo 
ĐTBHK Điểm trung bình học kỳ 
ĐTB C Điểm trung bình chung 
ĐTBCTL Điểm trung bình chung tích lũy 
ĐKHP Đăng ký học phần 
Văn bằng 1 Đào tạo cấp bằng tốt nghiệp đại học cho người đã có bằng tốt 
nghiệp trung học phổ thông hoặc bằng tốt nghiệp trung cấp 
Văn bằng 2 Đào tạo cấp bằng tốt nghiệp đại học thứ hai cho người đã có bằng 
tốt nghiệp đại học 
Liên t hông Đào tạo cấp bằng tốt nghiệp đại học cho người đã tốt nghiệp trình 
độ cao đẳng 
 
 
Trang 4/27 
 CHƯƠNG 1. QUY ĐỊNH CHUNG 
"
790/QĐ-ĐHCNTT,khoan,Khoản 1,,1/34/1,34001.0,"CHƯƠNG 6. ĐIỀU KHOẢN THI HÀNH ................................ ................................ .......................... 27 
 
 
Trang 3/27 
 DANH M ỤC TỪ VIẾT TẮT 
 
ĐHCNTT Đại học Công nghệ Thông tin 
ĐHQG -HCM Đại học Quốc gia TP. Hồ Chí Minh 
P. ĐTĐH Phòng Đào tạo Đại học 
Bộ GD&ĐT Bộ Giáo dục và Đào tạo 
TCHP Tín chỉ học phí 
TCHPHL Tín chỉ học phí học lại 
TCHPCT Tín chỉ học phí học cải thiện 
TCHPHM Tín chỉ học phí học mới 
HPHK Học phí học kỳ 
CSĐT Cơ sở đào tạo 
ĐTBHK Điểm trung bình học kỳ 
ĐTB C Điểm trung bình chung 
ĐTBCTL Điểm trung bình chung tích lũy 
ĐKHP Đăng ký học phần 
Văn bằng 1 Đào tạo cấp bằng tốt nghiệp đại học cho người đã có bằng tốt 
nghiệp trung học phổ thông hoặc bằng tốt nghiệp trung cấp 
Văn bằng 2 Đào tạo cấp bằng tốt nghiệp đại học thứ hai cho người đã có bằng 
tốt nghiệp đại học 
Liên t hông Đào tạo cấp bằng tốt nghiệp đại học cho người đã tốt nghiệp trình 
độ cao đẳng 
 
 
Trang 4/27 
 CHƯƠNG 1. QUY ĐỊNH CHUNG"
790/QĐ-ĐHCNTT,dieu,Điều 1,Phạm vi điều chỉnh và đối tượng áp dụng,1/35,36.0,"1. Quy ch ế này quy đ ịnh nh ững đi ều chung nh ất về đào t ạo đại học theo hình th ức chính 
quy ( gọi tắt là hệ đại học chính quy) của Trư ờng Đại học Công ngh ệ Thông tin thuộc 
ĐHQG -HCM (gọi tắt là Trư ờng). 
2. Quy ch ế này áp d ụng đối với các đơn v ị, cá nhân liên quan trong đào t ạo hệ đại học 
chính quy. 
3. Quy đ ịnh đào t ạo đại học theo hình th ức đào t ạo từ xa (gọi tắt là hệ đại học từ xa) và đào 
tạo các chương trình đ ặc biệt của Trư ờng đư ợc xây d ựng, điều chỉnh phù h ợp với đặc thù 
hệ đào t ạo/chương trình dựa trên cơ s ở quy ch ế này. 
"
790/QĐ-ĐHCNTT,khoan,Khoản 1,,1/35/1,1001.0,"Quy ch ế này quy đ ịnh nh ững đi ều chung nh ất về đào t ạo đại học theo hình th ức chính 
quy ( gọi tắt là hệ đại học chính quy) của Trư ờng Đại học Công ngh ệ Thông tin thuộc 
ĐHQG -HCM (gọi tắt là Trư ờng)."
790/QĐ-ĐHCNTT,khoan,Khoản 2,,1/35/2,1002.0,"Quy ch ế này áp d ụng đối với các đơn v ị, cá nhân liên quan trong đào t ạo hệ đại học 
chính quy."
790/QĐ-ĐHCNTT,khoan,Khoản 3,,1/35/3,1003.0,"Quy đ ịnh đào t ạo đại học theo hình th ức đào t ạo từ xa (gọi tắt là hệ đại học từ xa) và đào 
tạo các chương trình đ ặc biệt của Trư ờng đư ợc xây d ựng, điều chỉnh phù h ợp với đặc thù 
hệ đào t ạo/chương trình dựa trên cơ s ở quy ch ế này."
790/QĐ-ĐHCNTT,dieu,Điều 2,Mục tiêu của chương trình giáo dục và phương thức đào tạo,1/36,37.0,"1. Mục tiêu chung của chương trình giáo d ục đại học của Trư ờng: 
 - Đào tạo nhân l ực, nâng cao dân trí, b ồi dưỡng nhân tài; nghiên c ứu khoa h ọc, công ngh ệ 
tạo ra tri th ức, sản phẩm mới, phục vụ yêu c ầu phát tri ển kinh t ế - xã hội, đảm bảo quốc 
phòng, an ninh và h ội nhập quốc tế; 
 - Đào t ạo ngư ời học có ph ẩm ch ất chính trị, đạo đức; có ki ến thức chuyên môn toàn di ện, 
nắm vững nguyên lý, quy lu ật tự nhiên - xã hội, có k ỹ năng th ực hành cơ b ản, có kh ả 
năng làm vi ệc độc lập, sáng t ạo và giải quy ết những vấn đề thuộc ngành đư ợc đào t ạo; có 
sức khỏe; có kh ả năng sáng t ạo và trách nhi ệm ngh ề nghiệp, thích nghi v ới môi trư ờng 
làm vi ệc; có ý th ức phục vụ nhân dân . Ngư ời học hoàn thành chương trình đào t ạo đáp 
ứng yêu c ầu chu ẩn đầu ra b ậc 6 c ủa Khung trình đ ộ quốc gia Vi ệt Nam và các năng l ực 
cốt lõi c ủa Bộ phẩm ch ất và năng l ực sinh viên t ốt nghi ệp ĐHQG -HCM . 
2. Mục tiêu c ụ thể của chương trình giáo d ục đại học được ghi trong b ản mô t ả của từng 
chương trình giáo d ục đại học. 
3. Phương th ức đào t ạo của Trư ờng theo h ọc chế tín ch ỉ, giúp cho sinh viên có th ể tích lũy 
kiến thức trong m ọi thời điểm, đ ồng th ời cũng yêu c ầu ở sinh viên tính tích c ực, ch ủ 
động trong vi ệc lập kế hoạch học tập cá nhân nh ằm tạo nên hi ệu quả cao trong h ọc tập và 
rèn luy ện. 
"
790/QĐ-ĐHCNTT,khoan,Khoản 1,,1/36/1,2001.0,"Mục tiêu chung của chương trình giáo d ục đại học của Trư ờng: 
 - Đào tạo nhân l ực, nâng cao dân trí, b ồi dưỡng nhân tài; nghiên c ứu khoa h ọc, công ngh ệ 
tạo ra tri th ức, sản phẩm mới, phục vụ yêu c ầu phát tri ển kinh t ế - xã hội, đảm bảo quốc 
phòng, an ninh và h ội nhập quốc tế; 
 - Đào t ạo ngư ời học có ph ẩm ch ất chính trị, đạo đức; có ki ến thức chuyên môn toàn di ện, 
nắm vững nguyên lý, quy lu ật tự nhiên - xã hội, có k ỹ năng th ực hành cơ b ản, có kh ả 
năng làm vi ệc độc lập, sáng t ạo và giải quy ết những vấn đề thuộc ngành đư ợc đào t ạo; có 
sức khỏe; có kh ả năng sáng t ạo và trách nhi ệm ngh ề nghiệp, thích nghi v ới môi trư ờng 
làm vi ệc; có ý th ức phục vụ nhân dân . Ngư ời học hoàn thành chương trình đào t ạo đáp 
ứng yêu c ầu chu ẩn đầu ra b ậc 6 c ủa Khung trình đ ộ quốc gia Vi ệt Nam và các năng l ực 
cốt lõi c ủa Bộ phẩm ch ất và năng l ực sinh viên t ốt nghi ệp ĐHQG -HCM ."
790/QĐ-ĐHCNTT,khoan,Khoản 2,,1/36/2,2002.0,"Mục tiêu c ụ thể của chương trình giáo d ục đại học được ghi trong b ản mô t ả của từng 
chương trình giáo d ục đại học."
790/QĐ-ĐHCNTT,khoan,Khoản 3,,1/36/3,2003.0,"Phương th ức đào t ạo của Trư ờng theo h ọc chế tín ch ỉ, giúp cho sinh viên có th ể tích lũy 
kiến thức trong m ọi thời điểm, đ ồng th ời cũng yêu c ầu ở sinh viên tính tích c ực, ch ủ 
động trong vi ệc lập kế hoạch học tập cá nhân nh ằm tạo nên hi ệu quả cao trong h ọc tập và 
rèn luy ện."
790/QĐ-ĐHCNTT,dieu,Điều 3,Môn học,1/37,38.0,"1. Học phần (hay môn học) là khối lượng kiến thức tương đối trọn vẹn, thuận tiện cho 
người học tích lũy trong quá trình học tập, nội dung được bố trí giảng dạy trong một học 
kỳ. Mỗi học phần được ký hiệu bằng một mã riêng do Trường quy định. Mỗi học phần 
thực hành, thí nghiệm, kiến tập,… có khối lượng từ 1 – 3 tín chỉ, mỗi học phần lý thuyết 
hoặc học phần có cả lý thuyết và thực hành có khối lượng từ 1 – 4 tín chỉ. Trường có hai 
hình thức tổ chức giảng dạy thực hành : 
- Thực hành Hình thức 1 (HT1): là hình thức dạy thực hành có sự hướng dẫn của giảng 
viên cho toàn thời lượng học thực hành . 
- Thực hành Hình th ức 2 (HT2): là hình thức dạy thực hành có sự hướng dẫn của giảng 
viên với thời lượng 09 tiết /tín chỉ thực hành , không nhất thiết phải sử dụng phòng 
thực hành chuyên dụng. 
Trang 5/27 
 2. Các lo ại học phần 
- Học phần tích lũy: là học phần mà sinh viên có kết quả tổng kết học phần được từ 5 
điểm trở lên. 
- Học phần bắt buộc: là học phần bắt buộc sinh viên phải học và tích lũy theo ngành 
hoặc chuyên ngành đã chọn. 
- Học phần tự chọn: là học phần sinh viên có thể đăng ký học hay không tùy theo 
nguyện vọng. 
- Học phần chung (Giáo dục quốc phòng -An ninh, Giáo dục Thể chất, Lý luận chính 
trị, Ngoại ngữ,…) là cá c học phần được giảng dạy và học tập chung cho các ngành 
theo quy định của Bộ GD&ĐT và hướng dẫn của ĐHQG -HCM. 
- Học phần tự chọn định hướng: là học phần mà sinh viên phải chọn trong các học 
phần quy định cho một ngành học cụ thể. 
- Học phần tiên quyết: là học phần bắt buộc sinh viên phải học trước và tích lũy mới 
được học tiếp sang học phần có liên quan khác. 
- Học phần học trước: là học phần sinh viên phải học trước khi học các học phần có 
liên quan khác. Học phần học trước có thể thi đạt hoặc không đạt. 
- Học ph ần song hành: Hai học phần được gọi là song hành khi sinh viên đăng ký học 
phần này thì bắt buộc phải đăng ký học phần kia. 
- Học phần thay thế: là học phần được sử dụng khi một học phần thuộc chương trình 
giáo dục thay đổi hoặc điều chỉnh, không còn tổ chức giảng dạy. Học phần thay thế 
có thời lượng tương đương nhưng nội dung có thể khác với học phần không còn tổ 
chức giảng dạy, do khoa phụ trách chuyên môn quy định. 
- Học phần tương đương: là học phần có nội dung kiến thức và thời lượng tương 
đương với một h ọc phần khác. 
- Học phần mới: là học phần sinh viên đăng ký học lần đầu tiên. 
- Học phần học lại: là học phần sinh viên đã học nhưng kết quả chưa đạt (điểm nhỏ 
hơn 5), sinh viên phải đăng ký học lại học phần đó nếu là học phần bắt buộc . 
- Học phần học cải thiện: là học phần sinh viên đã học có kết quả đạt (từ 5 điểm trở 
lên), nhưng muốn đăng ký học lại. Sinh viên chỉ được đăng ký học cải thiện theo quy 
định tại Khoản 3 Điều 14 của quy chế này. 
- Học phần điều kiện : là các học phần sinh viên bắt buộc phải học như giáo dục thể 
chất, giáo dục quốc phòng - an ninh , có k ết qu ả đánh giá không tính vào điểm trung 
bình chung học kỳ, điểm trung bình chung tích lũy . 
- Học phần tài năng: là các học phần được tổ chức nhằm tăng cường tương tác gi ữa 
giảng viên và sinh viên, khuyến khích tư duy phản biện, khả năng sáng tạo, khả năng 
phát triển và trình bày ý tưởng của sinh viên. 
- Học phần tiên tiến: là các học phần được tổ chức dựa trên cơ sở của chương trình 
đang được áp dụng ở trường đại học tiên t iến trên thế giới đáp ứng mục tiêu của 
chương trình tiên tiến. 
3. Đối với chương trình đào t ạo chuyên sâu đ ặc thù, yêu c ầu khối lượng th ực tập tối thiểu là 
8 tín ch ỉ. 
4. Khoá lu ận tốt nghi ệp là học phần đặc biệt có kh ối lượng tương đương 10 tín ch ỉ. 
Trang 6/27 
"
790/QĐ-ĐHCNTT,khoan,Khoản 1,,1/37/1,3001.0,"Học phần (hay môn học) là khối lượng kiến thức tương đối trọn vẹn, thuận tiện cho 
người học tích lũy trong quá trình học tập, nội dung được bố trí giảng dạy trong một học 
kỳ. Mỗi học phần được ký hiệu bằng một mã riêng do Trường quy định. Mỗi học phần 
thực hành, thí nghiệm, kiến tập,… có khối lượng từ 1 – 3 tín chỉ, mỗi học phần lý thuyết 
hoặc học phần có cả lý thuyết và thực hành có khối lượng từ 1 – 4 tín chỉ. Trường có hai 
hình thức tổ chức giảng dạy thực hành : 
- Thực hành Hình thức 1 (HT1): là hình thức dạy thực hành có sự hướng dẫn của giảng 
viên cho toàn thời lượng học thực hành . 
- Thực hành Hình th ức 2 (HT2): là hình thức dạy thực hành có sự hướng dẫn của giảng 
viên với thời lượng 09 tiết /tín chỉ thực hành , không nhất thiết phải sử dụng phòng 
thực hành chuyên dụng. 
Trang 5/27"
790/QĐ-ĐHCNTT,khoan,Khoản 2,,1/37/2,3002.0,"Các lo ại học phần 
- Học phần tích lũy: là học phần mà sinh viên có kết quả tổng kết học phần được từ 5 
điểm trở lên. 
- Học phần bắt buộc: là học phần bắt buộc sinh viên phải học và tích lũy theo ngành 
hoặc chuyên ngành đã chọn. 
- Học phần tự chọn: là học phần sinh viên có thể đăng ký học hay không tùy theo 
nguyện vọng. 
- Học phần chung (Giáo dục quốc phòng -An ninh, Giáo dục Thể chất, Lý luận chính 
trị, Ngoại ngữ,…) là cá c học phần được giảng dạy và học tập chung cho các ngành 
theo quy định của Bộ GD&ĐT và hướng dẫn của ĐHQG -HCM. 
- Học phần tự chọn định hướng: là học phần mà sinh viên phải chọn trong các học 
phần quy định cho một ngành học cụ thể. 
- Học phần tiên quyết: là học phần bắt buộc sinh viên phải học trước và tích lũy mới 
được học tiếp sang học phần có liên quan khác. 
- Học phần học trước: là học phần sinh viên phải học trước khi học các học phần có 
liên quan khác. Học phần học trước có thể thi đạt hoặc không đạt. 
- Học ph ần song hành: Hai học phần được gọi là song hành khi sinh viên đăng ký học 
phần này thì bắt buộc phải đăng ký học phần kia. 
- Học phần thay thế: là học phần được sử dụng khi một học phần thuộc chương trình 
giáo dục thay đổi hoặc điều chỉnh, không còn tổ chức giảng dạy. Học phần thay thế 
có thời lượng tương đương nhưng nội dung có thể khác với học phần không còn tổ 
chức giảng dạy, do khoa phụ trách chuyên môn quy định. 
- Học phần tương đương: là học phần có nội dung kiến thức và thời lượng tương 
đương với một h ọc phần khác. 
- Học phần mới: là học phần sinh viên đăng ký học lần đầu tiên. 
- Học phần học lại: là học phần sinh viên đã học nhưng kết quả chưa đạt (điểm nhỏ 
hơn 5), sinh viên phải đăng ký học lại học phần đó nếu là học phần bắt buộc . 
- Học phần học cải thiện: là học phần sinh viên đã học có kết quả đạt (từ 5 điểm trở 
lên), nhưng muốn đăng ký học lại. Sinh viên chỉ được đăng ký học cải thiện theo quy 
định tại Khoản 3 Điều 14 của quy chế này. 
- Học phần điều kiện : là các học phần sinh viên bắt buộc phải học như giáo dục thể 
chất, giáo dục quốc phòng - an ninh , có k ết qu ả đánh giá không tính vào điểm trung 
bình chung học kỳ, điểm trung bình chung tích lũy . 
- Học phần tài năng: là các học phần được tổ chức nhằm tăng cường tương tác gi ữa 
giảng viên và sinh viên, khuyến khích tư duy phản biện, khả năng sáng tạo, khả năng 
phát triển và trình bày ý tưởng của sinh viên. 
- Học phần tiên tiến: là các học phần được tổ chức dựa trên cơ sở của chương trình 
đang được áp dụng ở trường đại học tiên t iến trên thế giới đáp ứng mục tiêu của 
chương trình tiên tiến."
790/QĐ-ĐHCNTT,khoan,Khoản 3,,1/37/3,3003.0,"Đối với chương trình đào t ạo chuyên sâu đ ặc thù, yêu c ầu khối lượng th ực tập tối thiểu là 
8 tín ch ỉ."
790/QĐ-ĐHCNTT,khoan,Khoản 4,,1/37/4,3004.0,"Khoá lu ận tốt nghi ệp là học phần đặc biệt có kh ối lượng tương đương 10 tín ch ỉ. 
Trang 6/27"
790/QĐ-ĐHCNTT,dieu,Điều 4,Tín chỉ học tập – Tín chỉ học phí,1/38,39.0,"1. Tín ch ỉ học tập: 
- Tín chỉ học tập: là đơn vị dùng để xác định thời gian, khối lượng học tập của sinh 
viên và khối lượng giảng dạy của giảng viên, đồng thời là đơn vị dùng để đánh giá 
kết quả học tập của sinh viên dựa trên số lượng tín chỉ học tập đã tích lũy được. 
- Một tiết học được tính quy chuẩn bằng 50 phút. 
- Một tí n chỉ học tập được quy định bằng 15 tiết học lý thuyết; 30 tiết thảo luận trên 
lớp, thí nghiệm, thực hành tại phòng máy theo phương thức học tập trực tiếp hoặc 
trực tuyến hoặc 45 – 60 tiết thực tập, kiến tập, chuẩn bị khoá luận. 
- Đối với những học phần lý thuyết hoặc thực hành, thí nghiệm: để tiếp thu được một 
tín chỉ sinh viên phải dành ít nhất 30 giờ chuẩn bị cá nhân (tự học) và giảng viên phải 
dành ít nhất 30 giờ để soạn giáo án, bài tập tình huống, soạn đề cương chi tiết, chấm 
bài tập về nhà, bài thi, g iải đáp cho sinh viên hoặc phát triển học phần. 
- Một tín chỉ thực tập doanh nghiệp được quy định bằng 4 tuần đi thực tập doanh 
nghiệp. 
- Số tiết, số tín chỉ, thời gian tự học, thời gian làm việc của giảng viên, cách đánh giá 
học phần được quy định cụ thể tron g đề cương chi tiết của từng học phần. 
- Sau đây tín chỉ học tập được gọi tắt là tín chỉ. 
2. Tín ch ỉ học phí (TCHP) : là đơn v ị dùng đ ể lượng hóa chi phí c ủa các ho ạt động gi ảng dạy 
tính cho t ừng học phần. Số TCHP c ủa mỗi học phần được xác đ ịnh căn c ứ vào đề cương 
và cách th ức tổ chức học phần; cụ thể như sau: 
- Phần giảng dạy lý thuyết tại lớp: 15 tiết tương đương với 1 TCHP. 
- Phần giảng dạy thực hành, thí nghiệm, thảo luận: 
o Học phần thực hành HT1 : 1 TCTH tương đương 2 TCHP. 
o Học phần thực hành HT2 : 1 TCTH tương đương 1 TCHP. 
- Một số học phần đặc biệt được xác định số TCHP riêng theo quyết định của Hiệu 
trưởng gồm các loại học phần : Giáo dục quốc phòng - an ninh, Giáo dục thể chất, 
Thực tập doanh nghiệp, Khóa luận tốt nghiệp, Môn học đồ án (bao gồm chuyên đề 
nghiên cứu khoa học, seminar,… ). 
- Có 3 loại TCHP : 
o TCHP học lại (TCHPHL): là tín chỉ học phí của học phần học lại. 
o TCHP học cải thiện (TCHPCT): là tín chỉ học phí của học phần học cải thiện. 
o TCHP học mới (TCHPHM): là tín chỉ học phí của học phần mới học lần đầu. 
- Đầu năm học, Trường sẽ công bố mức học phí cho m ỗi loại TCHP . 
3. Nguyên t ắc xác đ ịnh học phí 
- Đối với sinh viên còn trong thời gian học theo thiết kế chương trình đào tạo : 
o Đối với học kỳ chính 
Học phí = HPHK + HPTCHL × TCHPHL + HPTCCT × TCHPCT 
o Đối với học kỳ hè 
Học phí = HPTCHM × TCHPHM + HPTCHL × TCHP HL + HPTCCT × 
TCHPCT 
Trang 7/27 
 - Đối với sinh viên đã quá thời gian học theo thiết kế chương trình đào tạo : 
o Đối với học kỳ chính 
Học phí = min(HPHK C, HPGH + HPTCHM × TCHPHM) + HPTCHL × 
TCHPHL + HPTCCT × TCHPCT 
o Đối với học kỳ hè 
Học phí = HPTCHM × TCHPHM + HPTCHL × TCHPHL + HPTCCT × 
TCHPCT 
- Trong các công thức trê n: 
o HPHK: học phí học kỳ, là khoản tiền sinh viên phải đóng khi có đăng ký học 
phần mới t rong học kỳ chính. 
o HPHKC: học phí học kỳ cuối cùng theo thiết kế chương trình đào tạo . (Ví dụ : 
nếu CTĐT có thời gian thiết kế là 4 năm thì học kỳ cuối cùng là học kỳ thứ 8, nếu 
CTĐT có thời gian thiết kế là 3,5 năm thì học kỳ cuối cùng là học kỳ thứ 7). 
o HPTCHM: mức đơn giá học phí cho loại tín chỉ học phí học mới. 
o TCHPHM: tổng số tín chỉ h ọc phí của các môn học mới. 
o HPTCHL: mức đơn giá học phí cho loại tín chỉ học phí học lại. 
o TCHPHL: tổng số tín chỉ học phí của các môn học lại. 
o HPTCCT: mức đơn giá học phí cho loại tín chỉ học phí học cải thiện. 
o TCHPCT: tổng số tín chỉ học phí của các môn h ọc cải thiện. 
o HPGH : học phí gia hạn, được tính theo công thức sau đây với giá trị t được xác 
định cụ thể tại các thông báo của Hiệu trưở ng : 
HPGH = t × HPHK C (t < 100%). 
- Gia hạn thời gian nộp học phí: Nếu sinh viên có hoàn cảnh đặc biệt khó khăn không 
thể hoàn thành học phí đúng hạn thì phải làm đơn xin gia hạn đóng học phí và nộp 
về Phòng Kế hoạch – Tài chính trước thời hạn đóng học phí theo quy định. 
- Đối với sinh viên đăng ký học ngoài giờ hành chính thì học phí tuân theo quy định về 
việc tổ chứ c day -học ngoài giờ hành chính của Trường. 
- Đối với sinh viên học cùng lúc hai chương trình đào tạo, học phí cũng được xác định 
theo quy định tại khoản này. Trường hợp sinh viên đã tốt nghiệp chương trình thứ 
nhất thì học phí chương trình thứ hai được tính dựa trên số tín chỉ mà sinh viên đăng 
ký theo công thức: Học phí = Số TC học phí x đơn giá học phí. 
- Sinh viên phải đóng HPHK tương ứng với số họ c kỳ theo thiết kế chương trình đào 
tạo. HPHK được áp dụng theo quy định học phí hiện hành của từng năm học tương 
ứng trong CTĐT . Lưu ý một số trường hợp đặc biệt sau đây (n là số học kỳ theo 
thiết kế CTĐT ): 
+ Nếu được cho phép bảo lưu thì sinh viên không phải đóng HPHK cho học kỳ được 
bảo lưu , tuy nhiên sinh viên phải đóng HPHK tới hết học kỳ n + i (trong đó i là tổng 
số học kỳ sinh viên được bảo lưu) . 
 (Ví dụ : CTĐT có thời gian thiết kế là 7 học kỳ , sinh viên bảo lưu 01 học kỳ thì thời 
gian sinh viên phải đóng HPHK tới hết học kỳ 8 ). 
+ Nếu sinh viên không đăng ký học phần (ĐKHP) hoặc bị hủy ĐKHP ( ĐKHP nhưng 
không đóng HPHK hoặc ĐKHP nhưng đóng HPHK trễ hạn ) thì sinh viên không phải 
đóng HPHK của học kỳ đó, tuy nhiên sinh viên phải đóng HPHK tới hết học kỳ n + i 
Trang 8/27 
 (trong đó i là số học kỳ sinh viên không ĐKHP hoặc bị hủy ĐKHP ). Đồng thời, sinh 
viên bị XLHV theo quy định tại Điều 16 của Quy chế này. 
(Ví dụ : CTĐT có thời gian thiết kế là 7 học kỳ , sinh viên không ĐKHP hoặc bị hủy 
ĐKHP 01 học kỳ thì thời gian sinh viên phải đóng HPHK tới hết học kỳ 8 ). 
"
790/QĐ-ĐHCNTT,khoan,Khoản 1,,1/38/1,4001.0,"Tín ch ỉ học tập: 
- Tín chỉ học tập: là đơn vị dùng để xác định thời gian, khối lượng học tập của sinh 
viên và khối lượng giảng dạy của giảng viên, đồng thời là đơn vị dùng để đánh giá 
kết quả học tập của sinh viên dựa trên số lượng tín chỉ học tập đã tích lũy được. 
- Một tiết học được tính quy chuẩn bằng 50 phút. 
- Một tí n chỉ học tập được quy định bằng 15 tiết học lý thuyết; 30 tiết thảo luận trên 
lớp, thí nghiệm, thực hành tại phòng máy theo phương thức học tập trực tiếp hoặc 
trực tuyến hoặc 45 – 60 tiết thực tập, kiến tập, chuẩn bị khoá luận. 
- Đối với những học phần lý thuyết hoặc thực hành, thí nghiệm: để tiếp thu được một 
tín chỉ sinh viên phải dành ít nhất 30 giờ chuẩn bị cá nhân (tự học) và giảng viên phải 
dành ít nhất 30 giờ để soạn giáo án, bài tập tình huống, soạn đề cương chi tiết, chấm 
bài tập về nhà, bài thi, g iải đáp cho sinh viên hoặc phát triển học phần. 
- Một tín chỉ thực tập doanh nghiệp được quy định bằng 4 tuần đi thực tập doanh 
nghiệp. 
- Số tiết, số tín chỉ, thời gian tự học, thời gian làm việc của giảng viên, cách đánh giá 
học phần được quy định cụ thể tron g đề cương chi tiết của từng học phần. 
- Sau đây tín chỉ học tập được gọi tắt là tín chỉ."
790/QĐ-ĐHCNTT,khoan,Khoản 2,,1/38/2,4002.0,"Tín ch ỉ học phí (TCHP) : là đơn v ị dùng đ ể lượng hóa chi phí c ủa các ho ạt động gi ảng dạy 
tính cho t ừng học phần. Số TCHP c ủa mỗi học phần được xác đ ịnh căn c ứ vào đề cương 
và cách th ức tổ chức học phần; cụ thể như sau: 
- Phần giảng dạy lý thuyết tại lớp: 15 tiết tương đương với 1 TCHP. 
- Phần giảng dạy thực hành, thí nghiệm, thảo luận: 
o Học phần thực hành HT1 : 1 TCTH tương đương 2 TCHP. 
o Học phần thực hành HT2 : 1 TCTH tương đương 1 TCHP. 
- Một số học phần đặc biệt được xác định số TCHP riêng theo quyết định của Hiệu 
trưởng gồm các loại học phần : Giáo dục quốc phòng - an ninh, Giáo dục thể chất, 
Thực tập doanh nghiệp, Khóa luận tốt nghiệp, Môn học đồ án (bao gồm chuyên đề 
nghiên cứu khoa học, seminar,… ). 
- Có 3 loại TCHP : 
o TCHP học lại (TCHPHL): là tín chỉ học phí của học phần học lại. 
o TCHP học cải thiện (TCHPCT): là tín chỉ học phí của học phần học cải thiện. 
o TCHP học mới (TCHPHM): là tín chỉ học phí của học phần mới học lần đầu. 
- Đầu năm học, Trường sẽ công bố mức học phí cho m ỗi loại TCHP ."
790/QĐ-ĐHCNTT,khoan,Khoản 3,,1/38/3,4003.0,"Nguyên t ắc xác đ ịnh học phí 
- Đối với sinh viên còn trong thời gian học theo thiết kế chương trình đào tạo : 
o Đối với học kỳ chính 
Học phí = HPHK + HPTCHL × TCHPHL + HPTCCT × TCHPCT 
o Đối với học kỳ hè 
Học phí = HPTCHM × TCHPHM + HPTCHL × TCHP HL + HPTCCT × 
TCHPCT 
Trang 7/27 
 - Đối với sinh viên đã quá thời gian học theo thiết kế chương trình đào tạo : 
o Đối với học kỳ chính 
Học phí = min(HPHK C, HPGH + HPTCHM × TCHPHM) + HPTCHL × 
TCHPHL + HPTCCT × TCHPCT 
o Đối với học kỳ hè 
Học phí = HPTCHM × TCHPHM + HPTCHL × TCHPHL + HPTCCT × 
TCHPCT 
- Trong các công thức trê n: 
o HPHK: học phí học kỳ, là khoản tiền sinh viên phải đóng khi có đăng ký học 
phần mới t rong học kỳ chính. 
o HPHKC: học phí học kỳ cuối cùng theo thiết kế chương trình đào tạo . (Ví dụ : 
nếu CTĐT có thời gian thiết kế là 4 năm thì học kỳ cuối cùng là học kỳ thứ 8, nếu 
CTĐT có thời gian thiết kế là 3,5 năm thì học kỳ cuối cùng là học kỳ thứ 7). 
o HPTCHM: mức đơn giá học phí cho loại tín chỉ học phí học mới. 
o TCHPHM: tổng số tín chỉ h ọc phí của các môn học mới. 
o HPTCHL: mức đơn giá học phí cho loại tín chỉ học phí học lại. 
o TCHPHL: tổng số tín chỉ học phí của các môn học lại. 
o HPTCCT: mức đơn giá học phí cho loại tín chỉ học phí học cải thiện. 
o TCHPCT: tổng số tín chỉ học phí của các môn h ọc cải thiện. 
o HPGH : học phí gia hạn, được tính theo công thức sau đây với giá trị t được xác 
định cụ thể tại các thông báo của Hiệu trưở ng : 
HPGH = t × HPHK C (t < 100%). 
- Gia hạn thời gian nộp học phí: Nếu sinh viên có hoàn cảnh đặc biệt khó khăn không 
thể hoàn thành học phí đúng hạn thì phải làm đơn xin gia hạn đóng học phí và nộp 
về Phòng Kế hoạch – Tài chính trước thời hạn đóng học phí theo quy định. 
- Đối với sinh viên đăng ký học ngoài giờ hành chính thì học phí tuân theo quy định về 
việc tổ chứ c day -học ngoài giờ hành chính của Trường. 
- Đối với sinh viên học cùng lúc hai chương trình đào tạo, học phí cũng được xác định 
theo quy định tại khoản này. Trường hợp sinh viên đã tốt nghiệp chương trình thứ 
nhất thì học phí chương trình thứ hai được tính dựa trên số tín chỉ mà sinh viên đăng 
ký theo công thức: Học phí = Số TC học phí x đơn giá học phí. 
- Sinh viên phải đóng HPHK tương ứng với số họ c kỳ theo thiết kế chương trình đào 
tạo. HPHK được áp dụng theo quy định học phí hiện hành của từng năm học tương 
ứng trong CTĐT . Lưu ý một số trường hợp đặc biệt sau đây (n là số học kỳ theo 
thiết kế CTĐT ): 
+ Nếu được cho phép bảo lưu thì sinh viên không phải đóng HPHK cho học kỳ được 
bảo lưu , tuy nhiên sinh viên phải đóng HPHK tới hết học kỳ n + i (trong đó i là tổng 
số học kỳ sinh viên được bảo lưu) . 
 (Ví dụ : CTĐT có thời gian thiết kế là 7 học kỳ , sinh viên bảo lưu 01 học kỳ thì thời 
gian sinh viên phải đóng HPHK tới hết học kỳ 8 ). 
+ Nếu sinh viên không đăng ký học phần (ĐKHP) hoặc bị hủy ĐKHP ( ĐKHP nhưng 
không đóng HPHK hoặc ĐKHP nhưng đóng HPHK trễ hạn ) thì sinh viên không phải 
đóng HPHK của học kỳ đó, tuy nhiên sinh viên phải đóng HPHK tới hết học kỳ n + i 
Trang 8/27 
 (trong đó i là số học kỳ sinh viên không ĐKHP hoặc bị hủy ĐKHP ). Đồng thời, sinh 
viên bị XLHV theo quy định tại Điều 16 của Quy chế này. 
(Ví dụ : CTĐT có thời gian thiết kế là 7 học kỳ , sinh viên không ĐKHP hoặc bị hủy 
ĐKHP 01 học kỳ thì thời gian sinh viên phải đóng HPHK tới hết học kỳ 8 )."
790/QĐ-ĐHCNTT,dieu,Điều 5,"Học kỳ, năm học",1/39,40.0,"1. Học kỳ là thời gian đ ể sinh viên hoàn thành m ột số học phần của chương trình đào t ạo. 
Một học kỳ chính có 15 tu ần thực học và 2 đ ến 3 tu ần dành cho đánh giá ho ạt động đào 
tạo (thi cu ối kỳ, thi gi ữa kỳ, kiểm tra,…). M ột học kỳ hè có t ối thiểu 5 tu ần thực học và 1 
tuần thi. Căn c ứ vào tình hình th ực tế mỗi năm, kế hoạch gi ảng dạy của học kỳ có th ể 
được điều chỉnh theo quy ết định của Hiệu trư ởng. 
2. Một năm học có 2 h ọc kỳ chính. Tùy theo đi ều kiện, Trư ờng có th ể tổ chức thêm h ọc kỳ 
hè. Việc đăng ký h ọc phần học kỳ hè đư ợc quy đ ịnh tại Điều 14 c ủa quy ch ế này. 
Kế hoạch học tập của mỗi học kỳ và năm h ọc bao g ồm thời gian bi ểu tiến hành các ho ạt 
động gi ảng dạy, học tập và đánh giá ho ạt động đào t ạo. Kế hoạch học tập được công b ố 
rộng rãi trên trang thông tin đi ện tử của Trư ờng. 
"
790/QĐ-ĐHCNTT,khoan,Khoản 1,,1/39/1,5001.0,"Học kỳ là thời gian đ ể sinh viên hoàn thành m ột số học phần của chương trình đào t ạo. 
Một học kỳ chính có 15 tu ần thực học và 2 đ ến 3 tu ần dành cho đánh giá ho ạt động đào 
tạo (thi cu ối kỳ, thi gi ữa kỳ, kiểm tra,…). M ột học kỳ hè có t ối thiểu 5 tu ần thực học và 1 
tuần thi. Căn c ứ vào tình hình th ực tế mỗi năm, kế hoạch gi ảng dạy của học kỳ có th ể 
được điều chỉnh theo quy ết định của Hiệu trư ởng."
790/QĐ-ĐHCNTT,khoan,Khoản 2,,1/39/2,5002.0,"Một năm học có 2 h ọc kỳ chính. Tùy theo đi ều kiện, Trư ờng có th ể tổ chức thêm h ọc kỳ 
hè. Việc đăng ký h ọc phần học kỳ hè đư ợc quy đ ịnh tại Điều 14 c ủa quy ch ế này. 
Kế hoạch học tập của mỗi học kỳ và năm h ọc bao g ồm thời gian bi ểu tiến hành các ho ạt 
động gi ảng dạy, học tập và đánh giá ho ạt động đào t ạo. Kế hoạch học tập được công b ố 
rộng rãi trên trang thông tin đi ện tử của Trư ờng."
790/QĐ-ĐHCNTT,dieu,Điều 4,Tín chỉ học tập – Tín chỉ học phí ................................ ................................ .......................... 6,1/4,5.0,
790/QĐ-ĐHCNTT,dieu,Điều 4,Tín chỉ học tập – Tín chỉ học phí .......................................................................................... 6,1/4,1004.0,Tín chỉ học tập – Tín chỉ học phí .......................................................................................... 6
790/QĐ-ĐHCNTT,dieu,Điều 4,Tín chỉ học tập – Tín chỉ học phí,1/4,1004.0,"1. Tín chỉ học tập:
- Tín chỉ học tập: là đơn vị dùng để xác định thời gian, khối lượng học tập của sinh
viên và khối lượng giảng dạy của giảng viên, đồng thời là đơn vị dùng để đánh giá
kết quả học tập của sinh viên dựa trên số lượng tín chỉ học tập đã tích lũy được.
- Một tiết học được tính quy chuẩn bằng 50 phút.
- Một tín chỉ học tập được quy định bằng 15 tiết học lý thuyết; 30 tiết thảo luận trên
lớp, thí nghiệm, thực hành tại phòng máy theo phương thức học tập trực tiếp hoặc
trực tuyến hoặc 45 – 60 tiết thực tập, kiến tập, chuẩn bị khoá luận.
- Đối với những học phần lý thuyết hoặc thực hành, thí nghiệm: để tiếp thu được một
tín chỉ sinh viên phải dành ít nhất 30 giờ chuẩn bị cá nhân (tự học) và giảng viên phải
dành ít nhất 30 giờ để soạn giáo án, bài tập tình huống, soạn đề cương chi tiết, chấm
bài tập về nhà, bài thi, giải đáp cho sinh viên hoặc phát triển học phần.
- Một tín chỉ thực tập doanh nghiệp được quy định bằng 4 tuần đi thực tập doanh
nghiệp.
- Số tiết, số tín chỉ, thời gian tự học, thời gian làm việc của giảng viên, cách đánh giá
học phần được quy định cụ thể trong đề cương chi tiết của từng học phần.
- Sau đây tín chỉ học tập được gọi tắt là tín chỉ.
2. Tín chỉ học phí (TCHP): là đơn vị dùng để lượng hóa chi phí của các hoạt động giảng dạy
tính cho từng học phần. Số TCHP của mỗi học phần được xác định căn cứ vào đề cương
và cách thức tổ chức học phần; cụ thể như sau:
- Phần giảng dạy lý thuyết tại lớp: 15 tiết tương đương với 1 TCHP.
- Phần giảng dạy thực hành, thí nghiệm, thảo luận:
o Học phần thực hành HT1 : 1 TCTH tương đương 2 TCHP.
o Học phần thực hành HT2 : 1 TCTH tương đương 1 TCHP.
- Một số học phần đặc biệt được xác định số TCHP riêng theo quyết định của Hiệu
trưởng gồm các loại học phần: Giáo dục quốc phòng - an ninh, Giáo dục thể chất,
Thực tập doanh nghiệp, Khóa luận tốt nghiệp, Môn học đồ án (bao gồm chuyên đề
nghiên cứu khoa học, seminar,…).
- Có 3 loại TCHP:
o TCHP học lại (TCHPHL): là tín chỉ học phí của học phần học lại.
o TCHP học cải thiện (TCHPCT): là tín chỉ học phí của học phần học cải thiện.
o TCHP học mới (TCHPHM): là tín chỉ học phí của học phần mới học lần đầu.
- Đầu năm học, Trường sẽ công bố mức học phí cho mỗi loại TCHP.
3. Nguyên tắc xác định học phí
- Đối với sinh viên còn trong thời gian học theo thiết kế chương trình đào tạo:
o Đối với học kỳ chính
Học phí = HPHK + HPTCHL × TCHPHL + HPTCCT × TCHPCT
o Đối với học kỳ hè
Học phí = HPTCHM × TCHPHM + HPTCHL × TCHPHL + HPTCCT ×
TCHPCT
Trang 7/27
- Đối với sinh viên đã quá thời gian học theo thiết kế chương trình đào tạo:
o Đối với học kỳ chính
Học phí = min(HPHKC, HPGH + HPTCHM × TCHPHM) + HPTCHL ×
TCHPHL + HPTCCT × TCHPCT
o Đối với học kỳ hè
Học phí = HPTCHM × TCHPHM + HPTCHL × TCHPHL + HPTCCT ×
TCHPCT
- Trong các công thức trên:
o HPHK: học phí học kỳ, là khoản tiền sinh viên phải đóng khi có đăng ký học
phần mới trong học kỳ chính.
o HPHKC: học phí học kỳ cuối cùng theo thiết kế chương trình đào tạo. (Ví dụ :
nếu CTĐT có thời gian thiết kế là 4 năm thì học kỳ cuối cùng là học kỳ thứ 8, nếu
CTĐT có thời gian thiết kế là 3,5 năm thì học kỳ cuối cùng là học kỳ thứ 7).
o HPTCHM: mức đơn giá học phí cho loại tín chỉ học phí học mới.
o TCHPHM: tổng số tín chỉ học phí của các môn học mới.
o HPTCHL: mức đơn giá học phí cho loại tín chỉ học phí học lại.
o TCHPHL: tổng số tín chỉ học phí của các môn học lại.
o HPTCCT: mức đơn giá học phí cho loại tín chỉ học phí học cải thiện.
o TCHPCT: tổng số tín chỉ học phí của các môn học cải thiện.
o HPGH : học phí gia hạn, được tính theo công thức sau đây với giá trị t được xác
định cụ thể tại các thông báo của Hiệu trưởng :
HPGH = t × HPHKC (t < 100%).
- Gia hạn thời gian nộp học phí: Nếu sinh viên có hoàn cảnh đặc biệt khó khăn không
thể hoàn thành học phí đúng hạn thì phải làm đơn xin gia hạn đóng học phí và nộp
về Phòng Kế hoạch – Tài chính trước thời hạn đóng học phí theo quy định.
- Đối với sinh viên đăng ký học ngoài giờ hành chính thì học phí tuân theo quy định về
việc tổ chức day-học ngoài giờ hành chính của Trường.
- Đối với sinh viên học cùng lúc hai chương trình đào tạo, học phí cũng được xác định
theo quy định tại khoản này. Trường hợp sinh viên đã tốt nghiệp chương trình thứ
nhất thì học phí chương trình thứ hai được tính dựa trên số tín chỉ mà sinh viên đăng
ký theo công thức: Học phí = Số TC học phí x đơn giá học phí.
- Sinh viên phải đóng HPHK tương ứng với số học kỳ theo thiết kế chương trình đào
tạo. HPHK được áp dụng theo quy định học phí hiện hành của từng năm học tương
ứng trong CTĐT. Lưu ý một số trường hợp đặc biệt sau đây (n là số học kỳ theo
thiết kế CTĐT ):
+ Nếu được cho phép bảo lưu thì sinh viên không phải đóng HPHK cho học kỳ được
bảo lưu, tuy nhiên sinh viên phải đóng HPHK tới hết học kỳ n + i (trong đó i là tổng
số học kỳ sinh viên được bảo lưu).
(Ví dụ : CTĐT có thời gian thiết kế là 7 học kỳ , sinh viên bảo lưu 01 học kỳ thì thời
gian sinh viên phải đóng HPHK tới hết học kỳ 8).
+ Nếu sinh viên không đăng ký học phần (ĐKHP) hoặc bị hủy ĐKHP (ĐKHP nhưng
không đóng HPHK hoặc ĐKHP nhưng đóng HPHK trễ hạn) thì sinh viên không phải
đóng HPHK của học kỳ đó, tuy nhiên sinh viên phải đóng HPHK tới hết học kỳ n + i
Trang 8/27
(trong đó i là số học kỳ sinh viên không ĐKHP hoặc bị hủy ĐKHP). Đồng thời, sinh
viên bị XLHV theo quy định tại Điều 16 của Quy chế này.
(Ví dụ : CTĐT có thời gian thiết kế là 7 học kỳ, sinh viên không ĐKHP hoặc bị hủy
ĐKHP 01 học kỳ thì thời gian sinh viên phải đóng HPHK tới hết học kỳ 8)."
790/QĐ-ĐHCNTT,khoan,Khoản 1,,1/4/1,4001.0,Tín chỉ học tập – Tín chỉ học phí .......................................................................................... 6
790/QĐ-ĐHCNTT,khoan,Khoản 1,,1/4/1,4001.0,"Tín chỉ học tập:
- Tín chỉ học tập: là đơn vị dùng để xác định thời gian, khối lượng học tập của sinh
viên và khối lượng giảng dạy của giảng viên, đồng thời là đơn vị dùng để đánh giá
kết quả học tập của sinh viên dựa trên số lượng tín chỉ học tập đã tích lũy được.
- Một tiết học được tính quy chuẩn bằng 50 phút.
- Một tín chỉ học tập được quy định bằng 15 tiết học lý thuyết; 30 tiết thảo luận trên
lớp, thí nghiệm, thực hành tại phòng máy theo phương thức học tập trực tiếp hoặc
trực tuyến hoặc 45 – 60 tiết thực tập, kiến tập, chuẩn bị khoá luận.
- Đối với những học phần lý thuyết hoặc thực hành, thí nghiệm: để tiếp thu được một
tín chỉ sinh viên phải dành ít nhất 30 giờ chuẩn bị cá nhân (tự học) và giảng viên phải
dành ít nhất 30 giờ để soạn giáo án, bài tập tình huống, soạn đề cương chi tiết, chấm
bài tập về nhà, bài thi, giải đáp cho sinh viên hoặc phát triển học phần.
- Một tín chỉ thực tập doanh nghiệp được quy định bằng 4 tuần đi thực tập doanh
nghiệp.
- Số tiết, số tín chỉ, thời gian tự học, thời gian làm việc của giảng viên, cách đánh giá
học phần được quy định cụ thể trong đề cương chi tiết của từng học phần.
- Sau đây tín chỉ học tập được gọi tắt là tín chỉ."
790/QĐ-ĐHCNTT,khoan,Khoản 2,,1/4/2,4002.0,"Tín chỉ học phí (TCHP): là đơn vị dùng để lượng hóa chi phí của các hoạt động giảng dạy
tính cho từng học phần. Số TCHP của mỗi học phần được xác định căn cứ vào đề cương
và cách thức tổ chức học phần; cụ thể như sau:
- Phần giảng dạy lý thuyết tại lớp: 15 tiết tương đương với 1 TCHP.
- Phần giảng dạy thực hành, thí nghiệm, thảo luận:
o Học phần thực hành HT1 : 1 TCTH tương đương 2 TCHP.
o Học phần thực hành HT2 : 1 TCTH tương đương 1 TCHP.
- Một số học phần đặc biệt được xác định số TCHP riêng theo quyết định của Hiệu
trưởng gồm các loại học phần: Giáo dục quốc phòng - an ninh, Giáo dục thể chất,
Thực tập doanh nghiệp, Khóa luận tốt nghiệp, Môn học đồ án (bao gồm chuyên đề
nghiên cứu khoa học, seminar,…).
- Có 3 loại TCHP:
o TCHP học lại (TCHPHL): là tín chỉ học phí của học phần học lại.
o TCHP học cải thiện (TCHPCT): là tín chỉ học phí của học phần học cải thiện.
o TCHP học mới (TCHPHM): là tín chỉ học phí của học phần mới học lần đầu.
- Đầu năm học, Trường sẽ công bố mức học phí cho mỗi loại TCHP."
790/QĐ-ĐHCNTT,khoan,Khoản 3,,1/4/3,4003.0,"Nguyên tắc xác định học phí
- Đối với sinh viên còn trong thời gian học theo thiết kế chương trình đào tạo:
o Đối với học kỳ chính
Học phí = HPHK + HPTCHL × TCHPHL + HPTCCT × TCHPCT
o Đối với học kỳ hè
Học phí = HPTCHM × TCHPHM + HPTCHL × TCHPHL + HPTCCT ×
TCHPCT
Trang 7/27
- Đối với sinh viên đã quá thời gian học theo thiết kế chương trình đào tạo:
o Đối với học kỳ chính
Học phí = min(HPHKC, HPGH + HPTCHM × TCHPHM) + HPTCHL ×
TCHPHL + HPTCCT × TCHPCT
o Đối với học kỳ hè
Học phí = HPTCHM × TCHPHM + HPTCHL × TCHPHL + HPTCCT ×
TCHPCT
- Trong các công thức trên:
o HPHK: học phí học kỳ, là khoản tiền sinh viên phải đóng khi có đăng ký học
phần mới trong học kỳ chính.
o HPHKC: học phí học kỳ cuối cùng theo thiết kế chương trình đào tạo. (Ví dụ :
nếu CTĐT có thời gian thiết kế là 4 năm thì học kỳ cuối cùng là học kỳ thứ 8, nếu
CTĐT có thời gian thiết kế là 3,5 năm thì học kỳ cuối cùng là học kỳ thứ 7).
o HPTCHM: mức đơn giá học phí cho loại tín chỉ học phí học mới.
o TCHPHM: tổng số tín chỉ học phí của các môn học mới.
o HPTCHL: mức đơn giá học phí cho loại tín chỉ học phí học lại.
o TCHPHL: tổng số tín chỉ học phí của các môn học lại.
o HPTCCT: mức đơn giá học phí cho loại tín chỉ học phí học cải thiện.
o TCHPCT: tổng số tín chỉ học phí của các môn học cải thiện.
o HPGH : học phí gia hạn, được tính theo công thức sau đây với giá trị t được xác
định cụ thể tại các thông báo của Hiệu trưởng :
HPGH = t × HPHKC (t < 100%).
- Gia hạn thời gian nộp học phí: Nếu sinh viên có hoàn cảnh đặc biệt khó khăn không
thể hoàn thành học phí đúng hạn thì phải làm đơn xin gia hạn đóng học phí và nộp
về Phòng Kế hoạch – Tài chính trước thời hạn đóng học phí theo quy định.
- Đối với sinh viên đăng ký học ngoài giờ hành chính thì học phí tuân theo quy định về
việc tổ chức day-học ngoài giờ hành chính của Trường.
- Đối với sinh viên học cùng lúc hai chương trình đào tạo, học phí cũng được xác định
theo quy định tại khoản này. Trường hợp sinh viên đã tốt nghiệp chương trình thứ
nhất thì học phí chương trình thứ hai được tính dựa trên số tín chỉ mà sinh viên đăng
ký theo công thức: Học phí = Số TC học phí x đơn giá học phí.
- Sinh viên phải đóng HPHK tương ứng với số học kỳ theo thiết kế chương trình đào
tạo. HPHK được áp dụng theo quy định học phí hiện hành của từng năm học tương
ứng trong CTĐT. Lưu ý một số trường hợp đặc biệt sau đây (n là số học kỳ theo
thiết kế CTĐT ):
+ Nếu được cho phép bảo lưu thì sinh viên không phải đóng HPHK cho học kỳ được
bảo lưu, tuy nhiên sinh viên phải đóng HPHK tới hết học kỳ n + i (trong đó i là tổng
số học kỳ sinh viên được bảo lưu).
(Ví dụ : CTĐT có thời gian thiết kế là 7 học kỳ , sinh viên bảo lưu 01 học kỳ thì thời
gian sinh viên phải đóng HPHK tới hết học kỳ 8).
+ Nếu sinh viên không đăng ký học phần (ĐKHP) hoặc bị hủy ĐKHP (ĐKHP nhưng
không đóng HPHK hoặc ĐKHP nhưng đóng HPHK trễ hạn) thì sinh viên không phải
đóng HPHK của học kỳ đó, tuy nhiên sinh viên phải đóng HPHK tới hết học kỳ n + i
Trang 8/27
(trong đó i là số học kỳ sinh viên không ĐKHP hoặc bị hủy ĐKHP). Đồng thời, sinh
viên bị XLHV theo quy định tại Điều 16 của Quy chế này.
(Ví dụ : CTĐT có thời gian thiết kế là 7 học kỳ, sinh viên không ĐKHP hoặc bị hủy
ĐKHP 01 học kỳ thì thời gian sinh viên phải đóng HPHK tới hết học kỳ 8)."
790/QĐ-ĐHCNTT,dieu,Điều 6,Khoá học,1/40,41.0,"1. Khóa h ọc là th ời gian thi ết kế để sinh viên hoàn thành chương trình giáo d ục của một 
ngành chuyên môn ở trình đ ộ đại học. 
a) Đào t ạo trình đ ộ đại học được thực hiện từ 3 đến 5 năm đ ối với văn b ằng 1; từ 2 năm 
đến 3 năm h ọc đối với văn b ằng 2; từ 1,5 năm đ ến 2,5 năm h ọc đối với liên thông . 
b) Thời gian đào t ạo văn b ằng 1, liên thông, văn b ằng 2 đư ợc xác đ ịnh trên cơ s ở học 
phần và kh ối lượng tích lũy quy đ ịnh cho t ừng chương trình; 
2. Tùy theo kh ả năng h ọc tập, sinh viên được kéo dài th ời gian h ọc tối đa 04 h ọc kỳ chính . 
"
790/QĐ-ĐHCNTT,khoan,Khoản 1,,1/40/1,6001.0,"Khóa h ọc là th ời gian thi ết kế để sinh viên hoàn thành chương trình giáo d ục của một 
ngành chuyên môn ở trình đ ộ đại học. 
a) Đào t ạo trình đ ộ đại học được thực hiện từ 3 đến 5 năm đ ối với văn b ằng 1; từ 2 năm 
đến 3 năm h ọc đối với văn b ằng 2; từ 1,5 năm đ ến 2,5 năm h ọc đối với liên thông . 
b) Thời gian đào t ạo văn b ằng 1, liên thông, văn b ằng 2 đư ợc xác đ ịnh trên cơ s ở học 
phần và kh ối lượng tích lũy quy đ ịnh cho t ừng chương trình;"
790/QĐ-ĐHCNTT,diem,Điểm a),,1/40/1/a,6001.01,"Đào t ạo trình đ ộ đại học được thực hiện từ 3 đến 5 năm đ ối với văn b ằng 1; từ 2 năm 
đến 3 năm h ọc đối với văn b ằng 2; từ 1,5 năm đ ến 2,5 năm h ọc đối với liên thông ."
790/QĐ-ĐHCNTT,diem,Điểm b),,1/40/1/b,6001.02,"Thời gian đào t ạo văn b ằng 1, liên thông, văn b ằng 2 đư ợc xác đ ịnh trên cơ s ở học 
phần và kh ối lượng tích lũy quy đ ịnh cho t ừng chương trình;"
790/QĐ-ĐHCNTT,khoan,Khoản 2,,1/40/2,6002.0,"Tùy theo kh ả năng h ọc tập, sinh viên được kéo dài th ời gian h ọc tối đa 04 h ọc kỳ chính ."
790/QĐ-ĐHCNTT,dieu,Điều 7,C hương trình đào tạo,1/41,42.0,"1. Chương trình đào t ạo của mỗi ngành đào t ạo do Trư ờng xây d ựng phù h ợp với các quy 
định hi ện hành c ủa Bộ GD&ĐT và ĐHQG -HCM, đư ợc bổ sung c ập nh ật nội dung 
chương trình giáo d ục tiên ti ến qu ốc tế theo đ ịnh hư ớng đào t ạo ngu ồn nhân l ực chất 
lượng cao, đáp ứng nhu c ầu phát tri ển khoa h ọc, công ngh ệ, kinh t ế, xã h ội đất nước và 
hội nhập quốc tế. Chương trình đào t ạo phải đảm bảo các đi ều kiện sau: 
a) Đáp ứng được mục tiêu chương trình giáo dục đại học quy định tại Điều 2 , Khoản 1 
của quy chế này , mục tiêu cụ thể và chuẩn đầu ra của chương trình đào tạo ; đảm bảo các yêu 
cầu theo quy định của Luật giáo dục đại học; đáp ứng Khung trình độ năng lực quốc gia; đáp 
ứng Bộ phẩm chất, năng lực sinh viên tốt nghiệp ĐHQG -HCM và các quy định hiện hành 
khác về CTĐT ; phù hợp với nhu cầu sử dụng nhân lực của ngành, địa phương và xã hội. 
b) Thể hiện rõ trình độ đào tạo; điều kiện tuyển sinh và điều kiện tốt nghiệp; mục tiêu 
đào tạo; chuẩn kiến thức, kỹ năng, mức tự chủ và trách nhiệm của người học khi tốt nghiệp ; 
khối lượng kiến thức lý thuyết, thực hành, thực tập; kế hoạch đào tạo theo thời gian thiết kế; 
phương pháp và hình thức đào tạo; cách thức đánh giá kết quả học tập; các điều kiện thực 
hiện chương trình đào tạo của CSĐT. 
Trang 9/27 
 c) Được thiết kế tích hợp thông qua p hương pháp tiếp cận hệ thống đối với việc giảng 
dạy kỹ năng, phẩm chất cá nhân, nghề nghiệp kết hợp với kiến thức nền tảng và kiến thức 
chuyên môn. 
d) Xây dựng kế hoạch và thực hiện các điều kiện đảm bảo chất lượng giáo dục đối với 
chương trình đào tạo đang t riển khai. 
đ) Định kỳ sau một khóa đào tạo, thực hiện rà soát chỉnh sửa, bổ sung chương trình 
đào tạo phù hợp với quy định về chuẩn chương trình đào tạo và phù hợp với nhu cầu của thị 
trường lao động. 
e) Có khả năng liên thông giữa các bậc và các ngành đào tạo khác, điều kiện nhập học 
và điều kiện tốt nghiệp. 
Tổng số tín chỉ của các chương trình đào tạo tối thiểu là 120 và tối đa là 132 tín chỉ đối 
với đào tạo chương trình cử nhân; tối thiểu 150 tín chỉ đối với chương trình đào tạo chuyên 
sâu đặc thù trình độ đại học (không tính Giáo dục quốc phòng -An ninh và Giáo dục thể 
chất). Chương trình đào tạo được Hiệu trưởng phê duyệt theo đề nghị của Trưởng 
khoa/Trưởng bộ môn quản lý ngành đào tạo và Trưởng phòng Đào tạo Đại học (P. ĐTĐH). 
2. Chương trình đào t ạo bao g ồm hai kh ối kiến thức: 
a) Khối kiến thức giáo d ục đại cương bao g ồm các h ọc phần thu ộc các lĩnh v ực: Lý lu ận 
chính tr ị, Khoa h ọc xã h ội và nhân văn, Khoa h ọc tự nhiên , Toán, Ngoại ngữ, Giáo 
dục quốc phòng -An ninh, Giáo d ục thể chất và Kỹ năng m ềm, được thiết kế nhằm 
trang b ị cho sinh viên n ền học vấn rộng để tiếp thu t ốt kiến thức chuyên môn, t ạo nền 
tảng cho ngư ời học dễ dàng thích nghi v ới môi trư ờng làm vi ệc, tự cập nhật kiến thức 
trước tình hình phát tri ển nhanh c ủa khoa h ọc và công ngh ệ. Khối kiến thức này đư ợc 
tổ chức đào t ạo chủ yếu trong 4 h ọc kỳ đầu. 
b) Khối kiến thức giáo d ục chuyên nghi ệp gồm các h ọc phần cơ sở ngành và các h ọc 
phần chuyên ngành nh ằm cung c ấp cho ngư ời học những ki ến thức và k ỹ năng ngh ề 
nghiệp cần thiết. Kh ối kiến thức giáo d ục chuyên nghi ệp được quy đ ịnh cụ thể trong 
từng chương trình đào t ạo. Những môn h ọc cơ s ở ngành c hung c ủa nhiều ngành khác 
nhau gọi là môn h ọc cơ s ở nhóm ngành. 
3. Mỗi khối kiến thức có 2 nhóm h ọc phần như sau: 
a) Nhóm h ọc phần bắt buộc gồm nh ững học phần chứa đựng nh ững nội dung ki ến thức 
chính y ếu của ngành đào t ạo, bắt buộc sinh viên ph ải đăng ký h ọc và tích lũy. 
b) Nhóm h ọc phần tự chọn gồm nh ững học phần chứa đựng nh ững nội dung ki ến thức 
cần thi ết và sinh viên đư ợc tự chọn theo hư ớng chuyên môn, t ạo sự mềm dẻo trong 
chương trình đào t ạo. Các học phần tự chọn có th ể được xếp theo t ừng nhóm, sinh 
viên ph ải tích lũy đư ợc một số học phần nhất định trong t ừng nhóm nh ằm tích lũy đ ủ 
số tín ch ỉ tối thiểu quy đ ịnh cho nhóm học phần tự chọn tương ứng. Sinh viên ch ọn 
lựa những học phần này theo hư ớng dẫn của cố vấn học tập. 
4. Các h ọc phần trong chương trình đào t ạo đư ợc sắp xếp theo trình t ự nhất định vào t ừng 
học kỳ của khóa đào t ạo. Đây là trình t ự mà Trư ờng khuy ến cáo sinh viên nên tuân th ủ 
để thuận lợi nhất cho vi ệc tiếp thu ki ến thức. 
 
Trang 10/27 
"
790/QĐ-ĐHCNTT,khoan,Khoản 1,,1/41/1,7001.0,"Chương trình đào t ạo của mỗi ngành đào t ạo do Trư ờng xây d ựng phù h ợp với các quy 
định hi ện hành c ủa Bộ GD&ĐT và ĐHQG -HCM, đư ợc bổ sung c ập nh ật nội dung 
chương trình giáo d ục tiên ti ến qu ốc tế theo đ ịnh hư ớng đào t ạo ngu ồn nhân l ực chất 
lượng cao, đáp ứng nhu c ầu phát tri ển khoa h ọc, công ngh ệ, kinh t ế, xã h ội đất nước và 
hội nhập quốc tế. Chương trình đào t ạo phải đảm bảo các đi ều kiện sau: 
a) Đáp ứng được mục tiêu chương trình giáo dục đại học quy định tại Điều 2 , Khoản 1 
của quy chế này , mục tiêu cụ thể và chuẩn đầu ra của chương trình đào tạo ; đảm bảo các yêu 
cầu theo quy định của Luật giáo dục đại học; đáp ứng Khung trình độ năng lực quốc gia; đáp 
ứng Bộ phẩm chất, năng lực sinh viên tốt nghiệp ĐHQG -HCM và các quy định hiện hành 
khác về CTĐT ; phù hợp với nhu cầu sử dụng nhân lực của ngành, địa phương và xã hội. 
b) Thể hiện rõ trình độ đào tạo; điều kiện tuyển sinh và điều kiện tốt nghiệp; mục tiêu 
đào tạo; chuẩn kiến thức, kỹ năng, mức tự chủ và trách nhiệm của người học khi tốt nghiệp ; 
khối lượng kiến thức lý thuyết, thực hành, thực tập; kế hoạch đào tạo theo thời gian thiết kế; 
phương pháp và hình thức đào tạo; cách thức đánh giá kết quả học tập; các điều kiện thực 
hiện chương trình đào tạo của CSĐT. 
Trang 9/27 
 c) Được thiết kế tích hợp thông qua p hương pháp tiếp cận hệ thống đối với việc giảng 
dạy kỹ năng, phẩm chất cá nhân, nghề nghiệp kết hợp với kiến thức nền tảng và kiến thức 
chuyên môn. 
d) Xây dựng kế hoạch và thực hiện các điều kiện đảm bảo chất lượng giáo dục đối với 
chương trình đào tạo đang t riển khai. 
đ) Định kỳ sau một khóa đào tạo, thực hiện rà soát chỉnh sửa, bổ sung chương trình 
đào tạo phù hợp với quy định về chuẩn chương trình đào tạo và phù hợp với nhu cầu của thị 
trường lao động. 
e) Có khả năng liên thông giữa các bậc và các ngành đào tạo khác, điều kiện nhập học 
và điều kiện tốt nghiệp. 
Tổng số tín chỉ của các chương trình đào tạo tối thiểu là 120 và tối đa là 132 tín chỉ đối 
với đào tạo chương trình cử nhân; tối thiểu 150 tín chỉ đối với chương trình đào tạo chuyên 
sâu đặc thù trình độ đại học (không tính Giáo dục quốc phòng -An ninh và Giáo dục thể 
chất). Chương trình đào tạo được Hiệu trưởng phê duyệt theo đề nghị của Trưởng 
khoa/Trưởng bộ môn quản lý ngành đào tạo và Trưởng phòng Đào tạo Đại học (P. ĐTĐH)."
790/QĐ-ĐHCNTT,diem,Điểm a),,1/41/1/a,7001.01,"Đáp ứng được mục tiêu chương trình giáo dục đại học quy định tại Điều 2 , Khoản 1 
của quy chế này , mục tiêu cụ thể và chuẩn đầu ra của chương trình đào tạo ; đảm bảo các yêu 
cầu theo quy định của Luật giáo dục đại học; đáp ứng Khung trình độ năng lực quốc gia; đáp 
ứng Bộ phẩm chất, năng lực sinh viên tốt nghiệp ĐHQG -HCM và các quy định hiện hành 
khác về CTĐT ; phù hợp với nhu cầu sử dụng nhân lực của ngành, địa phương và xã hội."
790/QĐ-ĐHCNTT,diem,Điểm b),,1/41/1/b,7001.02,"Thể hiện rõ trình độ đào tạo; điều kiện tuyển sinh và điều kiện tốt nghiệp; mục tiêu 
đào tạo; chuẩn kiến thức, kỹ năng, mức tự chủ và trách nhiệm của người học khi tốt nghiệp ; 
khối lượng kiến thức lý thuyết, thực hành, thực tập; kế hoạch đào tạo theo thời gian thiết kế; 
phương pháp và hình thức đào tạo; cách thức đánh giá kết quả học tập; các điều kiện thực 
hiện chương trình đào tạo của CSĐT. 
Trang 9/27"
790/QĐ-ĐHCNTT,diem,Điểm c),,1/41/1/c,7001.03,"Được thiết kế tích hợp thông qua p hương pháp tiếp cận hệ thống đối với việc giảng 
dạy kỹ năng, phẩm chất cá nhân, nghề nghiệp kết hợp với kiến thức nền tảng và kiến thức 
chuyên môn."
790/QĐ-ĐHCNTT,diem,Điểm d),,1/41/1/d,7001.04,"Xây dựng kế hoạch và thực hiện các điều kiện đảm bảo chất lượng giáo dục đối với 
chương trình đào tạo đang t riển khai. 
đ) Định kỳ sau một khóa đào tạo, thực hiện rà soát chỉnh sửa, bổ sung chương trình 
đào tạo phù hợp với quy định về chuẩn chương trình đào tạo và phù hợp với nhu cầu của thị 
trường lao động."
790/QĐ-ĐHCNTT,diem,Điểm e),,1/41/1/e,7001.05,"Có khả năng liên thông giữa các bậc và các ngành đào tạo khác, điều kiện nhập học 
và điều kiện tốt nghiệp. 
Tổng số tín chỉ của các chương trình đào tạo tối thiểu là 120 và tối đa là 132 tín chỉ đối 
với đào tạo chương trình cử nhân; tối thiểu 150 tín chỉ đối với chương trình đào tạo chuyên 
sâu đặc thù trình độ đại học (không tính Giáo dục quốc phòng -An ninh và Giáo dục thể 
chất). Chương trình đào tạo được Hiệu trưởng phê duyệt theo đề nghị của Trưởng 
khoa/Trưởng bộ môn quản lý ngành đào tạo và Trưởng phòng Đào tạo Đại học (P. ĐTĐH)."
790/QĐ-ĐHCNTT,khoan,Khoản 2,,1/41/2,7002.0,"Chương trình đào t ạo bao g ồm hai kh ối kiến thức: 
a) Khối kiến thức giáo d ục đại cương bao g ồm các h ọc phần thu ộc các lĩnh v ực: Lý lu ận 
chính tr ị, Khoa h ọc xã h ội và nhân văn, Khoa h ọc tự nhiên , Toán, Ngoại ngữ, Giáo 
dục quốc phòng -An ninh, Giáo d ục thể chất và Kỹ năng m ềm, được thiết kế nhằm 
trang b ị cho sinh viên n ền học vấn rộng để tiếp thu t ốt kiến thức chuyên môn, t ạo nền 
tảng cho ngư ời học dễ dàng thích nghi v ới môi trư ờng làm vi ệc, tự cập nhật kiến thức 
trước tình hình phát tri ển nhanh c ủa khoa h ọc và công ngh ệ. Khối kiến thức này đư ợc 
tổ chức đào t ạo chủ yếu trong 4 h ọc kỳ đầu. 
b) Khối kiến thức giáo d ục chuyên nghi ệp gồm các h ọc phần cơ sở ngành và các h ọc 
phần chuyên ngành nh ằm cung c ấp cho ngư ời học những ki ến thức và k ỹ năng ngh ề 
nghiệp cần thiết. Kh ối kiến thức giáo d ục chuyên nghi ệp được quy đ ịnh cụ thể trong 
từng chương trình đào t ạo. Những môn h ọc cơ s ở ngành c hung c ủa nhiều ngành khác 
nhau gọi là môn h ọc cơ s ở nhóm ngành."
790/QĐ-ĐHCNTT,diem,Điểm a),,1/41/2/a,7002.01,"Khối kiến thức giáo d ục đại cương bao g ồm các h ọc phần thu ộc các lĩnh v ực: Lý lu ận 
chính tr ị, Khoa h ọc xã h ội và nhân văn, Khoa h ọc tự nhiên , Toán, Ngoại ngữ, Giáo 
dục quốc phòng -An ninh, Giáo d ục thể chất và Kỹ năng m ềm, được thiết kế nhằm 
trang b ị cho sinh viên n ền học vấn rộng để tiếp thu t ốt kiến thức chuyên môn, t ạo nền 
tảng cho ngư ời học dễ dàng thích nghi v ới môi trư ờng làm vi ệc, tự cập nhật kiến thức 
trước tình hình phát tri ển nhanh c ủa khoa h ọc và công ngh ệ. Khối kiến thức này đư ợc 
tổ chức đào t ạo chủ yếu trong 4 h ọc kỳ đầu."
790/QĐ-ĐHCNTT,diem,Điểm b),,1/41/2/b,7002.02,"Khối kiến thức giáo d ục chuyên nghi ệp gồm các h ọc phần cơ sở ngành và các h ọc 
phần chuyên ngành nh ằm cung c ấp cho ngư ời học những ki ến thức và k ỹ năng ngh ề 
nghiệp cần thiết. Kh ối kiến thức giáo d ục chuyên nghi ệp được quy đ ịnh cụ thể trong 
từng chương trình đào t ạo. Những môn h ọc cơ s ở ngành c hung c ủa nhiều ngành khác 
nhau gọi là môn h ọc cơ s ở nhóm ngành."
790/QĐ-ĐHCNTT,khoan,Khoản 3,,1/41/3,7003.0,"Mỗi khối kiến thức có 2 nhóm h ọc phần như sau: 
a) Nhóm h ọc phần bắt buộc gồm nh ững học phần chứa đựng nh ững nội dung ki ến thức 
chính y ếu của ngành đào t ạo, bắt buộc sinh viên ph ải đăng ký h ọc và tích lũy. 
b) Nhóm h ọc phần tự chọn gồm nh ững học phần chứa đựng nh ững nội dung ki ến thức 
cần thi ết và sinh viên đư ợc tự chọn theo hư ớng chuyên môn, t ạo sự mềm dẻo trong 
chương trình đào t ạo. Các học phần tự chọn có th ể được xếp theo t ừng nhóm, sinh 
viên ph ải tích lũy đư ợc một số học phần nhất định trong t ừng nhóm nh ằm tích lũy đ ủ 
số tín ch ỉ tối thiểu quy đ ịnh cho nhóm học phần tự chọn tương ứng. Sinh viên ch ọn 
lựa những học phần này theo hư ớng dẫn của cố vấn học tập."
790/QĐ-ĐHCNTT,diem,Điểm a),,1/41/3/a,7003.01,"Nhóm h ọc phần bắt buộc gồm nh ững học phần chứa đựng nh ững nội dung ki ến thức 
chính y ếu của ngành đào t ạo, bắt buộc sinh viên ph ải đăng ký h ọc và tích lũy."
790/QĐ-ĐHCNTT,diem,Điểm b),,1/41/3/b,7003.02,"Nhóm h ọc phần tự chọn gồm nh ững học phần chứa đựng nh ững nội dung ki ến thức 
cần thi ết và sinh viên đư ợc tự chọn theo hư ớng chuyên môn, t ạo sự mềm dẻo trong 
chương trình đào t ạo. Các học phần tự chọn có th ể được xếp theo t ừng nhóm, sinh 
viên ph ải tích lũy đư ợc một số học phần nhất định trong t ừng nhóm nh ằm tích lũy đ ủ 
số tín ch ỉ tối thiểu quy đ ịnh cho nhóm học phần tự chọn tương ứng. Sinh viên ch ọn 
lựa những học phần này theo hư ớng dẫn của cố vấn học tập."
790/QĐ-ĐHCNTT,khoan,Khoản 4,,1/41/4,7004.0,"Các h ọc phần trong chương trình đào t ạo đư ợc sắp xếp theo trình t ự nhất định vào t ừng 
học kỳ của khóa đào t ạo. Đây là trình t ự mà Trư ờng khuy ến cáo sinh viên nên tuân th ủ 
để thuận lợi nhất cho vi ệc tiếp thu ki ến thức. 
 
Trang 10/27"
790/QĐ-ĐHCNTT,dieu,Điều 8,C hương trình đào tạo gắn với một ngành,1/42,43.0,"Chương trình đào t ạo gắn với một ngành được phân loại như sau: 
1. Chương trình chuẩn: được xây dựng theo quy định hiện hành; đáp ứng mục tiêu và 
chuẩn đầu ra của bậc trình độ tương ứng; có sự tham khảo chương trình của các 
trường đại học có uy tín trong nước hoặc trên thế giới; có sự tham gia của các nhà 
khoa học chuyên môn, giảng viên, cán bộ quản lý, đại diện của các tổ chức xã hội - 
nghề nghiệp, nhà tuyển dụng lao động và người đã tốt nghiệp. 
2. Chương trình tài năng: được xây dựng dựa trên chương trình chuẩn nhằm tuyển chọn 
và tạo điều kiện phát triển cho c ác sinh viên xuất sắc . 
3. Chương trình tiên tiến: được thiết kế, xây dựng dựa trên cơ sở chương trình đang 
được áp dụng ở trường đại học tiên tiến trên thế giới (gọi tắt là chương trình gốc ) 
được giảng dạy bằng ngôn ngữ của chương trình gốc. 
4. Chương trình n âng cao: được xây dựng dựa trên chương trình chuẩn; đáp ứng mục 
tiêu và chuẩn đầu ra cao hơn, đồng thời đáp ứng các tiêu chí và điều kiện đảm bảo 
chất lượng của chương trình theo quy định hiện hành. 
5. Chương trình liên thông và văn bằng 2: được xây dựng dựa trên chương trình chuẩn; 
đáp ứng mục tiêu và chuẩn đầu ra của bậc trình độ tương ứng. Chương trình đào tạo 
được xác định theo nguyên tắc: công nhận kết quả học tập đối với những môn học đã 
tích lũy trước đó để xét miễn các nội dung tương đương trong chương trình đào tạo. 
6. Chương trình liên kết giữa Trường với các cơ sở liên kết đào tạo trong và ngoài 
nước: được xây dựng trên cơ sở quy định về chương trình đào tạo của ĐHQG -HCM 
hoặc nội dung thoả thuận hợp tác ký kết giữa các bên. 
"
790/QĐ-ĐHCNTT,khoan,Khoản 1,,1/42/1,8001.0,"Chương trình chuẩn: được xây dựng theo quy định hiện hành; đáp ứng mục tiêu và 
chuẩn đầu ra của bậc trình độ tương ứng; có sự tham khảo chương trình của các 
trường đại học có uy tín trong nước hoặc trên thế giới; có sự tham gia của các nhà 
khoa học chuyên môn, giảng viên, cán bộ quản lý, đại diện của các tổ chức xã hội - 
nghề nghiệp, nhà tuyển dụng lao động và người đã tốt nghiệp."
790/QĐ-ĐHCNTT,khoan,Khoản 2,,1/42/2,8002.0,"Chương trình tài năng: được xây dựng dựa trên chương trình chuẩn nhằm tuyển chọn 
và tạo điều kiện phát triển cho c ác sinh viên xuất sắc ."
790/QĐ-ĐHCNTT,khoan,Khoản 3,,1/42/3,8003.0,"Chương trình tiên tiến: được thiết kế, xây dựng dựa trên cơ sở chương trình đang 
được áp dụng ở trường đại học tiên tiến trên thế giới (gọi tắt là chương trình gốc ) 
được giảng dạy bằng ngôn ngữ của chương trình gốc."
790/QĐ-ĐHCNTT,khoan,Khoản 4,,1/42/4,8004.0,"Chương trình n âng cao: được xây dựng dựa trên chương trình chuẩn; đáp ứng mục 
tiêu và chuẩn đầu ra cao hơn, đồng thời đáp ứng các tiêu chí và điều kiện đảm bảo 
chất lượng của chương trình theo quy định hiện hành."
790/QĐ-ĐHCNTT,khoan,Khoản 5,,1/42/5,8005.0,"Chương trình liên thông và văn bằng 2: được xây dựng dựa trên chương trình chuẩn; 
đáp ứng mục tiêu và chuẩn đầu ra của bậc trình độ tương ứng. Chương trình đào tạo 
được xác định theo nguyên tắc: công nhận kết quả học tập đối với những môn học đã 
tích lũy trước đó để xét miễn các nội dung tương đương trong chương trình đào tạo."
790/QĐ-ĐHCNTT,khoan,Khoản 6,,1/42/6,8006.0,"Chương trình liên kết giữa Trường với các cơ sở liên kết đào tạo trong và ngoài 
nước: được xây dựng trên cơ sở quy định về chương trình đào tạo của ĐHQG -HCM 
hoặc nội dung thoả thuận hợp tác ký kết giữa các bên."
790/QĐ-ĐHCNTT,dieu,Điều 9,Chương trình đào tạo gắn với hơn một ngành,1/43,44.0,"Chương trình đào t ạo gắn với hơn m ột ngành đào t ạo bao g ồm: 
1. Chương trình song ngành gồm hai ph ần: chương trình đào tạo ngành th ứ nhất có khối 
lượng kiến th ức tối thiểu theo quy định tại Điều 7, ngành th ứ hai có khối lượng kiến th ức 
từ 30 tín chỉ trở lên (những nội dung giống nhau, tương đương giữa hai chương trình đào 
tạo chỉ được tính khối lượng kiến th ức một l ần). Việc t ổ chức và qu ản lý đào tạo được 
thực hiện liên thông giữa các khoa , bộ môn trong Trường hoặc giữa các CSĐT trong 
ĐHQG -HCM. 
2. Chương trình ngành chính - ngành phụ : gồm nội dung chương trình đào tạo được thiết 
kế cho ngành th ứ nhất b ổ sung thêm các môn học c ủa chương trình đào tạo ngành th ứ 
hai hoặc các môn học b ổ trợ kiến th ức khác v ới khối lượng kiến th ức từ 15 đến 29 tín 
chỉ, ch ủ yếu thuộc khối kiến th ức ngành. Các môn học b ổ sung được thể hiện trong b ảng 
điểm cấp kèm theo bằng tốt nghiệp. Việc t ổ chức và qu ản lý đào tạo được thực hiện liên 
thông giữa các khoa, bộ môn trong Trường hoặc giữa các CSĐT trong ĐHQG -HCM. 
3. Hiệu trưởng quyết định về nội dung chương trình và tổ chức đào tạo chương trình song 
ngành, chương trình ngành chính - ngành phụ . 
Trang 11/27 
 CHƯƠNG 2. TỔ CHỨC ĐÀO TẠO 
"
790/QĐ-ĐHCNTT,khoan,Khoản 1,,1/43/1,9001.0,"Chương trình song ngành gồm hai ph ần: chương trình đào tạo ngành th ứ nhất có khối 
lượng kiến th ức tối thiểu theo quy định tại Điều 7, ngành th ứ hai có khối lượng kiến th ức 
từ 30 tín chỉ trở lên (những nội dung giống nhau, tương đương giữa hai chương trình đào 
tạo chỉ được tính khối lượng kiến th ức một l ần). Việc t ổ chức và qu ản lý đào tạo được 
thực hiện liên thông giữa các khoa , bộ môn trong Trường hoặc giữa các CSĐT trong 
ĐHQG -HCM."
790/QĐ-ĐHCNTT,khoan,Khoản 2,,1/43/2,9002.0,"Chương trình ngành chính - ngành phụ : gồm nội dung chương trình đào tạo được thiết 
kế cho ngành th ứ nhất b ổ sung thêm các môn học c ủa chương trình đào tạo ngành th ứ 
hai hoặc các môn học b ổ trợ kiến th ức khác v ới khối lượng kiến th ức từ 15 đến 29 tín 
chỉ, ch ủ yếu thuộc khối kiến th ức ngành. Các môn học b ổ sung được thể hiện trong b ảng 
điểm cấp kèm theo bằng tốt nghiệp. Việc t ổ chức và qu ản lý đào tạo được thực hiện liên 
thông giữa các khoa, bộ môn trong Trường hoặc giữa các CSĐT trong ĐHQG -HCM."
790/QĐ-ĐHCNTT,khoan,Khoản 3,,1/43/3,9003.0,"Hiệu trưởng quyết định về nội dung chương trình và tổ chức đào tạo chương trình song 
ngành, chương trình ngành chính - ngành phụ . 
Trang 11/27 
 CHƯƠNG 2. TỔ CHỨC ĐÀO TẠO"
790/QĐ-ĐHCNTT,dieu,Điều 10,Chế độ học tập của sinh viên,1/44,45.0,"1. Sinh viên chính quy 
- Sinh viên chính quy là thí sinh trúng tuyển vào h ệ chính quy và đã hoàn tất các thủ 
tục nhập học theo quy định của Trường. 
- Trường tổ chức đào tạo theo phương thức chính quy tập trung toàn thời gian cho sinh 
viên hệ chính quy theo khung giờ hành chính . Đối với các học phần đào tạo ngoài 
khung giờ hành chính phải được sự chấp thuận của Hiệu trưởng. 
- Các hoạt động giảng dạy được thực hiện tại trường hoặc tại các cơ sở do Trường ký 
hợp đồng liên kết , riêng những hoạt động Giáo dục Thể chất, Giáo dục Quốc phòng – 
An ninh , thực hành, thực tập, trải nghiệm thực tế và giảng dạy trực tuyến có thể thực 
hiện ngoài trường . 
- Mỗi sinh viên hệ chính quy đều có một mã số riêng theo quy định của Trường. 
- Sinh viên phải chấp hành quy chế hiện hành về công tác sinh viên của Trường và 
được hưởng các chính sách dành cho sinh viên hệ chính quy. 
2. Sinh viên d ự thính 
- Sinh viên của các cơ sở đào tạo khác thuộc ĐHQG -HCM và những cá nhân có đủ 
điều kiện về nhân thân và trình độ, có nhu cầu học bổ túc kiến thức , có thể được 
Trường xem xét cho trở thành sinh viên dự thính . Hiệu trưởng ra quyết định công 
nhận sinh viên dự t hính. 
- Sinh viên dự thính thực hiện đầy đủ nghĩa vụ theo quy định của Trường được cấp 
giấy chứng nhận kết quả học tập cho những học phần đã học. 
- Sinh viên dự thính đóng học phí theo mức riêng, không được hưởng chính sách dành 
cho sinh viên chính quy và không được cấp bằng tốt nghiệp đại học. 
3. Sinh viên chính quy có kh ả năng b ị xử lý học vụ hình th ức buộc thôi h ọc có nguy ện vọng 
được chuy ển qua hình th ức đào t ạo không chính quy sẽ được xem xét chuy ển đổi. Những 
học phần sinh viên đã tích lũy được Trường xem xét công nh ận, chuy ển đổi tín ch ỉ. 
4. Sinh viên và năm h ọc: Sinh viên năm th ứ k (tính t ừ thời điểm sinh viên b ắt đầu học) của 
một ngành và khóa h ọc đư ợc xác đ ịnh như sau: đ ạt số tín ch ỉ tích lũy n (theo đúng 
chương trình đào t ạo tương ứng tại thời điểm đang xét) th ỏa điều kiện: (k -1) × 30 ≤ n < k 
× 30. 
"
790/QĐ-ĐHCNTT,khoan,Khoản 1,,1/44/1,10001.0,"Sinh viên chính quy 
- Sinh viên chính quy là thí sinh trúng tuyển vào h ệ chính quy và đã hoàn tất các thủ 
tục nhập học theo quy định của Trường. 
- Trường tổ chức đào tạo theo phương thức chính quy tập trung toàn thời gian cho sinh 
viên hệ chính quy theo khung giờ hành chính . Đối với các học phần đào tạo ngoài 
khung giờ hành chính phải được sự chấp thuận của Hiệu trưởng. 
- Các hoạt động giảng dạy được thực hiện tại trường hoặc tại các cơ sở do Trường ký 
hợp đồng liên kết , riêng những hoạt động Giáo dục Thể chất, Giáo dục Quốc phòng – 
An ninh , thực hành, thực tập, trải nghiệm thực tế và giảng dạy trực tuyến có thể thực 
hiện ngoài trường . 
- Mỗi sinh viên hệ chính quy đều có một mã số riêng theo quy định của Trường. 
- Sinh viên phải chấp hành quy chế hiện hành về công tác sinh viên của Trường và 
được hưởng các chính sách dành cho sinh viên hệ chính quy."
790/QĐ-ĐHCNTT,khoan,Khoản 2,,1/44/2,10002.0,"Sinh viên d ự thính 
- Sinh viên của các cơ sở đào tạo khác thuộc ĐHQG -HCM và những cá nhân có đủ 
điều kiện về nhân thân và trình độ, có nhu cầu học bổ túc kiến thức , có thể được 
Trường xem xét cho trở thành sinh viên dự thính . Hiệu trưởng ra quyết định công 
nhận sinh viên dự t hính. 
- Sinh viên dự thính thực hiện đầy đủ nghĩa vụ theo quy định của Trường được cấp 
giấy chứng nhận kết quả học tập cho những học phần đã học. 
- Sinh viên dự thính đóng học phí theo mức riêng, không được hưởng chính sách dành 
cho sinh viên chính quy và không được cấp bằng tốt nghiệp đại học."
790/QĐ-ĐHCNTT,khoan,Khoản 3,,1/44/3,10003.0,"Sinh viên chính quy có kh ả năng b ị xử lý học vụ hình th ức buộc thôi h ọc có nguy ện vọng 
được chuy ển qua hình th ức đào t ạo không chính quy sẽ được xem xét chuy ển đổi. Những 
học phần sinh viên đã tích lũy được Trường xem xét công nh ận, chuy ển đổi tín ch ỉ."
790/QĐ-ĐHCNTT,khoan,Khoản 4,,1/44/4,10004.0,"Sinh viên và năm h ọc: Sinh viên năm th ứ k (tính t ừ thời điểm sinh viên b ắt đầu học) của 
một ngành và khóa h ọc đư ợc xác đ ịnh như sau: đ ạt số tín ch ỉ tích lũy n (theo đúng 
chương trình đào t ạo tương ứng tại thời điểm đang xét) th ỏa điều kiện: (k -1) × 30 ≤ n < k 
× 30."
790/QĐ-ĐHCNTT,dieu,Điều 11,Bảo lưu kết quả trúng tuyển,1/45,46.0,"Sau khi đư ợc xét trúng tuy ển vào Trư ờng, do m ột số hoàn c ảnh đặc biệt như đư ợc điều 
động vào các l ực lượng vũ trang, thai s ản, bệnh tật, tai n ạn, hoàn c ảnh khó khăn x ảy ra đ ột 
xuất, thí sinh trúng tuy ển có th ể xin b ảo lưu k ết quả. Thí sinh trúng tuy ển phải nộp đơn xin 
bảo lưu ch ậm nh ất 15 ngày k ể từ ngày g ọi nhập học cho P. ĐTĐH c ủa Trư ờng và ch ỉ được 
bảo lưu khi có quy ết định ch ấp thu ận của Hiệu trư ởng. 
Thời gian b ảo lưu k ết quả trúng tuy ển không quá 01 năm. Đối với trường hợp đư ợc 
điều động vào các l ực lượng vũ tran g thì th ời gian b ảo lưu k ết quả trúng tuy ển bằng với thời 
Trang 12/27 
 gian đư ợc điều động. Muốn nh ập học lại, thí sinh ph ải làm đơn xin nh ập học và nộp P. 
ĐTĐH của Trư ờng trư ớc khi b ắt đầu học kỳ ít nhất 1 tháng đ ể được giải quy ết. 
"
790/QĐ-ĐHCNTT,khoan,Khoản 1,,1/45/1,11001.0,"Sau khi đư ợc xét trúng tuy ển vào Trư ờng, do m ột số hoàn c ảnh đặc biệt như đư ợc điều 
động vào các l ực lượng vũ trang, thai s ản, bệnh tật, tai n ạn, hoàn c ảnh khó khăn x ảy ra đ ột 
xuất, thí sinh trúng tuy ển có th ể xin b ảo lưu k ết quả. Thí sinh trúng tuy ển phải nộp đơn xin 
bảo lưu ch ậm nh ất 15 ngày k ể từ ngày g ọi nhập học cho P. ĐTĐH c ủa Trư ờng và ch ỉ được 
bảo lưu khi có quy ết định ch ấp thu ận của Hiệu trư ởng. 
Thời gian b ảo lưu k ết quả trúng tuy ển không quá 01 năm. Đối với trường hợp đư ợc 
điều động vào các l ực lượng vũ tran g thì th ời gian b ảo lưu k ết quả trúng tuy ển bằng với thời 
Trang 12/27 
 gian đư ợc điều động. Muốn nh ập học lại, thí sinh ph ải làm đơn xin nh ập học và nộp P. 
ĐTĐH của Trư ờng trư ớc khi b ắt đầu học kỳ ít nhất 1 tháng đ ể được giải quy ết."
790/QĐ-ĐHCNTT,dieu,Điều 12,Tổ chức lớp,1/46,47.0,"1. Lớp học phần: Nh ững sinh viên theo h ọc cùng m ột học phần trong cùng m ột kho ảng th ời 
gian và cùng m ột giảng viên t ạo thành m ột lớp học phần. M ỗi lớp học phần được ký hi ệu 
bằng m ột mã s ố riêng do Trư ờng quy đ ịnh. L ớp học phần sẽ được mở nếu số lượng sinh 
viên đăng k ý: 
- Tối thiểu là 50 sinh viên đối với các môn học đại cương và các môn học cơ sở nhóm 
ngành. 
- Các môn học chuyên ngành bắt buộc và chuyên đề tốt nghiệp tối thiểu là 20 sinh 
viên. 
- Các môn học ngoại ngữ nằm trong chương trình đào tạo cho sinh viên chính quy 
được mở với số lượng tối thiểu là 20 sinh viên. 
- Các học phần như Thực tập doanh nghiệp, Khóa luận tốt nghiệp, môn học đồ án 
được mở không hạn chế số lượng. 
- Các môn học còn lại tối thiểu là 30 sinh viên. Trong trường hợp đặc biệt, theo đề 
nghị của sinh viên, khoa/bộ môn quản lý ngành đào tạo thì P.ĐTĐH có thể mở lớp và 
thực hiện theo quy định Trường. 
2. Lớp sinh viên: áp dụng theo quy ch ế Công tác sinh viên của Trư ờng. 
"
790/QĐ-ĐHCNTT,khoan,Khoản 1,,1/46/1,12001.0,"Lớp học phần: Nh ững sinh viên theo h ọc cùng m ột học phần trong cùng m ột kho ảng th ời 
gian và cùng m ột giảng viên t ạo thành m ột lớp học phần. M ỗi lớp học phần được ký hi ệu 
bằng m ột mã s ố riêng do Trư ờng quy đ ịnh. L ớp học phần sẽ được mở nếu số lượng sinh 
viên đăng k ý: 
- Tối thiểu là 50 sinh viên đối với các môn học đại cương và các môn học cơ sở nhóm 
ngành. 
- Các môn học chuyên ngành bắt buộc và chuyên đề tốt nghiệp tối thiểu là 20 sinh 
viên. 
- Các môn học ngoại ngữ nằm trong chương trình đào tạo cho sinh viên chính quy 
được mở với số lượng tối thiểu là 20 sinh viên. 
- Các học phần như Thực tập doanh nghiệp, Khóa luận tốt nghiệp, môn học đồ án 
được mở không hạn chế số lượng. 
- Các môn học còn lại tối thiểu là 30 sinh viên. Trong trường hợp đặc biệt, theo đề 
nghị của sinh viên, khoa/bộ môn quản lý ngành đào tạo thì P.ĐTĐH có thể mở lớp và 
thực hiện theo quy định Trường."
790/QĐ-ĐHCNTT,khoan,Khoản 2,,1/46/2,12002.0,Lớp sinh viên: áp dụng theo quy ch ế Công tác sinh viên của Trư ờng.
790/QĐ-ĐHCNTT,dieu,Điều 13,Thông báo kế hoạch đào tạo,1/47,48.0,"1. Đầu khoá h ọc, Trư ờng có trách nhi ệm thông báo cho sinh viên v ề: 
- Chương trình đào tạo toàn khóa cho từng ngành học. 
- Quy chế học tập và các quy định của Trường. 
- Quyền lợi và nghĩa vụ của sinh viên. 
2. Đầu mỗi năm h ọc, Trư ờng có trách nhi ệm thông báo cho sinh viên v ề: 
- Kế hoạch giảng dạy, học tập của năm học. 
- Các cập nhật hoặc thay đổi trong chương trình đào tạo, chương trình môn học, học 
phí (nếu có). 
3. Đầu mỗi học kỳ, Trư ờng có trách nhi ệm thông báo cho sinh viên v ề: 
- Thời khóa biểu giảng dạy, học tập của học kỳ. 
- Danh mục các học phần và số lượng tín chỉ của mỗi học phần dự kiến giảng dạy 
trong học kỳ, điều kiện để đăng ký học các học phần đó. 
- Số lớp học dự kiến tổ chức cho mỗi học phần và thời khoá biểu cho các lớp học. 
"
790/QĐ-ĐHCNTT,khoan,Khoản 1,,1/47/1,13001.0,"Đầu khoá h ọc, Trư ờng có trách nhi ệm thông báo cho sinh viên v ề: 
- Chương trình đào tạo toàn khóa cho từng ngành học. 
- Quy chế học tập và các quy định của Trường. 
- Quyền lợi và nghĩa vụ của sinh viên."
790/QĐ-ĐHCNTT,khoan,Khoản 2,,1/47/2,13002.0,"Đầu mỗi năm h ọc, Trư ờng có trách nhi ệm thông báo cho sinh viên v ề: 
- Kế hoạch giảng dạy, học tập của năm học. 
- Các cập nhật hoặc thay đổi trong chương trình đào tạo, chương trình môn học, học 
phí (nếu có)."
790/QĐ-ĐHCNTT,khoan,Khoản 3,,1/47/3,13003.0,"Đầu mỗi học kỳ, Trư ờng có trách nhi ệm thông báo cho sinh viên v ề: 
- Thời khóa biểu giảng dạy, học tập của học kỳ. 
- Danh mục các học phần và số lượng tín chỉ của mỗi học phần dự kiến giảng dạy 
trong học kỳ, điều kiện để đăng ký học các học phần đó. 
- Số lớp học dự kiến tổ chức cho mỗi học phần và thời khoá biểu cho các lớp học."
790/QĐ-ĐHCNTT,dieu,Điều 14,Đăng ký học tập,1/48,49.0,"Sinh viên đư ợc đăng k ý học và thi các môn h ọc trong chương t rình đào t ạo do b ất kỳ 
một CSĐT nào thu ộc ĐHQG -HCM hoặc hệ thống các trư ờng thành viên c ủa ASEAN 
University Network tổ chức giảng dạy. Vi ệc chuy ển đổi và công nh ận tín ch ỉ được thực hiện 
theo quy đ ịnh tại Điều 27 của Quy ch ế này. 
Trang 13/27 
 Nếu đăng ký h ọc tại Trường thì đầu mỗi học kỳ, sinh viên ph ải tìm hi ểu, nghiên c ứu để 
nắm đư ợc chương trình giáo d ục, các h ọc phần được mở trong h ọc kỳ và đăng ký các h ọc 
phần qua h ệ thống đăng ký ho ặc bằng phi ếu đăng ký theo quy đ ịnh của Trư ờng. Riêng sinh 
viên khóa tuy ển mới, học kỳ đầu tiên s ẽ học theo th ời khóa bi ểu được xếp sẵn dựa trên kế 
hoạch gi ảng dạy mẫu theo chương trình đào t ạo. 
1. Số tín ch ỉ tối thiểu, tối đa 
Số tín ch ỉ tối thiểu, tối đa được tính bao g ồm số các tín ch ỉ đăng ký t ại Trường hoặc 
CSĐT khác. 
a) Trong h ọc kỳ chính: 
- Số tín chỉ đăng ký học n trong mỗi học kỳ chính (bao gồm học lại, cải thiện và học 
mới) thỏa điều kiện 14 ≤ n ≤ 24. Sinh viên có ĐTBC ≥ 8,0 đến thời điểm đăng ký , 
được phép đăng ký tối đa 30 tín chỉ. 
- Đối với những sinh viên còn phải học ít hơn 14 tín chỉ theo chương trình đào tạo của 
ngành, khóa học tương ứng thì không áp dụng quy định số tín chỉ tối thiểu. 
- Sinh viên không ĐKHP hoặc bị hủy ĐKHP thì xem như số tín c hỉ học trong học kỳ 
đó bằng 0. 
b) Trong h ọc kỳ hè: 
- Tổng số tín chỉ đăng ký không được vượt quá 12 tín chỉ. 
- Sinh viên chỉ được đăng ký học lại, cải thiện điểm , các môn học ngoại ngữ và học 
phần Thực tập doanh nghiệp . 
- Việc đăng ký các học phần mới (ngoại trừ Thực tập doanh nghiệp và các môn ngoại 
ngữ) trong học kỳ hè (học vượt) chỉ dành cho các sinh viên có ĐTBC ≥ 7,0 đến thời 
điểm đăng ký . 
Trong trư ờng hợp đặc biệt sinh viên mu ốn đăng ký vư ợt quá s ố tín ch ỉ tối đa hoặc ít hơn 
số tín ch ỉ tối thiểu phải được sự đồng ý c ủa Hiệu trư ởng. 
2. Học lại: Sinh viên ph ải đăng ký h ọc lại các h ọc phần bắt buộc có đi ểm học phần dưới 5,0 
ở các h ọc kỳ trước. Đối với các h ọc phần tự chọn, nếu điểm dư ới 5,0 sinh viên đư ợc 
phép đăng k ý học lại học phần đó ho ặc chọn học phần khác thay th ế trong s ố các h ọc 
phần tự chọn quy đ ịnh cho m ỗi ngành đào t ạo. 
Khi n ộp hồ sơ xét t ốt nghi ệp, sinh viên có th ể làm đơn xin h ủy học phần tự chọn đã học 
(sinh viên không đư ợc hủy kết quả học tập trong lúc đang h ọc). 
3. Học cải thiện điểm 
Đối với học phần có k ết quả đạt, sinh viên mu ốn phấn đấu đạt kết quả cao hơn (cải 
thiện điểm) phải đăng ký h ọc lại học phần đó theo quy đ ịnh sau: 
- Kết quả cao nhất trong các lần h ọc được chọn để tính vào ĐTB C, ĐTBCTL . Điểm 
của tất cả các lần học được lưu đầy đủ trong kết quả học tập của sinh viên. 
- Tổng số tín chỉ đăng ký học cải thiện ở học kỳ nào thì được tính vào tổng số tín chỉ 
đăng ký học ở học kỳ đó theo quy định tại Khoản 1 Điều 1 4 của Quy chế này. 
4. Việc đăng ký h ọc phần cải thiện đư ợc thực hiện theo quy trình đăng ký h ọc phần của 
Trường. 
Trang 14/27 
 5. Đăng ký h ọc các môn ngo ại ngữ: 
- Các lớp học ngoại ngữ nằm trong chương trình đào tạo cho sinh viên chính quy được 
mở với thời khóa biểu riêng, lin h động theo nhu cầu của sinh viên. Sinh viên được tự 
do đăng ký học các lớp ngoại ngữ theo điều kiện môn tiên quyết và không trùng giờ 
học với các môn học chính khóa mà sinh viên đang học trên hệ thống của Trường. 
- Trong học kỳ hè sinh viên có thể đăng ký học mới , học lại hoặc học cải thiện các 
môn ngoại ngữ. 
- Học phí các môn ngoại ngữ trong chương trình đào tạo được tính theo quy định: học 
lần đầu được tính trọn gói trong học phí học kỳ, học lần thứ hai trở đi được coi là học 
lại/cải thiện. 
- Thời điểm thi kết thúc môn học thuộc học kỳ nào thì Trường tính điểm cho sinh viên 
vào học kỳ đó. Riêng các lớp có thời điểm thi kết thúc môn học thuộc học kỳ hè thì 
được tính vào học kỳ 2 cùng năm học . 
"
790/QĐ-ĐHCNTT,khoan,Khoản 1,,1/48/1,14001.0,"Số tín ch ỉ tối thiểu, tối đa 
Số tín ch ỉ tối thiểu, tối đa được tính bao g ồm số các tín ch ỉ đăng ký t ại Trường hoặc 
CSĐT khác. 
a) Trong h ọc kỳ chính: 
- Số tín chỉ đăng ký học n trong mỗi học kỳ chính (bao gồm học lại, cải thiện và học 
mới) thỏa điều kiện 14 ≤ n ≤ 24. Sinh viên có ĐTBC ≥ 8,0 đến thời điểm đăng ký , 
được phép đăng ký tối đa 30 tín chỉ. 
- Đối với những sinh viên còn phải học ít hơn 14 tín chỉ theo chương trình đào tạo của 
ngành, khóa học tương ứng thì không áp dụng quy định số tín chỉ tối thiểu. 
- Sinh viên không ĐKHP hoặc bị hủy ĐKHP thì xem như số tín c hỉ học trong học kỳ 
đó bằng 0. 
b) Trong h ọc kỳ hè: 
- Tổng số tín chỉ đăng ký không được vượt quá 12 tín chỉ. 
- Sinh viên chỉ được đăng ký học lại, cải thiện điểm , các môn học ngoại ngữ và học 
phần Thực tập doanh nghiệp . 
- Việc đăng ký các học phần mới (ngoại trừ Thực tập doanh nghiệp và các môn ngoại 
ngữ) trong học kỳ hè (học vượt) chỉ dành cho các sinh viên có ĐTBC ≥ 7,0 đến thời 
điểm đăng ký . 
Trong trư ờng hợp đặc biệt sinh viên mu ốn đăng ký vư ợt quá s ố tín ch ỉ tối đa hoặc ít hơn 
số tín ch ỉ tối thiểu phải được sự đồng ý c ủa Hiệu trư ởng."
790/QĐ-ĐHCNTT,diem,Điểm a),,1/48/1/a,14001.01,"Trong h ọc kỳ chính: 
- Số tín chỉ đăng ký học n trong mỗi học kỳ chính (bao gồm học lại, cải thiện và học 
mới) thỏa điều kiện 14 ≤ n ≤ 24. Sinh viên có ĐTBC ≥ 8,0 đến thời điểm đăng ký , 
được phép đăng ký tối đa 30 tín chỉ. 
- Đối với những sinh viên còn phải học ít hơn 14 tín chỉ theo chương trình đào tạo của 
ngành, khóa học tương ứng thì không áp dụng quy định số tín chỉ tối thiểu. 
- Sinh viên không ĐKHP hoặc bị hủy ĐKHP thì xem như số tín c hỉ học trong học kỳ 
đó bằng 0."
790/QĐ-ĐHCNTT,diem,Điểm b),,1/48/1/b,14001.02,"Trong h ọc kỳ hè: 
- Tổng số tín chỉ đăng ký không được vượt quá 12 tín chỉ. 
- Sinh viên chỉ được đăng ký học lại, cải thiện điểm , các môn học ngoại ngữ và học 
phần Thực tập doanh nghiệp . 
- Việc đăng ký các học phần mới (ngoại trừ Thực tập doanh nghiệp và các môn ngoại 
ngữ) trong học kỳ hè (học vượt) chỉ dành cho các sinh viên có ĐTBC ≥ 7,0 đến thời 
điểm đăng ký . 
Trong trư ờng hợp đặc biệt sinh viên mu ốn đăng ký vư ợt quá s ố tín ch ỉ tối đa hoặc ít hơn 
số tín ch ỉ tối thiểu phải được sự đồng ý c ủa Hiệu trư ởng."
790/QĐ-ĐHCNTT,khoan,Khoản 2,,1/48/2,14002.0,"Học lại: Sinh viên ph ải đăng ký h ọc lại các h ọc phần bắt buộc có đi ểm học phần dưới 5,0 
ở các h ọc kỳ trước. Đối với các h ọc phần tự chọn, nếu điểm dư ới 5,0 sinh viên đư ợc 
phép đăng k ý học lại học phần đó ho ặc chọn học phần khác thay th ế trong s ố các h ọc 
phần tự chọn quy đ ịnh cho m ỗi ngành đào t ạo. 
Khi n ộp hồ sơ xét t ốt nghi ệp, sinh viên có th ể làm đơn xin h ủy học phần tự chọn đã học 
(sinh viên không đư ợc hủy kết quả học tập trong lúc đang h ọc)."
790/QĐ-ĐHCNTT,khoan,Khoản 3,,1/48/3,14003.0,"Học cải thiện điểm 
Đối với học phần có k ết quả đạt, sinh viên mu ốn phấn đấu đạt kết quả cao hơn (cải 
thiện điểm) phải đăng ký h ọc lại học phần đó theo quy đ ịnh sau: 
- Kết quả cao nhất trong các lần h ọc được chọn để tính vào ĐTB C, ĐTBCTL . Điểm 
của tất cả các lần học được lưu đầy đủ trong kết quả học tập của sinh viên. 
- Tổng số tín chỉ đăng ký học cải thiện ở học kỳ nào thì được tính vào tổng số tín chỉ 
đăng ký học ở học kỳ đó theo quy định tại Khoản 1 Điều 1 4 của Quy chế này."
790/QĐ-ĐHCNTT,khoan,Khoản 4,,1/48/4,14004.0,"Việc đăng ký h ọc phần cải thiện đư ợc thực hiện theo quy trình đăng ký h ọc phần của 
Trường. 
Trang 14/27"
790/QĐ-ĐHCNTT,khoan,Khoản 5,,1/48/5,14005.0,"Đăng ký h ọc các môn ngo ại ngữ: 
- Các lớp học ngoại ngữ nằm trong chương trình đào tạo cho sinh viên chính quy được 
mở với thời khóa biểu riêng, lin h động theo nhu cầu của sinh viên. Sinh viên được tự 
do đăng ký học các lớp ngoại ngữ theo điều kiện môn tiên quyết và không trùng giờ 
học với các môn học chính khóa mà sinh viên đang học trên hệ thống của Trường. 
- Trong học kỳ hè sinh viên có thể đăng ký học mới , học lại hoặc học cải thiện các 
môn ngoại ngữ. 
- Học phí các môn ngoại ngữ trong chương trình đào tạo được tính theo quy định: học 
lần đầu được tính trọn gói trong học phí học kỳ, học lần thứ hai trở đi được coi là học 
lại/cải thiện. 
- Thời điểm thi kết thúc môn học thuộc học kỳ nào thì Trường tính điểm cho sinh viên 
vào học kỳ đó. Riêng các lớp có thời điểm thi kết thúc môn học thuộc học kỳ hè thì 
được tính vào học kỳ 2 cùng năm học ."
790/QĐ-ĐHCNTT,dieu,Điều 15,Trách nhiệm của sinh viên và cố vấn học tập,1/49,50.0,"1. Sinh viên có trách nhi ệm theo dõi k ết quả đăng ký h ọc phần trên C ổng thông tin đào t ạo 
của Trư ờng. Kết quả đăng ký h ọc phần thể hiện: tên h ọc phần, mã h ọc phần, số tín ch ỉ 
của mỗi học phần, lịch học của các h ọc phần. 
2. Sinh viên có trách nhi ệm thực hiện đầy đủ các yêu c ầu của môn h ọc như lên l ớp, làm bài 
tập, thực hành, thí nghi ệm, tham gia th ảo luận, dự kiểm tra thư ờng kỳ và thi k ết thúc h ọc 
phần. 
3. Mỗi lớp sinh viên có m ột Cố vấn học tập. Cố vấn học tập do Trư ởng khoa/Trư ởng bộ 
môn qu ản lý ngà nh đào t ạo đề nghị và Hi ệu trư ởng ra quy ết định bổ nhiệm. Nhi ệm vụ cụ 
thể của Cố vấn học tập có quy đ ịnh riêng . 
"
790/QĐ-ĐHCNTT,khoan,Khoản 1,,1/49/1,15001.0,"Sinh viên có trách nhi ệm theo dõi k ết quả đăng ký h ọc phần trên C ổng thông tin đào t ạo 
của Trư ờng. Kết quả đăng ký h ọc phần thể hiện: tên h ọc phần, mã h ọc phần, số tín ch ỉ 
của mỗi học phần, lịch học của các h ọc phần."
790/QĐ-ĐHCNTT,khoan,Khoản 2,,1/49/2,15002.0,"Sinh viên có trách nhi ệm thực hiện đầy đủ các yêu c ầu của môn h ọc như lên l ớp, làm bài 
tập, thực hành, thí nghi ệm, tham gia th ảo luận, dự kiểm tra thư ờng kỳ và thi k ết thúc h ọc 
phần."
790/QĐ-ĐHCNTT,khoan,Khoản 3,,1/49/3,15003.0,"Mỗi lớp sinh viên có m ột Cố vấn học tập. Cố vấn học tập do Trư ởng khoa/Trư ởng bộ 
môn qu ản lý ngà nh đào t ạo đề nghị và Hi ệu trư ởng ra quy ết định bổ nhiệm. Nhi ệm vụ cụ 
thể của Cố vấn học tập có quy đ ịnh riêng ."
790/QĐ-ĐHCNTT,dieu,Điều 5,"Học kỳ, năm học ................................ ................................ ................................ ................... 8",1/5,6.0,
790/QĐ-ĐHCNTT,dieu,Điều 5,"Học kỳ, năm học ................................................................................................................... 8",1/5,1005.0,"Học kỳ, năm học ................................................................................................................... 8"
790/QĐ-ĐHCNTT,dieu,Điều 5,"Học kỳ, năm học",1/5,1005.0,"1. Học kỳ là thời gian để sinh viên hoàn thành một số học phần của chương trình đào tạo.
Một học kỳ chính có 15 tuần thực học và 2 đến 3 tuần dành cho đánh giá hoạt động đào
tạo (thi cuối kỳ, thi giữa kỳ, kiểm tra,…). Một học kỳ hè có tối thiểu 5 tuần thực học và 1
tuần thi. Căn cứ vào tình hình thực tế mỗi năm, kế hoạch giảng dạy của học kỳ có thể
được điều chỉnh theo quyết định của Hiệu trưởng.
2. Một năm học có 2 học kỳ chính. Tùy theo điều kiện, Trường có thể tổ chức thêm học kỳ
hè. Việc đăng ký học phần học kỳ hè được quy định tại Điều 14 của quy chế này.
Kế hoạch học tập của mỗi học kỳ và năm học bao gồm thời gian biểu tiến hành các hoạt
động giảng dạy, học tập và đánh giá hoạt động đào tạo. Kế hoạch học tập được công bố
rộng rãi trên trang thông tin điện tử của Trường."
790/QĐ-ĐHCNTT,khoan,Khoản 1,,1/5/1,5001.0,"Học kỳ, năm học ................................................................................................................... 8"
790/QĐ-ĐHCNTT,khoan,Khoản 1,,1/5/1,5001.0,"Học kỳ là thời gian để sinh viên hoàn thành một số học phần của chương trình đào tạo.
Một học kỳ chính có 15 tuần thực học và 2 đến 3 tuần dành cho đánh giá hoạt động đào
tạo (thi cuối kỳ, thi giữa kỳ, kiểm tra,…). Một học kỳ hè có tối thiểu 5 tuần thực học và 1
tuần thi. Căn cứ vào tình hình thực tế mỗi năm, kế hoạch giảng dạy của học kỳ có thể
được điều chỉnh theo quyết định của Hiệu trưởng."
790/QĐ-ĐHCNTT,khoan,Khoản 2,,1/5/2,5002.0,"Một năm học có 2 học kỳ chính. Tùy theo điều kiện, Trường có thể tổ chức thêm học kỳ
hè. Việc đăng ký học phần học kỳ hè được quy định tại Điều 14 của quy chế này.
Kế hoạch học tập của mỗi học kỳ và năm học bao gồm thời gian biểu tiến hành các hoạt
động giảng dạy, học tập và đánh giá hoạt động đào tạo. Kế hoạch học tập được công bố
rộng rãi trên trang thông tin điện tử của Trường."
790/QĐ-ĐHCNTT,dieu,Điều 16,Xử lý học vụ,1/50,51.0,"Xử lý học vụ nhằm giúp cho sinh viên lưu ý, điều chỉnh kế hoạch học tập và thái đ ộ 
học tập để có th ể tốt nghi ệp đúng th ời hạn quy đ ịnh. Hằng năm, Trư ờng tiến hành x ử lý học 
vụ theo 2 đ ợt: sau h ọc kỳ 1 và sau h ọc kỳ hè. K ết quả học tập của học kỳ hè được tính 
chung vào k ết quả học tập học kỳ 2 của năm h ọc tương ứng để xem xét x ử lý học vụ. 
1. Cảnh báo học vụ 
Sinh viên b ị cảnh báo học vụ nếu vi ph ạm một trong nh ững trư ờng hợp sau đây: 
- Không hoàn thành nghĩa vụ học phí đúng quy định. 
- Có ĐTBHK dưới 3,0 hoặc điểm trung bình của liên tiếp 2 học kỳ gần nhất đều dưới 
4,0. 
Thời hạn cảnh báo học vụ kéo dài trong m ột học kỳ chính ti ếp theo. Sinh viên s ẽ 
được tự động xóa hình th ức xử lý khi k ết thúc th ời hạn. 
2. Đình ch ỉ học tập 
- Sinh viên bị đình chỉ học tập 1 học kỳ chính nếu vi phạm lần đầu trong việc đi thi hộ 
hoặc nhờ người thi hộ. 
Trang 15/27 
 - Đình chỉ học tập có thời hạn: áp dụng đối với những sinh viên đang trong thời gian bị 
cảnh báo mà vẫn vi phạm kỷ luật hoặc vi phạm nghiêm trọng các hành vi sinh viên 
không được làm; sinh viên vi phạm pháp luật bị xử phạt tù nhưng cho hưởng án treo. 
3. Thôi h ọc 
a. Sinh viên b ị buộc thôi h ọc nếu vi ph ạm một trong nh ững trư ờng hợp sau đây: 
- ĐTBHK hai học kỳ liên tiếp gần nhất bằng 0. 
- Đã hết thời hạn được cho phép bảo lưu nhưng không làm thủ tục nhập học lại. 
- Đã hết thời gian tối đa hoàn thành khóa học quy định nhưng vẫn chưa hoàn thành 
chương trình đào tạo ( xem thêm Điều 6 của Quy chế này ). 
- Sau khi hết thời gian được cho thôi học theo mục b khoản này. 
- Bị cảnh báo học vụ lần thứ hai liên tiếp và vẫn tái phạm Khoản 1 Điều 16. 
- Bị đình chỉ học tập lần thứ hai. 
- Vi phạm kỷ luật có tính chất và mức độ nghiêm trọng, gây ảnh hưởng xấu đến 
Trường và xã hội; hoặc vi phạm pháp luật bị xử phạt tù giam. 
Sinh viên có tên trong quy ết định bu ộc thôi h ọc bị xóa tên kh ỏi danh sách sinh viên 
chính thức của Trư ờng. Trong vòng m ột tháng sau khi có quy ết định bu ộc thôi h ọc, Trường 
có trách nhi ệm thông báo đ ến sinh viên theo đ ịa chỉ email chính th ức Trư ờng đã cấp, đồng 
thời thông báo đ ến gia đình sinh viên theo đ ịa chỉ sinh viên khai báo v ới Trư ờng. 
 Sinh viên thu ộc diện buộc thôi học nếu có nguy ện vọng chuy ển từ hình th ức đào t ạo 
chính quy sang hình th ức đào tạo từ xa phải làm đơn đ ể Hiệu trư ởng xét c ụ thể từng trư ờng 
hợp. 
b. Sinh viên đã hết thời gian t ối đa theo Điều 6 c ủa Quy ch ế này, đã hoàn thành các h ọc 
phần trong chương trình đào t ạo, chỉ còn thi ếu chứng ch ỉ Giáo d ục quốc phòng -an ninh hoặc 
chứng ch ỉ/chứng nh ận ngoại ngữ xét công nh ận tốt nghi ệp thì được Trường xem xét cho 
thôi h ọc; Trong thời hạn 03 năm tính t ừ khi thôi h ọc, sinh viên ph ải hoàn thi ện các đi ều kiện 
còn thi ếu để đề nghị xét công nh ận tốt nghi ệp. 
 Sinh viên chưa h ết thời gian tối đa hoàn thành khóa h ọc quy đ ịnh tại Điều 6 c ủa Quy 
chế này, đã hoàn thành các h ọc phần trong chương trình đào t ạo có nguy ện vọng xin thôi 
học theo di ện này thì nộp đơn xin thôi h ọc cho P.ĐTĐH . 
"
790/QĐ-ĐHCNTT,khoan,Khoản 1,,1/50/1,16001.0,"Cảnh báo học vụ 
Sinh viên b ị cảnh báo học vụ nếu vi ph ạm một trong nh ững trư ờng hợp sau đây: 
- Không hoàn thành nghĩa vụ học phí đúng quy định. 
- Có ĐTBHK dưới 3,0 hoặc điểm trung bình của liên tiếp 2 học kỳ gần nhất đều dưới 
4,0. 
Thời hạn cảnh báo học vụ kéo dài trong m ột học kỳ chính ti ếp theo. Sinh viên s ẽ 
được tự động xóa hình th ức xử lý khi k ết thúc th ời hạn."
790/QĐ-ĐHCNTT,khoan,Khoản 2,,1/50/2,16002.0,"Đình ch ỉ học tập 
- Sinh viên bị đình chỉ học tập 1 học kỳ chính nếu vi phạm lần đầu trong việc đi thi hộ 
hoặc nhờ người thi hộ. 
Trang 15/27 
 - Đình chỉ học tập có thời hạn: áp dụng đối với những sinh viên đang trong thời gian bị 
cảnh báo mà vẫn vi phạm kỷ luật hoặc vi phạm nghiêm trọng các hành vi sinh viên 
không được làm; sinh viên vi phạm pháp luật bị xử phạt tù nhưng cho hưởng án treo."
790/QĐ-ĐHCNTT,khoan,Khoản 3,,1/50/3,16003.0,"Thôi h ọc 
a. Sinh viên b ị buộc thôi h ọc nếu vi ph ạm một trong nh ững trư ờng hợp sau đây: 
- ĐTBHK hai học kỳ liên tiếp gần nhất bằng 0. 
- Đã hết thời hạn được cho phép bảo lưu nhưng không làm thủ tục nhập học lại. 
- Đã hết thời gian tối đa hoàn thành khóa học quy định nhưng vẫn chưa hoàn thành 
chương trình đào tạo ( xem thêm Điều 6 của Quy chế này ). 
- Sau khi hết thời gian được cho thôi học theo mục b khoản này. 
- Bị cảnh báo học vụ lần thứ hai liên tiếp và vẫn tái phạm Khoản 1 Điều 16. 
- Bị đình chỉ học tập lần thứ hai. 
- Vi phạm kỷ luật có tính chất và mức độ nghiêm trọng, gây ảnh hưởng xấu đến 
Trường và xã hội; hoặc vi phạm pháp luật bị xử phạt tù giam. 
Sinh viên có tên trong quy ết định bu ộc thôi h ọc bị xóa tên kh ỏi danh sách sinh viên 
chính thức của Trư ờng. Trong vòng m ột tháng sau khi có quy ết định bu ộc thôi h ọc, Trường 
có trách nhi ệm thông báo đ ến sinh viên theo đ ịa chỉ email chính th ức Trư ờng đã cấp, đồng 
thời thông báo đ ến gia đình sinh viên theo đ ịa chỉ sinh viên khai báo v ới Trư ờng. 
 Sinh viên thu ộc diện buộc thôi học nếu có nguy ện vọng chuy ển từ hình th ức đào t ạo 
chính quy sang hình th ức đào tạo từ xa phải làm đơn đ ể Hiệu trư ởng xét c ụ thể từng trư ờng 
hợp. 
b. Sinh viên đã hết thời gian t ối đa theo Điều 6 c ủa Quy ch ế này, đã hoàn thành các h ọc 
phần trong chương trình đào t ạo, chỉ còn thi ếu chứng ch ỉ Giáo d ục quốc phòng -an ninh hoặc 
chứng ch ỉ/chứng nh ận ngoại ngữ xét công nh ận tốt nghi ệp thì được Trường xem xét cho 
thôi h ọc; Trong thời hạn 03 năm tính t ừ khi thôi h ọc, sinh viên ph ải hoàn thi ện các đi ều kiện 
còn thi ếu để đề nghị xét công nh ận tốt nghi ệp. 
 Sinh viên chưa h ết thời gian tối đa hoàn thành khóa h ọc quy đ ịnh tại Điều 6 c ủa Quy 
chế này, đã hoàn thành các h ọc phần trong chương trình đào t ạo có nguy ện vọng xin thôi 
học theo di ện này thì nộp đơn xin thôi h ọc cho P.ĐTĐH ."
790/QĐ-ĐHCNTT,dieu,Điều 17,"Thôi học, tạm dừng học tập",1/51,52.0,"1. Trư ờng hợp vì hoàn c ảnh cá nhân, sinh viên có th ể gửi đơn xin thôi h ọc. Trư ờng xem 
xét ra quy ết định cho phép thôi h ọc và xóa tên kh ỏi danh sách sinh viên. 
2. Sinh viên đư ợc quy ền xin t ạm dừng học tập và đư ợc bảo lưu k ết quả học tập trong các 
trường hợp sau: 
- Được cơ quan có thẩm quyền điều động, đại diện quốc gia tham dự các kỳ thi, giải 
đấu quốc tế. 
- Bị ốm, thai sản hoặc tai nạn phải điều trị thời gian dài, có chứng nhận của cơ sở 
khám bệnh, chữa bệnh có thẩm quyền theo quy định của Bộ Y tế. 
Trang 16/27 
 - Trường hợp vì lý do cá nhân, sinh viên phải học ít nhất một học kỳ ở Trường và 
không rơi vào các trường hợp bị đình chỉ học tập, có xác nhận của g ia đình và giấy tờ 
liên quan hợp lệ. 
3. Thời gian t ạm dừng học tập từ một đến tối đa hai h ọc kỳ chính liên ti ếp, đư ợc tính vào 
thời gian t ối đa hoàn thành khóa h ọc quy đ ịnh tại Điều 6 c ủa quy ch ế này, ngo ại trừ 
trường hợp được điều động vào l ực lượng vũ trang . 
4. Sinh viên t ạm dừng học tập, khi mu ốn trở lại học tiếp tại Trư ờng ph ải hoàn t ất thủ tục 
nhập học theo quy đ ịnh của Trư ờng. 
5. Sinh viên đư ợc xin thôi h ọc vì lý do cá nhân, tr ừ trường hợp bị xem xét bu ộc thôi h ọc 
hoặc xem xét k ỷ luật. Nh ững sinh viên đã có quy ết định thôi h ọc muốn quay tr ở lại học 
phải dự tuyển đầu vào như nh ững thí sinh khác . 
"
790/QĐ-ĐHCNTT,khoan,Khoản 1,,1/51/1,17001.0,"Trư ờng hợp vì hoàn c ảnh cá nhân, sinh viên có th ể gửi đơn xin thôi h ọc. Trư ờng xem 
xét ra quy ết định cho phép thôi h ọc và xóa tên kh ỏi danh sách sinh viên."
790/QĐ-ĐHCNTT,khoan,Khoản 2,,1/51/2,17002.0,"Sinh viên đư ợc quy ền xin t ạm dừng học tập và đư ợc bảo lưu k ết quả học tập trong các 
trường hợp sau: 
- Được cơ quan có thẩm quyền điều động, đại diện quốc gia tham dự các kỳ thi, giải 
đấu quốc tế. 
- Bị ốm, thai sản hoặc tai nạn phải điều trị thời gian dài, có chứng nhận của cơ sở 
khám bệnh, chữa bệnh có thẩm quyền theo quy định của Bộ Y tế. 
Trang 16/27 
 - Trường hợp vì lý do cá nhân, sinh viên phải học ít nhất một học kỳ ở Trường và 
không rơi vào các trường hợp bị đình chỉ học tập, có xác nhận của g ia đình và giấy tờ 
liên quan hợp lệ."
790/QĐ-ĐHCNTT,khoan,Khoản 3,,1/51/3,17003.0,"Thời gian t ạm dừng học tập từ một đến tối đa hai h ọc kỳ chính liên ti ếp, đư ợc tính vào 
thời gian t ối đa hoàn thành khóa h ọc quy đ ịnh tại Điều 6 c ủa quy ch ế này, ngo ại trừ 
trường hợp được điều động vào l ực lượng vũ trang ."
790/QĐ-ĐHCNTT,khoan,Khoản 4,,1/51/4,17004.0,"Sinh viên t ạm dừng học tập, khi mu ốn trở lại học tiếp tại Trư ờng ph ải hoàn t ất thủ tục 
nhập học theo quy đ ịnh của Trư ờng."
790/QĐ-ĐHCNTT,khoan,Khoản 5,,1/51/5,17005.0,"Sinh viên đư ợc xin thôi h ọc vì lý do cá nhân, tr ừ trường hợp bị xem xét bu ộc thôi h ọc 
hoặc xem xét k ỷ luật. Nh ững sinh viên đã có quy ết định thôi h ọc muốn quay tr ở lại học 
phải dự tuyển đầu vào như nh ững thí sinh khác ."
790/QĐ-ĐHCNTT,dieu,Điều 18,Học cùng lúc hai chương trình đào tạo,1/52,53.0,"1. Học cùng lúc hai chương trình đào t ạo được áp d ụng đối với chương trình song ngành, 
dành cho sinh viên có đ ủ điều kiện theo quy đ ịnh tại Khoản 2 Đi ều 18 này và có nhu 
cầu đăng ký h ọc thêm m ột chương trình th ứ hai đ ể khi t ốt nghi ệp đư ợc cấp hai văn 
bằng. 
2. Sinh viên trình đ ộ đại học văn b ằng 1 đang h ọc tại Trường được đăng ký h ọc thêm m ột 
chương trình đào t ạo thứ hai n ếu thỏa mãn đồng th ời các đi ều kiện sau đây: 
a) Ngành đào t ạo của chương trình đào t ạo thứ hai ph ải khác ngành đào t ạo của chương 
trình đào t ạo thứ nhất; 
b) Không có s ự khác bi ệt trong hình th ức đào t ạo giữa hai chương trình đào t ạo. 
c) Đã hoàn thành năm h ọc đầu tiên c ủa chương trình đào t ạo thứ nhất, trước học kỳ cuối 
của thời gian thi ết kế chương trình đào t ạo 01 học kỳ. Tại thời điểm đăng ký, sinh viên ph ải 
đáp ứng m ột trong hai đi ều kiện sau: 
- Học lực tính theo ĐTBCTL xếp loại khá trở lên và đáp ứng ngưỡng bảo đảm chất 
lượng của chương trình thứ hai trong năm tuyển sinh (nếu có). 
- Học lực tính theo ĐTBCTL xếp loại trung bình và đáp ứng điều kiện trúng tuyển 
của chương trình thứ hai trong năm tuyển sinh. 
3. Trong quá trình sinh viên h ọc cùng lúc hai chương trình, n ếu ĐTBCTL của chương trình 
thứ nhất đạt dưới xếp loại trung bình ho ặc thu ộc diện cảnh báo h ọc vụ thì ph ải dừng 
học chương trình th ứ hai ở học kỳ tiếp theo; sinh viên bị loại khỏi danh sách đã đăng 
ký học chương trình th ứ hai. 
4. Th ời gian t ối đa đư ợc phép h ọc đối với sinh viên h ọc cùng lúc hai chương trình là th ời 
gian t ối đa quy đ ịnh cho chương trình th ứ nhất, quy đ ịnh tại Điều 6 c ủa Quy ch ế này. 
Khi h ọc chương trình th ứ hai, sinh viên đư ợc công nh ận kết quả của những học phần 
có nội dung và kh ối lượng ki ến thức tương đương có trong chương trình th ứ nhất. 
5. Sinh viên ch ỉ được xét t ốt nghi ệp chương trình th ứ hai nếu đủ điều kiện tốt nghi ệp ở 
chương trình th ứ nhất. 
Trang 17/27 
 6. Sinh viên trình đ ộ đại học đang h ọc tại các CSĐT khác mu ốn đăng ký h ọc thêm m ột 
chương trình đào t ạo thứ hai tại Trư ờng ĐHCNTT th ực hiện theo quy đ ịnh riêng. 
"
790/QĐ-ĐHCNTT,khoan,Khoản 1,,1/52/1,18001.0,"Học cùng lúc hai chương trình đào t ạo được áp d ụng đối với chương trình song ngành, 
dành cho sinh viên có đ ủ điều kiện theo quy đ ịnh tại Khoản 2 Đi ều 18 này và có nhu 
cầu đăng ký h ọc thêm m ột chương trình th ứ hai đ ể khi t ốt nghi ệp đư ợc cấp hai văn 
bằng."
790/QĐ-ĐHCNTT,khoan,Khoản 2,,1/52/2,18002.0,"Sinh viên trình đ ộ đại học văn b ằng 1 đang h ọc tại Trường được đăng ký h ọc thêm m ột 
chương trình đào t ạo thứ hai n ếu thỏa mãn đồng th ời các đi ều kiện sau đây: 
a) Ngành đào t ạo của chương trình đào t ạo thứ hai ph ải khác ngành đào t ạo của chương 
trình đào t ạo thứ nhất; 
b) Không có s ự khác bi ệt trong hình th ức đào t ạo giữa hai chương trình đào t ạo. 
c) Đã hoàn thành năm h ọc đầu tiên c ủa chương trình đào t ạo thứ nhất, trước học kỳ cuối 
của thời gian thi ết kế chương trình đào t ạo 01 học kỳ. Tại thời điểm đăng ký, sinh viên ph ải 
đáp ứng m ột trong hai đi ều kiện sau: 
- Học lực tính theo ĐTBCTL xếp loại khá trở lên và đáp ứng ngưỡng bảo đảm chất 
lượng của chương trình thứ hai trong năm tuyển sinh (nếu có). 
- Học lực tính theo ĐTBCTL xếp loại trung bình và đáp ứng điều kiện trúng tuyển 
của chương trình thứ hai trong năm tuyển sinh."
790/QĐ-ĐHCNTT,diem,Điểm a),,1/52/2/a,18002.01,"Ngành đào t ạo của chương trình đào t ạo thứ hai ph ải khác ngành đào t ạo của chương 
trình đào t ạo thứ nhất;"
790/QĐ-ĐHCNTT,diem,Điểm b),,1/52/2/b,18002.02,Không có s ự khác bi ệt trong hình th ức đào t ạo giữa hai chương trình đào t ạo.
790/QĐ-ĐHCNTT,diem,Điểm c),,1/52/2/c,18002.03,"Đã hoàn thành năm h ọc đầu tiên c ủa chương trình đào t ạo thứ nhất, trước học kỳ cuối 
của thời gian thi ết kế chương trình đào t ạo 01 học kỳ. Tại thời điểm đăng ký, sinh viên ph ải 
đáp ứng m ột trong hai đi ều kiện sau: 
- Học lực tính theo ĐTBCTL xếp loại khá trở lên và đáp ứng ngưỡng bảo đảm chất 
lượng của chương trình thứ hai trong năm tuyển sinh (nếu có). 
- Học lực tính theo ĐTBCTL xếp loại trung bình và đáp ứng điều kiện trúng tuyển 
của chương trình thứ hai trong năm tuyển sinh."
790/QĐ-ĐHCNTT,khoan,Khoản 3,,1/52/3,18003.0,"Trong quá trình sinh viên h ọc cùng lúc hai chương trình, n ếu ĐTBCTL của chương trình 
thứ nhất đạt dưới xếp loại trung bình ho ặc thu ộc diện cảnh báo h ọc vụ thì ph ải dừng 
học chương trình th ứ hai ở học kỳ tiếp theo; sinh viên bị loại khỏi danh sách đã đăng 
ký học chương trình th ứ hai."
790/QĐ-ĐHCNTT,khoan,Khoản 4,,1/52/4,18004.0,"Th ời gian t ối đa đư ợc phép h ọc đối với sinh viên h ọc cùng lúc hai chương trình là th ời 
gian t ối đa quy đ ịnh cho chương trình th ứ nhất, quy đ ịnh tại Điều 6 c ủa Quy ch ế này. 
Khi h ọc chương trình th ứ hai, sinh viên đư ợc công nh ận kết quả của những học phần 
có nội dung và kh ối lượng ki ến thức tương đương có trong chương trình th ứ nhất."
790/QĐ-ĐHCNTT,khoan,Khoản 5,,1/52/5,18005.0,"Sinh viên ch ỉ được xét t ốt nghi ệp chương trình th ứ hai nếu đủ điều kiện tốt nghi ệp ở 
chương trình th ứ nhất. 
Trang 17/27"
790/QĐ-ĐHCNTT,khoan,Khoản 6,,1/52/6,18006.0,"Sinh viên trình đ ộ đại học đang h ọc tại các CSĐT khác mu ốn đăng ký h ọc thêm m ột 
chương trình đào t ạo thứ hai tại Trư ờng ĐHCNTT th ực hiện theo quy đ ịnh riêng."
790/QĐ-ĐHCNTT,dieu,Điều 19,"Điều kiện để chuyển ngành , chuyển chương trình , chuyển trường",1/53,54.0,"1. Chuy ển ngành /chương trình 
Sinh viên được xem xét chuyển ngành /chương trình nếu có đủ các điều kiện sau: 
- Sinh viên đạt điều kiện trúng tuyển của ngành /chương trình đào tạo trong cùng 
khóa tuyển sinh . 
- Không trong thời gian bị kỷ luật từ cảnh báo trở lên. 
- Không thuộc năm nhất. 
- Đạt số tín chỉ tích lũy tối thiểu quy định tại Khoản 4 Điều 10 và có ĐTBC từ 6,0 
trở lên. 
- Được sự chấp thuận của Trưởng khoa /Trưởng bộ môn quản lý ngành /chương 
trình đào tạo (nơi chuyển đến) và Trưởng khoa/Trưởng bộ môn quản lý 
ngành /chương trình đào tạo (nơi chuyển đi). 
- Ngành /chương trình chuyển đến có đủ các điều kiện bảo đảm chất lượng, chưa 
vượt quá năng lực đào tạo đối với ngành /chương t rình đào tạo đó theo quy định 
hiện hành của Bộ Giáo dục và Đào tạo. 
Ngoài các quy định này, sinh viên chương trình nâng cao, chương trình tiên tiến và 
chương trình tài năng thực hiện theo các quy định riêng (nếu có). 
2. Chuy ển trư ờng 
Sinh viên được chuy ển trư ờng nếu có đ ủ các đi ều kiện sau: 
- Không đang là sinh viên trình độ năm thứ nhất hoặc năm cuối khóa, không thuộc 
diện bị xử lý học vụ từ cảnh báo trở lên (trường hợp bị kỷ luật vì kết quả học tập có 
thể được Hiệu trưởng xem xét, quyết định c ho chuyển) và còn đủ thời gian học tập 
theo quy định tại Điều 6 của Quy chế này; 
- Sinh viên đạt điều kiện trúng tuyển của chương trình, ngành đào tạo cùng khóa tuyển 
sinh tại nơi chuyển đến; 
- Nơi chuyển đến có đủ các điều kiện bảo đảm chất lượng, chưa vượt quá năng lực đào 
tạo đối với chương trình, ngành đào tạo đó theo quy định hiện hành của Bộ Giáo dục 
và Đào tạo; 
- Được sự đồng ý của Hiệu trưởng trường xin chuyển đi và Hiệu trưởng trường tiếp 
nhận. 
Sinh viên xin chuy ển trư ờng ph ải có h ồ sơ xin chuy ển trường theo m ẫu quy đ ịnh. 
Thời gian t ối đa đư ợc phép h ọc đối với sinh viên chuy ển ngành/chương trình đào 
tạo/trư ờng là th ời gian t ối đa hoàn thành khóa h ọc được quy đ ịnh tại Điều 6 c ủa Quy ch ế 
này. 
Trang 18/27 
 CHƯƠNG 3. KIỂM TRA VÀ THI HỌC PHẦN 
"
790/QĐ-ĐHCNTT,khoan,Khoản 1,,1/53/1,19001.0,"Chuy ển ngành /chương trình 
Sinh viên được xem xét chuyển ngành /chương trình nếu có đủ các điều kiện sau: 
- Sinh viên đạt điều kiện trúng tuyển của ngành /chương trình đào tạo trong cùng 
khóa tuyển sinh . 
- Không trong thời gian bị kỷ luật từ cảnh báo trở lên. 
- Không thuộc năm nhất. 
- Đạt số tín chỉ tích lũy tối thiểu quy định tại Khoản 4 Điều 10 và có ĐTBC từ 6,0 
trở lên. 
- Được sự chấp thuận của Trưởng khoa /Trưởng bộ môn quản lý ngành /chương 
trình đào tạo (nơi chuyển đến) và Trưởng khoa/Trưởng bộ môn quản lý 
ngành /chương trình đào tạo (nơi chuyển đi). 
- Ngành /chương trình chuyển đến có đủ các điều kiện bảo đảm chất lượng, chưa 
vượt quá năng lực đào tạo đối với ngành /chương t rình đào tạo đó theo quy định 
hiện hành của Bộ Giáo dục và Đào tạo. 
Ngoài các quy định này, sinh viên chương trình nâng cao, chương trình tiên tiến và 
chương trình tài năng thực hiện theo các quy định riêng (nếu có)."
790/QĐ-ĐHCNTT,khoan,Khoản 2,,1/53/2,19002.0,"Chuy ển trư ờng 
Sinh viên được chuy ển trư ờng nếu có đ ủ các đi ều kiện sau: 
- Không đang là sinh viên trình độ năm thứ nhất hoặc năm cuối khóa, không thuộc 
diện bị xử lý học vụ từ cảnh báo trở lên (trường hợp bị kỷ luật vì kết quả học tập có 
thể được Hiệu trưởng xem xét, quyết định c ho chuyển) và còn đủ thời gian học tập 
theo quy định tại Điều 6 của Quy chế này; 
- Sinh viên đạt điều kiện trúng tuyển của chương trình, ngành đào tạo cùng khóa tuyển 
sinh tại nơi chuyển đến; 
- Nơi chuyển đến có đủ các điều kiện bảo đảm chất lượng, chưa vượt quá năng lực đào 
tạo đối với chương trình, ngành đào tạo đó theo quy định hiện hành của Bộ Giáo dục 
và Đào tạo; 
- Được sự đồng ý của Hiệu trưởng trường xin chuyển đi và Hiệu trưởng trường tiếp 
nhận. 
Sinh viên xin chuy ển trư ờng ph ải có h ồ sơ xin chuy ển trường theo m ẫu quy đ ịnh. 
Thời gian t ối đa đư ợc phép h ọc đối với sinh viên chuy ển ngành/chương trình đào 
tạo/trư ờng là th ời gian t ối đa hoàn thành khóa h ọc được quy đ ịnh tại Điều 6 c ủa Quy ch ế 
này. 
Trang 18/27 
 CHƯƠNG 3. KIỂM TRA VÀ THI HỌC PHẦN"
790/QĐ-ĐHCNTT,dieu,Điều 20,Tổ chức đánh giá môn học,1/54,55.0,"1. Điều kiện dự thi kết thúc học phần 
Sinh viên đư ợc dự thi k ết thúc h ọc phần khi có mặt từ 80% trở lên s ố buổi học theo 
thời khóa bi ểu của học ph ần đó, tr ừ những sinh viên đư ợc Hi ệu trư ởng cho phép h ọc 
chương trình song ngành . 
Giảng viên có th ể để nghị P.ĐTĐH không cho sinh viên d ự thi kết thúc học phần theo 
quy đ ịnh riêng c ủa môn h ọc đã công b ố cho sinh viên. 
2. Tổ ch ức các đợt thi tập trung 
Mỗi học kỳ chính Trư ờng tổ chức một kỳ kiểm tra gi ữa kỳ và m ột kỳ thi kết thúc h ọc 
kỳ. Hai đ ợt thi đư ợc tổ chức tập trung theo k ế hoạch gi ảng d ạy và h ọc tập của Trường. 
Khoa, b ộ môn, gi ảng viên không t ổ chức thi ngoài các đ ợt đã thông báo. Hi ệu trư ởng quy 
định th ời gian h ọc, ôn thi và thi cho t ừng học kỳ. 
3. Tổ chức đá nh giá môn học 
Việc tổ chức đánh giá h ọc phần được thực hiện theo đ ề cương chi ti ết đã phê duy ệt. Quy 
định cụ thể việc tổ chức thi k ết thúc h ọc phần, ra đ ề thi, ch ấm thi, ch ấm phúc kh ảo và x ử lý 
điểm sau ch ấm phúc kh ảo; thông báo k ết quả, công tác b ảo quản, lưu tr ữ được áp d ụng theo 
Quy đ ịnh tổ chức đánh giá các môn h ọc hệ đại học chính quy c ủa Trư ờng ĐHCNTT. 
"
790/QĐ-ĐHCNTT,khoan,Khoản 1,,1/54/1,20001.0,"Điều kiện dự thi kết thúc học phần 
Sinh viên đư ợc dự thi k ết thúc h ọc phần khi có mặt từ 80% trở lên s ố buổi học theo 
thời khóa bi ểu của học ph ần đó, tr ừ những sinh viên đư ợc Hi ệu trư ởng cho phép h ọc 
chương trình song ngành . 
Giảng viên có th ể để nghị P.ĐTĐH không cho sinh viên d ự thi kết thúc học phần theo 
quy đ ịnh riêng c ủa môn h ọc đã công b ố cho sinh viên."
790/QĐ-ĐHCNTT,khoan,Khoản 2,,1/54/2,20002.0,"Tổ ch ức các đợt thi tập trung 
Mỗi học kỳ chính Trư ờng tổ chức một kỳ kiểm tra gi ữa kỳ và m ột kỳ thi kết thúc h ọc 
kỳ. Hai đ ợt thi đư ợc tổ chức tập trung theo k ế hoạch gi ảng d ạy và h ọc tập của Trường. 
Khoa, b ộ môn, gi ảng viên không t ổ chức thi ngoài các đ ợt đã thông báo. Hi ệu trư ởng quy 
định th ời gian h ọc, ôn thi và thi cho t ừng học kỳ."
790/QĐ-ĐHCNTT,khoan,Khoản 3,,1/54/3,20003.0,"Tổ chức đá nh giá môn học 
Việc tổ chức đánh giá h ọc phần được thực hiện theo đ ề cương chi ti ết đã phê duy ệt. Quy 
định cụ thể việc tổ chức thi k ết thúc h ọc phần, ra đ ề thi, ch ấm thi, ch ấm phúc kh ảo và x ử lý 
điểm sau ch ấm phúc kh ảo; thông báo k ết quả, công tác b ảo quản, lưu tr ữ được áp d ụng theo 
Quy đ ịnh tổ chức đánh giá các môn h ọc hệ đại học chính quy c ủa Trư ờng ĐHCNTT."
790/QĐ-ĐHCNTT,dieu,Điều 21,"Đ ánh giá kết quả học tập của học phần , học kỳ, năm học, toàn khóa",1/55,56.0,"1. Thang đi ểm đánh giá và xếp loại 
Các lo ại điểm của học phần được đánh giá theo thang đi ểm 10. Các thang đi ểm khác 
chỉ mang tính tham kh ảo, chuy ển đổi khi c ần thiết. 
Bảng xếp loại và thang đi ểm tương ứng 
Loại Thang đi ểm 10 Thang đi ểm 100 Điểm 4 Điểm ch ữ Xếp loại 
Đạt 9,0 đ ến 10,0 Từ 90 đến 100 4,0 A+ Xuất sắc 
8,0 đ ến cận 9,0 Từ 80 đến cận 90 3,5 A Giỏi 
7,0 đ ến cận 8,0 Từ 70 đến cận 80 3,0 B+ Khá 
6,0 đ ến cận 7,0 Từ 60 đến cận 70 2,5 B Trung bình 
khá 
5,0 đ ến cận 6,0 Từ 50 đến cận 60 2,0 C Trung bình 
Không 
đạt 4,0 đ ến cận 5,0 Từ 40 đến cận 50 1,5 D+ Yếu 
3,0 đ ến cận 4,0 Từ 30 đến cận 40 1,0 D Kém 
Trang 19/27 
 < 3,0 Dưới 30 0,0 F 
2. Điểm cu ối cùng đ ể đánh giá một học phần được gọi là đi ểm học phần. Đi ểm học phần 
được đánh giá d ựa trên k ết quả học tập toàn di ện của sinh viên trong su ốt học kỳ đối với học 
phần đó. Mỗi môn h ọc có t ối đa 4 đi ểm thành ph ần: Cuối kỳ (bắt buộc phải có), Giữa kỳ, 
Thực hành (b ắt buộc phải có đ ối với những môn h ọc có tín ch ỉ thực hành) và Quá trình 
(gồm các đi ểm đư ợc cho trong quá trình h ọc như đi ểm bài t ập, thuy ết trình, chuyên c ần, …). 
Tỉ lệ các thành ph ần điểm và các hình th ức đánh giá c ủa mỗi thành ph ần điểm đư ợc ghi rõ 
trong Đ ề cương môn h ọc. Điểm thành ph ần được làm tròn đ ến 0,5. Cán bộ giảng dạy có 
trách nh iệm thông báo r ộng rãi đ ến sinh viên trong tu ần đầu tiên c ủa học kỳ về cách đánh 
giá môn h ọc. Điểm học phần là điểm trung bình tính theo h ệ số của các đi ềm thành ph ần, 
tính theo thang đi ểm 10 và đư ợc làm tròn đ ến 0,1. 
3. Đối với các h ọc phần đã đăng ký học, sinh viên có trách nhi ệm th ực hiện đầy đủ và 
nghiêm túc m ọi yêu c ầu của cán b ộ giảng dạy về việc lên l ớp, làm bài t ập, thực hành, thí 
nghiệm, tham gia th ảo luận, dự kiểm tra gi ữa học phần và k ết thúc h ọc phần. Trong trư ờng 
hợp sinh viên có lý do chính đáng (ốm đau, tai n ạn, vi ệc gia đình đ ột xuất,…) không th ể 
tham d ự thi gi ữa kỳ thì làm đơn trình bày cùng các minh ch ứng, P.ĐTĐH xem xét và n ếu 
hợp lệ sinh viên được phép dùng đi ểm cu ối kỳ thay cho đi ểm giữa kỳ. 
"
790/QĐ-ĐHCNTT,khoan,Khoản 1,,1/55/1,21001.0,"Thang đi ểm đánh giá và xếp loại 
Các lo ại điểm của học phần được đánh giá theo thang đi ểm 10. Các thang đi ểm khác 
chỉ mang tính tham kh ảo, chuy ển đổi khi c ần thiết. 
Bảng xếp loại và thang đi ểm tương ứng 
Loại Thang đi ểm 10 Thang đi ểm 100 Điểm 4 Điểm ch ữ Xếp loại 
Đạt 9,0 đ ến 10,0 Từ 90 đến 100 4,0 A+ Xuất sắc 
8,0 đ ến cận 9,0 Từ 80 đến cận 90 3,5 A Giỏi 
7,0 đ ến cận 8,0 Từ 70 đến cận 80 3,0 B+ Khá 
6,0 đ ến cận 7,0 Từ 60 đến cận 70 2,5 B Trung bình 
khá 
5,0 đ ến cận 6,0 Từ 50 đến cận 60 2,0 C Trung bình 
Không 
đạt 4,0 đ ến cận 5,0 Từ 40 đến cận 50 1,5 D+ Yếu 
3,0 đ ến cận 4,0 Từ 30 đến cận 40 1,0 D Kém 
Trang 19/27 
 < 3,0 Dưới 30 0,0 F"
790/QĐ-ĐHCNTT,khoan,Khoản 2,,1/55/2,21002.0,"Điểm cu ối cùng đ ể đánh giá một học phần được gọi là đi ểm học phần. Đi ểm học phần 
được đánh giá d ựa trên k ết quả học tập toàn di ện của sinh viên trong su ốt học kỳ đối với học 
phần đó. Mỗi môn h ọc có t ối đa 4 đi ểm thành ph ần: Cuối kỳ (bắt buộc phải có), Giữa kỳ, 
Thực hành (b ắt buộc phải có đ ối với những môn h ọc có tín ch ỉ thực hành) và Quá trình 
(gồm các đi ểm đư ợc cho trong quá trình h ọc như đi ểm bài t ập, thuy ết trình, chuyên c ần, …). 
Tỉ lệ các thành ph ần điểm và các hình th ức đánh giá c ủa mỗi thành ph ần điểm đư ợc ghi rõ 
trong Đ ề cương môn h ọc. Điểm thành ph ần được làm tròn đ ến 0,5. Cán bộ giảng dạy có 
trách nh iệm thông báo r ộng rãi đ ến sinh viên trong tu ần đầu tiên c ủa học kỳ về cách đánh 
giá môn h ọc. Điểm học phần là điểm trung bình tính theo h ệ số của các đi ềm thành ph ần, 
tính theo thang đi ểm 10 và đư ợc làm tròn đ ến 0,1."
790/QĐ-ĐHCNTT,khoan,Khoản 3,,1/55/3,21003.0,"Đối với các h ọc phần đã đăng ký học, sinh viên có trách nhi ệm th ực hiện đầy đủ và 
nghiêm túc m ọi yêu c ầu của cán b ộ giảng dạy về việc lên l ớp, làm bài t ập, thực hành, thí 
nghiệm, tham gia th ảo luận, dự kiểm tra gi ữa học phần và k ết thúc h ọc phần. Trong trư ờng 
hợp sinh viên có lý do chính đáng (ốm đau, tai n ạn, vi ệc gia đình đ ột xuất,…) không th ể 
tham d ự thi gi ữa kỳ thì làm đơn trình bày cùng các minh ch ứng, P.ĐTĐH xem xét và n ếu 
hợp lệ sinh viên được phép dùng đi ểm cu ối kỳ thay cho đi ểm giữa kỳ."
790/QĐ-ĐHCNTT,dieu,Điều 22,K hông hoàn tất học phần,1/56,57.0,"Trường hợp vì những lý do chính đáng không th ể dự thi, ki ểm tra ( ốm đau, tai n ạn, 
việc gia đình đ ột xuất,…), sinh viên được xem xét gi ải quy ết cho nh ận điểm chưa hoàn t ất 
học phần (hoãn thi), ký hi ệu bằng ch ữ I. 
1. Trước khi k ết thúc h ọc kỳ, sinh viên nộp đơn trình bày rõ lý do không th ể hoàn t ất học 
phần cùng các gi ấy tờ minh ch ứng cần thi ết cho cán b ộ giảng d ạy học ph ần đó và 
P.ĐTĐH. Trư ờng hợp đột xuất và có lý do chính đáng, sinh v iên ph ải nộp trong vòng 3 
ngày k ể từ ngày thi kết thúc h ọc phần để được xem xét. 
2. Cán b ộ giảng d ạy ph ụ trách h ọc phần, khoa/b ộ môn qu ản lý chương trình đào t ạo và 
P.ĐTĐH xem xét và quy ết định sinh viên có đư ợc nhận điểm I hay không. N ếu không 
được chấp thu ận, sinh viên t ự ý bỏ thi sẽ nhận điểm không (0) cho h ọc phần đó. 
3. Nếu được nhận điểm I, trong th ời gian t ối đa là 2 h ọc kỳ chính ti ếp theo, sinh viên ph ải 
làm đơn đăng ký thi l ại học phần đó. Sau khi thi, đi ểm I được điều chỉnh thành đi ểm mà 
sinh viên đ ạt được. Ngư ợc lại, nếu sinh viên không đăng ký thi l ại sau hai h ọc kỳ chính 
tiếp theo thì đi ểm I được điều chỉnh thành đi ểm không (0). 
4. Trư ờng hợp sinh viên vì lý do chính đáng không th ể dự thi gi ữa kỳ thì cán b ộ giảng dạy 
xem xét quy ết định phương án x ử lý và g ửi bảng đi ểm bổ sung (n ếu có) cho P.ĐTĐH . 
5. Số tín ch ỉ nhận điểm I trong h ọc kỳ của sinh viên không tính đ ể xét h ọc bổng khuy ến 
khích h ọc tập trong h ọc kỳ đó. 
"
790/QĐ-ĐHCNTT,khoan,Khoản 1,,1/56/1,22001.0,"Trước khi k ết thúc h ọc kỳ, sinh viên nộp đơn trình bày rõ lý do không th ể hoàn t ất học 
phần cùng các gi ấy tờ minh ch ứng cần thi ết cho cán b ộ giảng d ạy học ph ần đó và 
P.ĐTĐH. Trư ờng hợp đột xuất và có lý do chính đáng, sinh v iên ph ải nộp trong vòng 3 
ngày k ể từ ngày thi kết thúc h ọc phần để được xem xét."
790/QĐ-ĐHCNTT,khoan,Khoản 2,,1/56/2,22002.0,"Cán b ộ giảng d ạy ph ụ trách h ọc phần, khoa/b ộ môn qu ản lý chương trình đào t ạo và 
P.ĐTĐH xem xét và quy ết định sinh viên có đư ợc nhận điểm I hay không. N ếu không 
được chấp thu ận, sinh viên t ự ý bỏ thi sẽ nhận điểm không (0) cho h ọc phần đó."
790/QĐ-ĐHCNTT,khoan,Khoản 3,,1/56/3,22003.0,"Nếu được nhận điểm I, trong th ời gian t ối đa là 2 h ọc kỳ chính ti ếp theo, sinh viên ph ải 
làm đơn đăng ký thi l ại học phần đó. Sau khi thi, đi ểm I được điều chỉnh thành đi ểm mà 
sinh viên đ ạt được. Ngư ợc lại, nếu sinh viên không đăng ký thi l ại sau hai h ọc kỳ chính 
tiếp theo thì đi ểm I được điều chỉnh thành đi ểm không (0)."
790/QĐ-ĐHCNTT,khoan,Khoản 4,,1/56/4,22004.0,"Trư ờng hợp sinh viên vì lý do chính đáng không th ể dự thi gi ữa kỳ thì cán b ộ giảng dạy 
xem xét quy ết định phương án x ử lý và g ửi bảng đi ểm bổ sung (n ếu có) cho P.ĐTĐH ."
790/QĐ-ĐHCNTT,khoan,Khoản 5,,1/56/5,22005.0,"Số tín ch ỉ nhận điểm I trong h ọc kỳ của sinh viên không tính đ ể xét h ọc bổng khuy ến 
khích h ọc tập trong h ọc kỳ đó."
790/QĐ-ĐHCNTT,dieu,Điều 23,Điểm M iễn,1/57,58.0,"1. Điểm BL 
- Sinh viên đã thi đạt yêu cầu một học phần thuộc trình độ đại học ở một CSĐT khác 
trong thời gian không quá 5 năm nếu muốn xin miễn học phần đó thì cần phải làm 
Trang 20/27 
 đơn kèm theo xác nhận (số tiết học, số tín chỉ và điểm) gửi về P. ĐTĐH của Trường 
trong vòng 1 tháng sau khi bắt đầu học kỳ. Trường có thể yêu cầu sinh viên cung cấp 
đề cương chi tiết của học phần có xác nhận của nơi sinh viên đã học. Nếu được chấp 
thuận thì học phần đó được cho điểm mà sinh viên đã đạt và kèm theo chữ bảo lưu 
(BL). 
2. Điểm M 
- Trong trường hợp sinh viên đã đạt được kết quả cho một học phần thuộc trình độ đại 
học ở một CSĐT khác mà điểm không xác định cụ thể, sinh viên phải làm đơn kèm 
xác nhận về P. ĐTĐH để xem xét. P. ĐTĐH ghi điểm học phần bằng ký hiệu (M) để 
phân biệt với loại điểm mà sinh viên tích lũy được bằng cách thi. 
- Trong trường hợp sinh viên tham gia các kỳ thi quố c gia, quốc tế do Trường cử đi: 
o Đối với các học phần phù hợp chuyên môn của kỳ thi: Ngay sau kỳ thi, đơn vị 
lựa chọn sinh viên tham gia kỳ thi gửi đề nghị cho khoa/b ộ môn chịu trách 
nhiệm quản lý các môn học xét duyệt các học phần mà sinh viên được nhận đi ểm 
M hoặc điểm cụ thể. 
o Đối với các học phần không phù hợp chuyên môn của kỳ thi : 
▪ Nếu trùng thời gian thi cuối kỳ: sinh viên được nhận điểm I. 
▪ Nếu trùng thời gian kiểm tra giữa kỳ: sinh viên được dùng điểm cuối kỳ 
thay thế điểm giữa kỳ . 
3. Nếu không muốn nh ận điểm M hoặc mu ốn nh ận điểm cao hơn đi ểm đư ợc cho theo 
Khoản 2 Đi ều 24 này, sinh viên ph ải đăng ký h ọc và d ự thi học phần đó. 
"
790/QĐ-ĐHCNTT,khoan,Khoản 1,,1/57/1,23001.0,"Điểm BL 
- Sinh viên đã thi đạt yêu cầu một học phần thuộc trình độ đại học ở một CSĐT khác 
trong thời gian không quá 5 năm nếu muốn xin miễn học phần đó thì cần phải làm 
Trang 20/27 
 đơn kèm theo xác nhận (số tiết học, số tín chỉ và điểm) gửi về P. ĐTĐH của Trường 
trong vòng 1 tháng sau khi bắt đầu học kỳ. Trường có thể yêu cầu sinh viên cung cấp 
đề cương chi tiết của học phần có xác nhận của nơi sinh viên đã học. Nếu được chấp 
thuận thì học phần đó được cho điểm mà sinh viên đã đạt và kèm theo chữ bảo lưu 
(BL)."
790/QĐ-ĐHCNTT,khoan,Khoản 2,,1/57/2,23002.0,"Điểm M 
- Trong trường hợp sinh viên đã đạt được kết quả cho một học phần thuộc trình độ đại 
học ở một CSĐT khác mà điểm không xác định cụ thể, sinh viên phải làm đơn kèm 
xác nhận về P. ĐTĐH để xem xét. P. ĐTĐH ghi điểm học phần bằng ký hiệu (M) để 
phân biệt với loại điểm mà sinh viên tích lũy được bằng cách thi. 
- Trong trường hợp sinh viên tham gia các kỳ thi quố c gia, quốc tế do Trường cử đi: 
o Đối với các học phần phù hợp chuyên môn của kỳ thi: Ngay sau kỳ thi, đơn vị 
lựa chọn sinh viên tham gia kỳ thi gửi đề nghị cho khoa/b ộ môn chịu trách 
nhiệm quản lý các môn học xét duyệt các học phần mà sinh viên được nhận đi ểm 
M hoặc điểm cụ thể. 
o Đối với các học phần không phù hợp chuyên môn của kỳ thi : 
▪ Nếu trùng thời gian thi cuối kỳ: sinh viên được nhận điểm I. 
▪ Nếu trùng thời gian kiểm tra giữa kỳ: sinh viên được dùng điểm cuối kỳ 
thay thế điểm giữa kỳ ."
790/QĐ-ĐHCNTT,khoan,Khoản 3,,1/57/3,23003.0,"Nếu không muốn nh ận điểm M hoặc mu ốn nh ận điểm cao hơn đi ểm đư ợc cho theo 
Khoản 2 Đi ều 24 này, sinh viên ph ải đăng ký h ọc và d ự thi học phần đó."
790/QĐ-ĐHCNTT,dieu,Điều 24,Cách quản lý điểm,1/58,59.0,"1. Đi ểm trung bình h ọc kỳ (ĐTBHK) là điểm trung bình c ủa các h ọc phần mà sinh viên đã 
đăng ký học trong h ọc kỳ đó với trọng số là số tín ch ỉ của mỗi học phần (bao g ồm cả 
những học phần không đ ạt). ĐTBHK đư ợc dùng đ ể xét h ọc bổng, khen thư ởng, x ử lý 
học vụ sau m ỗi học kỳ. 
2. Đi ểm trung bình chung (ĐTBC) là đi ểm trung bình c ủa các h ọc phần mà sinh viên đã 
đăng ký h ọc từ lúc b ắt đầu khóa h ọc đến thời điểm đư ợc tính v ới trọng số là số tín ch ỉ 
của mỗi học phần (đư ợc tính theo đi ểm học phần cao nh ất trong các l ần học, bao g ồm cả 
những học phần không đ ạt). ĐTBC đư ợc dùng đ ể xét s ố tín ch ỉ được phép đăng ký trong 
học kỳ, học vư ợt, xét chuy ển ngành/chương trình, xét đi ều kiện làm khóa lu ận tốt 
nghiệp. 
3. Điểm trung bình chung tích lũy (ĐTBCTL) là đi ểm trung bình c ủa các h ọc phần mà sinh 
viên đã đăng ký h ọc từ lúc b ắt đầu khóa h ọc đến thời điểm đư ợc tính với trọng số là số 
tín ch ỉ đã đư ợc tích lũy (đạt từ 5,0 đi ểm trở lên) của mỗi học phần (đư ợc tính theo đi ểm 
học phần cao nh ất trong các l ần học). ĐTB CTL đư ợc tính khi sinh viên đ ủ điều kiện tốt 
nghiệp, đư ợc dùng đ ể phân lo ại kết quả học tập và x ếp hạng tốt nghi ệp. 
4. Cách tính ĐTBHK , ĐTB C, ĐTBCTL được quy đ ịnh tại Điều 26 của Quy ch ế này. 
5. Kết quả học tập của học kỳ hè (n ếu có) đư ợc tính chung vào h ọc kỳ liền kề trước đó. 
Trang 21/27 
 6. Học phần có k ết quả từ 5,0 đi ểm trở lên đư ợc bảo lưu khi sinh viên h ọc thêm m ột ngành 
học mới trong Trư ờng. Điểm bảo lưu được tính vào ĐTBC , ĐTBC TL. 
7. Không tính k ết quả thi các h ọc phần Giáo d ục quốc phòng -An ninh và Giáo d ục thể chất 
vào ĐTBHK , ĐTB C hoặc ĐTBCTL . Việc đánh giá k ết quả và đi ều kiện cấp chứng ch ỉ 
đối với học phần này theo quy đ ịnh riêng c ủa Bộ GD&ĐT. 
8. Điểm I, đi ểm M , điểm BL không đư ợc tính trong ĐTBHK, ĐTB C và ĐTBCTL . 
"
790/QĐ-ĐHCNTT,khoan,Khoản 1,,1/58/1,24001.0,"Đi ểm trung bình h ọc kỳ (ĐTBHK) là điểm trung bình c ủa các h ọc phần mà sinh viên đã 
đăng ký học trong h ọc kỳ đó với trọng số là số tín ch ỉ của mỗi học phần (bao g ồm cả 
những học phần không đ ạt). ĐTBHK đư ợc dùng đ ể xét h ọc bổng, khen thư ởng, x ử lý 
học vụ sau m ỗi học kỳ."
790/QĐ-ĐHCNTT,khoan,Khoản 2,,1/58/2,24002.0,"Đi ểm trung bình chung (ĐTBC) là đi ểm trung bình c ủa các h ọc phần mà sinh viên đã 
đăng ký h ọc từ lúc b ắt đầu khóa h ọc đến thời điểm đư ợc tính v ới trọng số là số tín ch ỉ 
của mỗi học phần (đư ợc tính theo đi ểm học phần cao nh ất trong các l ần học, bao g ồm cả 
những học phần không đ ạt). ĐTBC đư ợc dùng đ ể xét s ố tín ch ỉ được phép đăng ký trong 
học kỳ, học vư ợt, xét chuy ển ngành/chương trình, xét đi ều kiện làm khóa lu ận tốt 
nghiệp."
790/QĐ-ĐHCNTT,khoan,Khoản 3,,1/58/3,24003.0,"Điểm trung bình chung tích lũy (ĐTBCTL) là đi ểm trung bình c ủa các h ọc phần mà sinh 
viên đã đăng ký h ọc từ lúc b ắt đầu khóa h ọc đến thời điểm đư ợc tính với trọng số là số 
tín ch ỉ đã đư ợc tích lũy (đạt từ 5,0 đi ểm trở lên) của mỗi học phần (đư ợc tính theo đi ểm 
học phần cao nh ất trong các l ần học). ĐTB CTL đư ợc tính khi sinh viên đ ủ điều kiện tốt 
nghiệp, đư ợc dùng đ ể phân lo ại kết quả học tập và x ếp hạng tốt nghi ệp."
790/QĐ-ĐHCNTT,khoan,Khoản 4,,1/58/4,24004.0,"Cách tính ĐTBHK , ĐTB C, ĐTBCTL được quy đ ịnh tại Điều 26 của Quy ch ế này."
790/QĐ-ĐHCNTT,khoan,Khoản 5,,1/58/5,24005.0,"Kết quả học tập của học kỳ hè (n ếu có) đư ợc tính chung vào h ọc kỳ liền kề trước đó. 
Trang 21/27"
790/QĐ-ĐHCNTT,khoan,Khoản 6,,1/58/6,24006.0,"Học phần có k ết quả từ 5,0 đi ểm trở lên đư ợc bảo lưu khi sinh viên h ọc thêm m ột ngành 
học mới trong Trư ờng. Điểm bảo lưu được tính vào ĐTBC , ĐTBC TL."
790/QĐ-ĐHCNTT,khoan,Khoản 7,,1/58/7,24007.0,"Không tính k ết quả thi các h ọc phần Giáo d ục quốc phòng -An ninh và Giáo d ục thể chất 
vào ĐTBHK , ĐTB C hoặc ĐTBCTL . Việc đánh giá k ết quả và đi ều kiện cấp chứng ch ỉ 
đối với học phần này theo quy đ ịnh riêng c ủa Bộ GD&ĐT."
790/QĐ-ĐHCNTT,khoan,Khoản 8,,1/58/8,24008.0,"Điểm I, đi ểm M , điểm BL không đư ợc tính trong ĐTBHK, ĐTB C và ĐTBCTL ."
790/QĐ-ĐHCNTT,dieu,Điều 25,Cách tính điểm trung bình,1/59,60.0,"1. ĐTBHK , ĐTB C và ĐTBCTL được tính theo công th ức: 
 
1
1n
ii
i
n
i
ian
A
n=
=
=
 
 Trong đó: 
+ A là ĐTBHK , ĐTB C hoặc ĐTBCTL + a i là điểm của môn h ọc thứ i 
+ n i là số tín ch ỉ học tập của môn h ọc thứ i + n là t ổng số môn h ọc được tính . 
2. ĐTBHK , ĐTB C và ĐTBCTL được làm tròn đến 0,01. 
"
790/QĐ-ĐHCNTT,khoan,Khoản 1,,1/59/1,25001.0,"ĐTBHK , ĐTB C và ĐTBCTL được tính theo công th ức: 
 
1
1n
ii
i
n
i
ian
A
n=
=
=
 
 Trong đó: 
+ A là ĐTBHK , ĐTB C hoặc ĐTBCTL + a i là điểm của môn h ọc thứ i 
+ n i là số tín ch ỉ học tập của môn h ọc thứ i + n là t ổng số môn h ọc được tính ."
790/QĐ-ĐHCNTT,khoan,Khoản 2,,1/59/2,25002.0,"ĐTBHK , ĐTB C và ĐTBCTL được làm tròn đến 0,01."
790/QĐ-ĐHCNTT,dieu,Điều 6,Khoá học ................................ ................................ ................................ ............................... 8,1/6,7.0,
790/QĐ-ĐHCNTT,dieu,Điều 6,Khoá học ............................................................................................................................... 8,1/6,1006.0,Khoá học ............................................................................................................................... 8
790/QĐ-ĐHCNTT,dieu,Điều 6,Khoá học,1/6,1006.0,"1. Khóa học là thời gian thiết kế để sinh viên hoàn thành chương trình giáo dục của một
ngành chuyên môn ở trình độ đại học.
a) Đào tạo trình độ đại học được thực hiện từ 3 đến 5 năm đối với văn bằng 1; từ 2 năm
đến 3 năm học đối với văn bằng 2; từ 1,5 năm đến 2,5 năm học đối với liên thông.
b) Thời gian đào tạo văn bằng 1, liên thông, văn bằng 2 được xác định trên cơ sở học
phần và khối lượng tích lũy quy định cho từng chương trình;
2. Tùy theo khả năng học tập, sinh viên được kéo dài thời gian học tối đa 04 học kỳ chính."
790/QĐ-ĐHCNTT,khoan,Khoản 1,,1/6/1,6001.0,Khoá học ............................................................................................................................... 8
790/QĐ-ĐHCNTT,khoan,Khoản 1,,1/6/1,6001.0,"Khóa học là thời gian thiết kế để sinh viên hoàn thành chương trình giáo dục của một
ngành chuyên môn ở trình độ đại học.
a) Đào tạo trình độ đại học được thực hiện từ 3 đến 5 năm đối với văn bằng 1; từ 2 năm
đến 3 năm học đối với văn bằng 2; từ 1,5 năm đến 2,5 năm học đối với liên thông.
b) Thời gian đào tạo văn bằng 1, liên thông, văn bằng 2 được xác định trên cơ sở học
phần và khối lượng tích lũy quy định cho từng chương trình;"
790/QĐ-ĐHCNTT,diem,Điểm a),,1/6/1/a,6001.01,"Đào tạo trình độ đại học được thực hiện từ 3 đến 5 năm đối với văn bằng 1; từ 2 năm
đến 3 năm học đối với văn bằng 2; từ 1,5 năm đến 2,5 năm học đối với liên thông."
790/QĐ-ĐHCNTT,diem,Điểm b),,1/6/1/b,6001.02,"Thời gian đào tạo văn bằng 1, liên thông, văn bằng 2 được xác định trên cơ sở học
phần và khối lượng tích lũy quy định cho từng chương trình;"
790/QĐ-ĐHCNTT,khoan,Khoản 2,,1/6/2,6002.0,"Tùy theo khả năng học tập, sinh viên được kéo dài thời gian học tối đa 04 học kỳ chính."
790/QĐ-ĐHCNTT,dieu,Điều 26,Công nhận và chuyển đổi tín chỉ,1/60,61.0,"1. Trường có trách nhi ệm cấp giấy chứng nh ận kết quả môn h ọc của sinh viên khi hoàn t ất 
quá trình h ọc tập theo quy đ ịnh. 
2. Việc công nh ận và chuy ển đổi tín ch ỉ đối với đào t ạo từ xa, văn b ằng 2 và liên thông đư ợc 
thực hiện theo nguyên tắc sau: 
a) Sinh viên đư ợc công nh ận và chuy ển đổi tín ch ỉ đối với những môn h ọc đã tích lũy có 
từ 80% tr ở lên n ội dung tương đương v ới nội dung môn h ọc trong chương trình đào 
tạo; 
b) Căn c ứ chương trình môn h ọc và k ết quả trên b ảng đi ểm học tập của sinh viên, Hi ệu 
trưởng quy ết định vi ệc công nh ận kết quả học tập, kh ối lượng ki ến thức và các môn 
học cần phải bổ sung. 
3. Vi ệc công nh ận và chuy ển đổi tín ch ỉ của Trư ờng đảm bảo các nguyên t ắc sau: 
a) Kết quả đối sánh chu ẩn đầu ra, chương trình đào t ạo và n ội dung môn h ọc là cơ s ở cốt 
lõi cho vi ệc công nh ận và chuy ển đổi tín ch ỉ; 
b) Thông qua ý ki ến của đơn v ị phụ trách chuyên môn các h ọc phần có liên quan v ề việc 
công nh ận và chuy ển đổi tín ch ỉ. 
4. Công nh ận và chuy ển đổi tín ch ỉ theo các quy đ ịnh và ký k ết khác gi ữa ĐHQG -HCM và 
các đơn v ị đối tác. 
5. T ổng số tín ch ỉ chương trình đào t ạo chính quy của các cơ s ở đào t ạo ngoài trư ờng được 
công nh ận và chuy ển đổi không vư ợt quá 50% tổng số tín ch ỉ chương trình đào tạo của 
trường. 
Trang 22/27 
 6. Khi sinh viên đư ợc chuy ển từ chương trình chính quy c ủa Trư ờng sang chương trình đào 
tạo từ xa của Trư ờng thì đư ợc công nh ận chuy ển đổi tối đa số tín ch ỉ theo nguyên t ắc tại 
Khoản 3 của điều này. 
"
790/QĐ-ĐHCNTT,khoan,Khoản 1,,1/60/1,26001.0,"Trường có trách nhi ệm cấp giấy chứng nh ận kết quả môn h ọc của sinh viên khi hoàn t ất 
quá trình h ọc tập theo quy đ ịnh."
790/QĐ-ĐHCNTT,khoan,Khoản 2,,1/60/2,26002.0,"Việc công nh ận và chuy ển đổi tín ch ỉ đối với đào t ạo từ xa, văn b ằng 2 và liên thông đư ợc 
thực hiện theo nguyên tắc sau: 
a) Sinh viên đư ợc công nh ận và chuy ển đổi tín ch ỉ đối với những môn h ọc đã tích lũy có 
từ 80% tr ở lên n ội dung tương đương v ới nội dung môn h ọc trong chương trình đào 
tạo; 
b) Căn c ứ chương trình môn h ọc và k ết quả trên b ảng đi ểm học tập của sinh viên, Hi ệu 
trưởng quy ết định vi ệc công nh ận kết quả học tập, kh ối lượng ki ến thức và các môn 
học cần phải bổ sung."
790/QĐ-ĐHCNTT,diem,Điểm a),,1/60/2/a,26002.01,"Sinh viên đư ợc công nh ận và chuy ển đổi tín ch ỉ đối với những môn h ọc đã tích lũy có 
từ 80% tr ở lên n ội dung tương đương v ới nội dung môn h ọc trong chương trình đào 
tạo;"
790/QĐ-ĐHCNTT,diem,Điểm b),,1/60/2/b,26002.02,"Căn c ứ chương trình môn h ọc và k ết quả trên b ảng đi ểm học tập của sinh viên, Hi ệu 
trưởng quy ết định vi ệc công nh ận kết quả học tập, kh ối lượng ki ến thức và các môn 
học cần phải bổ sung."
790/QĐ-ĐHCNTT,khoan,Khoản 3,,1/60/3,26003.0,"Vi ệc công nh ận và chuy ển đổi tín ch ỉ của Trư ờng đảm bảo các nguyên t ắc sau: 
a) Kết quả đối sánh chu ẩn đầu ra, chương trình đào t ạo và n ội dung môn h ọc là cơ s ở cốt 
lõi cho vi ệc công nh ận và chuy ển đổi tín ch ỉ; 
b) Thông qua ý ki ến của đơn v ị phụ trách chuyên môn các h ọc phần có liên quan v ề việc 
công nh ận và chuy ển đổi tín ch ỉ."
790/QĐ-ĐHCNTT,diem,Điểm a),,1/60/3/a,26003.01,"Kết quả đối sánh chu ẩn đầu ra, chương trình đào t ạo và n ội dung môn h ọc là cơ s ở cốt 
lõi cho vi ệc công nh ận và chuy ển đổi tín ch ỉ;"
790/QĐ-ĐHCNTT,diem,Điểm b),,1/60/3/b,26003.02,"Thông qua ý ki ến của đơn v ị phụ trách chuyên môn các h ọc phần có liên quan v ề việc 
công nh ận và chuy ển đổi tín ch ỉ."
790/QĐ-ĐHCNTT,khoan,Khoản 4,,1/60/4,26004.0,"Công nh ận và chuy ển đổi tín ch ỉ theo các quy đ ịnh và ký k ết khác gi ữa ĐHQG -HCM và 
các đơn v ị đối tác."
790/QĐ-ĐHCNTT,khoan,Khoản 5,,1/60/5,26005.0,"T ổng số tín ch ỉ chương trình đào t ạo chính quy của các cơ s ở đào t ạo ngoài trư ờng được 
công nh ận và chuy ển đổi không vư ợt quá 50% tổng số tín ch ỉ chương trình đào tạo của 
trường. 
Trang 22/27"
790/QĐ-ĐHCNTT,khoan,Khoản 6,,1/60/6,26006.0,"Khi sinh viên đư ợc chuy ển từ chương trình chính quy c ủa Trư ờng sang chương trình đào 
tạo từ xa của Trư ờng thì đư ợc công nh ận chuy ển đổi tối đa số tín ch ỉ theo nguyên t ắc tại 
Khoản 3 của điều này."
790/QĐ-ĐHCNTT,dieu,Điều 27,C ấp bảng điểm,1/61,62.0,"1. Trong quá trình h ọc tập, sinh viên có th ể đề nghị Trường cấp bảng đi ểm. Sinh viên th ực 
hiện theo hư ớng dẫn của P.ĐTĐH . 
2. Sau khi t ốt nghi ệp, sinh viên đư ợc cấp một bảng đi ểm kèm theo b ằng tốt nghi ệp. 
Trang 23/27 
 CHƯƠNG 4. ỨNG DỤNG CÔ NG NGHỆ THÔNG TIN TRONG 
TỔ CHỨC - QUẢN LÝ ĐÀO TẠO 
"
790/QĐ-ĐHCNTT,khoan,Khoản 1,,1/61/1,27001.0,"Trong quá trình h ọc tập, sinh viên có th ể đề nghị Trường cấp bảng đi ểm. Sinh viên th ực 
hiện theo hư ớng dẫn của P.ĐTĐH ."
790/QĐ-ĐHCNTT,khoan,Khoản 2,,1/61/2,27002.0,"Sau khi t ốt nghi ệp, sinh viên đư ợc cấp một bảng đi ểm kèm theo b ằng tốt nghi ệp. 
Trang 23/27 
 CHƯƠNG 4. ỨNG DỤNG CÔ NG NGHỆ THÔNG TIN TRONG 
TỔ CHỨC - QUẢN LÝ ĐÀO TẠO"
790/QĐ-ĐHCNTT,dieu,Điều 28,Ứng dụng công nghệ thông tin trong tổ chức đào tạo,1/62,63.0,"1. Ứng dụng công ngh ệ thông tin trong t ổ chức đào t ạo qua m ạng là vi ệc sử dụng các trang 
thiết bị điện tử, phần mềm, h ọc liệu điện tử và m ạng vi ễn thông (ch ủ yếu là m ạng 
Internet) cho các ho ạt động gi ảng dạy và học tập nhằm đổi mới phương pháp d ạy - học, 
nâng cao hi ệu quả công tác đào t ạo. 
2. Môn h ọc đào t ạo qua m ạng có th ể được tổ chức đào t ạo theo phương th ức qua m ạng 
hoàn toàn (bao g ồm cả phương th ức trực tuy ến) hoặc phương th ức kết hợp đào t ạo qua 
mạng (ch ỉ triển khai m ột phần nội dung môn h ọc qua m ạng). Đơn v ị quản lý chuyên môn 
đối với môn h ọc đào t ạo qua m ạng có trách nhi ệm đảm bảo chất lượng gi ảng d ạy và 
đánh giá môn h ọc không th ấp hơn ch ất lượng lớp học theo phương th ức trực tiếp. 
3. Đối với đào t ạo theo hình th ức chính quy, t ối đa 30% t ổng kh ối lượng của chương trình 
đào t ạo đư ợc thực hiện bằng phương th ức qua m ạng. Trong trư ờng hợp thiên tai, d ịch 
bệnh phức tạp và các trư ờng hợp bất khả kháng khác, Trường thực hiện theo hư ớng dẫn 
của Bộ Giáo d ục và Đào t ạo và của ĐHQG -HCM . 
4. Tổ chức giảng dạy và h ọc theo phương th ức trực tuy ến thực hiện theo quy đ ịnh gi ảng dạy 
trực tuy ến của Trư ờng. 
"
790/QĐ-ĐHCNTT,khoan,Khoản 1,,1/62/1,28001.0,"Ứng dụng công ngh ệ thông tin trong t ổ chức đào t ạo qua m ạng là vi ệc sử dụng các trang 
thiết bị điện tử, phần mềm, h ọc liệu điện tử và m ạng vi ễn thông (ch ủ yếu là m ạng 
Internet) cho các ho ạt động gi ảng dạy và học tập nhằm đổi mới phương pháp d ạy - học, 
nâng cao hi ệu quả công tác đào t ạo."
790/QĐ-ĐHCNTT,khoan,Khoản 2,,1/62/2,28002.0,"Môn h ọc đào t ạo qua m ạng có th ể được tổ chức đào t ạo theo phương th ức qua m ạng 
hoàn toàn (bao g ồm cả phương th ức trực tuy ến) hoặc phương th ức kết hợp đào t ạo qua 
mạng (ch ỉ triển khai m ột phần nội dung môn h ọc qua m ạng). Đơn v ị quản lý chuyên môn 
đối với môn h ọc đào t ạo qua m ạng có trách nhi ệm đảm bảo chất lượng gi ảng d ạy và 
đánh giá môn h ọc không th ấp hơn ch ất lượng lớp học theo phương th ức trực tiếp."
790/QĐ-ĐHCNTT,khoan,Khoản 3,,1/62/3,28003.0,"Đối với đào t ạo theo hình th ức chính quy, t ối đa 30% t ổng kh ối lượng của chương trình 
đào t ạo đư ợc thực hiện bằng phương th ức qua m ạng. Trong trư ờng hợp thiên tai, d ịch 
bệnh phức tạp và các trư ờng hợp bất khả kháng khác, Trường thực hiện theo hư ớng dẫn 
của Bộ Giáo d ục và Đào t ạo và của ĐHQG -HCM ."
790/QĐ-ĐHCNTT,khoan,Khoản 4,,1/62/4,28004.0,"Tổ chức giảng dạy và h ọc theo phương th ức trực tuy ến thực hiện theo quy đ ịnh gi ảng dạy 
trực tuy ến của Trư ờng."
790/QĐ-ĐHCNTT,dieu,Điều 29,Ứng dụng công nghệ thông tin trong quản lý cơ sở dữ liệu đào tạo,1/63,64.0,"1. Ứng dụng công ngh ệ thông tin trong qu ản lý là vi ệc sử dụng công ngh ệ thông tin vào 
hoạt động qu ản lý nh ằm nâng cao ch ất lượng, hi ệu quả của hoạt động này. Các ho ạt động 
ứng dụng công ngh ệ thông tin trong qu ản lý bao g ồm: qu ản lý công văn, gi ấy tờ và các 
thông báo, qu ản lý gi ảng viên, phân công gi ảng dạy, lập thời khóa bi ểu cho toàn b ộ các 
lớp môn h ọc, qu ản lý phòng h ọc, qu ản lý cơ s ở vật chất phục vụ giảng dạy, qu ản lý h ồ sơ 
sinh viên, giám sát đánh giá có tính đ ịnh lư ợng sự vận hành c ủa Trường. 
2. Việc quản lý h ồ sơ sinh viên đư ợc thực hiện theo quy đ ịnh về hồ sơ học sinh, sinh viên 
và các quy đ ịnh hi ện hành c ủa Bộ GD&ĐT về ứng dụng công ngh ệ thông tin trong qu ản 
lý hồ sơ học sinh, sinh viên. 
"
790/QĐ-ĐHCNTT,khoan,Khoản 1,,1/63/1,29001.0,"Ứng dụng công ngh ệ thông tin trong qu ản lý là vi ệc sử dụng công ngh ệ thông tin vào 
hoạt động qu ản lý nh ằm nâng cao ch ất lượng, hi ệu quả của hoạt động này. Các ho ạt động 
ứng dụng công ngh ệ thông tin trong qu ản lý bao g ồm: qu ản lý công văn, gi ấy tờ và các 
thông báo, qu ản lý gi ảng viên, phân công gi ảng dạy, lập thời khóa bi ểu cho toàn b ộ các 
lớp môn h ọc, qu ản lý phòng h ọc, qu ản lý cơ s ở vật chất phục vụ giảng dạy, qu ản lý h ồ sơ 
sinh viên, giám sát đánh giá có tính đ ịnh lư ợng sự vận hành c ủa Trường."
790/QĐ-ĐHCNTT,khoan,Khoản 2,,1/63/2,29002.0,"Việc quản lý h ồ sơ sinh viên đư ợc thực hiện theo quy đ ịnh về hồ sơ học sinh, sinh viên 
và các quy đ ịnh hi ện hành c ủa Bộ GD&ĐT về ứng dụng công ngh ệ thông tin trong qu ản 
lý hồ sơ học sinh, sinh viên."
790/QĐ-ĐHCNTT,dieu,Điều 30,Công bố thông tin,1/64,65.0,"1. Trường xây d ựng trang thông tin đi ện tử để công b ố công khai chu ẩn đầu ra, n ội dung 
chương trình đào t ạo, điều kiện đảm bảo chất lượng đào t ạo tương ứng với quy mô theo 
chỉ tiêu hàng năm, quy đ ịnh học vụ và ch o phép ngư ời sử dụng tra c ứu thông tin cơ b ản 
của sinh viên t ốt nghi ệp theo s ố hiệu tương ứng trên văn b ằng ch ứng ch ỉ do Trường cấp. 
2. Hộp thư đi ện tử (email) được Trường cung c ấp cho t ừng sinh viên vào th ời điểm nh ập 
học là kênh giao ti ếp chính th ức giữa Trường với sinh viên. 
 
 
 
Trang 24/27 
 CHƯƠNG 5. THỰC TẬP, KHÓA LUẬN TỐT NGHIỆP VÀ CÔNG 
NHẬN TỐT NGHIỆP 
"
790/QĐ-ĐHCNTT,khoan,Khoản 1,,1/64/1,30001.0,"Trường xây d ựng trang thông tin đi ện tử để công b ố công khai chu ẩn đầu ra, n ội dung 
chương trình đào t ạo, điều kiện đảm bảo chất lượng đào t ạo tương ứng với quy mô theo 
chỉ tiêu hàng năm, quy đ ịnh học vụ và ch o phép ngư ời sử dụng tra c ứu thông tin cơ b ản 
của sinh viên t ốt nghi ệp theo s ố hiệu tương ứng trên văn b ằng ch ứng ch ỉ do Trường cấp."
790/QĐ-ĐHCNTT,khoan,Khoản 2,,1/64/2,30002.0,"Hộp thư đi ện tử (email) được Trường cung c ấp cho t ừng sinh viên vào th ời điểm nh ập 
học là kênh giao ti ếp chính th ức giữa Trường với sinh viên. 
 
 
 
Trang 24/27 
 CHƯƠNG 5. THỰC TẬP, KHÓA LUẬN TỐT NGHIỆP VÀ CÔNG 
NHẬN TỐT NGHIỆP"
790/QĐ-ĐHCNTT,dieu,Điều 31,"Thực tập, khóa luận tốt nghiệp và chuyên đề tốt nghiệp",1/65,66.0,"1. Thực tập 
- Học phần Thực tập doanh nghiệp là học phần đặc biệt trong một số chương trình đào 
tạo của Trường . Theo đ ó, sinh viên đến thực tập tại doanh nghiệp dưới sự hướng dẫn 
của một giảng viên do khoa/bộ môn quản lý ngành đào tạo phân công. 
- Khoa/bộ môn quản lý ngành đào tạo tổ chức báo cáo kết quả thực tập doanh nghiệp 
cuối mỗi học kỳ có mở học phần Thực tập doanh nghiệp . 
- Sinh viên đăng ký học phần Thực tập doanh nghiệp trong học kỳ nào thì báo cáo kết 
quả thực tập vào cuối học kỳ đó theo kế hoạch của khoa/bộ môn quản lý ngành đào 
tạo. Nếu sinh viên không báo cáo vào đúng đợt báo cáo của học kỳ đã đăng ký thì 
xem như không đạt học phần này và nhận điểm không (0). Sinh viên phải đăng ký 
học lại vào các học kỳ tiếp theo. 
2. Để hoàn t ất chương trình giáo d ục bậc đại học, sinh viên ph ải thực hiện khóa lu ận tốt 
nghiệp ho ặc học các môn chuyên đ ề tốt nghi ệp. Quy đ ịnh v ề các môn chuyên đ ề tốt 
nghiệp được ghi rõ trong chương trình đào t ạo. 
3. Làm khóa lu ận tốt nghi ệp 
- Vào đầu mỗi học kỳ chính, sinh viên đủ điều kiện quy định có thể đăng ký làm khóa 
luận tốt nghiệp theo quy trình đăng ký học phần. 
- Sinh viên chương trình tiên tiến và chương trình tài năng bắt buộc phải làm khóa luậ n 
tốt nghiệp. 
- Sinh viên chương trình chuẩn được làm khóa luận tốt nghiệp khi thỏa các yêu cầ u 
sau: 
▪ Không được phép nợ quá 8 tín chỉ theo chương trình đào tạo. 
▪ Có ĐTBC tính đến thời điểm xét làm khóa luận tốt nghiệp tối thiểu 6, 5 hoặc 
cao hơn theo yêu cầu cụ thể của khoa/bộ môn quản lý ngành đào tạo. 
▪ Trường hợp đặc biệt do Hiệu trưởng quyết định. 
- Sinh viên đủ điều kiện làm khóa luận được khoa/bộ môn quản lý ngành đào tạ o giao 
đề tài khóa luận tốt nghiệp . Căn cứ đề nghị của Trưởng khoa/Trưởng bộ môn quản lý 
ngành đào tạo và Trưởng P.ĐTĐH, Hiệu trưởng ra quyết định giao nhiệm vụ hướng 
dẫn khóa luận tốt nghiệp. 
- Sinh viên thực hiện khóa luận tốt nghiệp trong thời gian là một học kỳ chính. 
- Sinh viên chỉ được bảo vệ khóa luận khi đã hoàn thành khóa luận và được sự đồ ng ý 
bằng văn bản của cán bộ hướng dẫn. 
- Hằng năm có 2 đợt bảo vệ khóa luận tốt nghiệp được xác định cụ thể trên kế hoạch 
đào tạo của Trường. Nếu hết thời gian thực hiện khóa luận theo quy định mà sinh 
viên không ra bảo vệ hoặc không được cán bộ hướng dẫn đồng ý cho ra bảo vệ vào 
đúng đợt chính thức xem như không đạt học phần này, điểm được ghi là không (0). 
Trang 25/27 
"
790/QĐ-ĐHCNTT,khoan,Khoản 1,,1/65/1,31001.0,"Thực tập 
- Học phần Thực tập doanh nghiệp là học phần đặc biệt trong một số chương trình đào 
tạo của Trường . Theo đ ó, sinh viên đến thực tập tại doanh nghiệp dưới sự hướng dẫn 
của một giảng viên do khoa/bộ môn quản lý ngành đào tạo phân công. 
- Khoa/bộ môn quản lý ngành đào tạo tổ chức báo cáo kết quả thực tập doanh nghiệp 
cuối mỗi học kỳ có mở học phần Thực tập doanh nghiệp . 
- Sinh viên đăng ký học phần Thực tập doanh nghiệp trong học kỳ nào thì báo cáo kết 
quả thực tập vào cuối học kỳ đó theo kế hoạch của khoa/bộ môn quản lý ngành đào 
tạo. Nếu sinh viên không báo cáo vào đúng đợt báo cáo của học kỳ đã đăng ký thì 
xem như không đạt học phần này và nhận điểm không (0). Sinh viên phải đăng ký 
học lại vào các học kỳ tiếp theo."
790/QĐ-ĐHCNTT,khoan,Khoản 2,,1/65/2,31002.0,"Để hoàn t ất chương trình giáo d ục bậc đại học, sinh viên ph ải thực hiện khóa lu ận tốt 
nghiệp ho ặc học các môn chuyên đ ề tốt nghi ệp. Quy đ ịnh v ề các môn chuyên đ ề tốt 
nghiệp được ghi rõ trong chương trình đào t ạo."
790/QĐ-ĐHCNTT,khoan,Khoản 3,,1/65/3,31003.0,"Làm khóa lu ận tốt nghi ệp 
- Vào đầu mỗi học kỳ chính, sinh viên đủ điều kiện quy định có thể đăng ký làm khóa 
luận tốt nghiệp theo quy trình đăng ký học phần. 
- Sinh viên chương trình tiên tiến và chương trình tài năng bắt buộc phải làm khóa luậ n 
tốt nghiệp. 
- Sinh viên chương trình chuẩn được làm khóa luận tốt nghiệp khi thỏa các yêu cầ u 
sau: 
▪ Không được phép nợ quá 8 tín chỉ theo chương trình đào tạo. 
▪ Có ĐTBC tính đến thời điểm xét làm khóa luận tốt nghiệp tối thiểu 6, 5 hoặc 
cao hơn theo yêu cầu cụ thể của khoa/bộ môn quản lý ngành đào tạo. 
▪ Trường hợp đặc biệt do Hiệu trưởng quyết định. 
- Sinh viên đủ điều kiện làm khóa luận được khoa/bộ môn quản lý ngành đào tạ o giao 
đề tài khóa luận tốt nghiệp . Căn cứ đề nghị của Trưởng khoa/Trưởng bộ môn quản lý 
ngành đào tạo và Trưởng P.ĐTĐH, Hiệu trưởng ra quyết định giao nhiệm vụ hướng 
dẫn khóa luận tốt nghiệp. 
- Sinh viên thực hiện khóa luận tốt nghiệp trong thời gian là một học kỳ chính. 
- Sinh viên chỉ được bảo vệ khóa luận khi đã hoàn thành khóa luận và được sự đồ ng ý 
bằng văn bản của cán bộ hướng dẫn. 
- Hằng năm có 2 đợt bảo vệ khóa luận tốt nghiệp được xác định cụ thể trên kế hoạch 
đào tạo của Trường. Nếu hết thời gian thực hiện khóa luận theo quy định mà sinh 
viên không ra bảo vệ hoặc không được cán bộ hướng dẫn đồng ý cho ra bảo vệ vào 
đúng đợt chính thức xem như không đạt học phần này, điểm được ghi là không (0). 
Trang 25/27"
790/QĐ-ĐHCNTT,dieu,Điều 32,"Chấm thực tập , khóa luận tốt nghiệp",1/66,67.0,"1. Ch ấm thực tập doanh nghi ệp : 
Trưởng khoa t ổ chức hội đồng chấm kết quả thực tập doanh nghi ệp. Số thành viên c ủa 
hội đồng ch ấm thực tập doanh nghi ệp là 3 ngư ời. 
Điểm ch ấm thực tập doanh nghi ệp của mỗi thành viên h ội đồng đư ợc cho theo thang 
điểm 10 (làm tròn đ ến 0,5) ; điểm tổng kết là trung bình c ộng làm tròn đ ến 0,1 c ủa các 
thành viên h ội đồng (không tính h ệ số). 
2. Chấm khóa luận tốt nghiệp : 
Việc chấm kết quả khóa lu ận tốt nghi ệp được thực hiện bởi hội đồng do khoa/b ộ môn 
quản lý ngành đào t ạo đề nghị và Hi ệu trư ởng ký quy ết định thành l ập. Số thành viên 
của hội đồng ch ấm khóa lu ận tốt nghi ệp là 3 ngư ời, bao g ồm: ch ủ tịch, ủy viên thư 
ký và ủy viên. Cán b ộ hướng dẫn không được là thành viên h ội đồng. Chủ tịch và ủy 
viên thư ký h ội đồng không đư ợc kiêm nhi ệm vai trò ph ản biện. Thành viên c ủa hội 
đồng là gi ảng viên c ủa Trư ờng ho ặc có th ể mời những ngư ời có chuyên môn phù h ợp 
ở ngoài Trư ờng. 
Điểm chấm khóa luận cho theo thang điểm 10 (lẻ đến 0,5) của mỗi thành viên hội 
đồng, người hướng dẫn và người phản biện. Điểm tổng kết là trung bình cộng (làm 
tròn đến 0,1) , trong đó : 
o Điểm được cho bởi các thành viên hội đồng không phải là người phản biện có 
hệ số 1. 
o Điểm được cho bởi người hướng dẫn và người phản biện có hệ số 2 . 
Các quy đ ịnh chi ti ết khác v ề khóa lu ận tốt nghi ệp có quy đ ịnh riêng. 
3. K ết quả chấm thực tập, khóa lu ận tốt nghi ệp phải được công b ố chậm nh ất trong vòng 01 
tuần sau ngày báo cáo thực tập/bảo vệ khóa lu ận tốt nghi ệp. 
"
790/QĐ-ĐHCNTT,khoan,Khoản 1,,1/66/1,32001.0,"Ch ấm thực tập doanh nghi ệp : 
Trưởng khoa t ổ chức hội đồng chấm kết quả thực tập doanh nghi ệp. Số thành viên c ủa 
hội đồng ch ấm thực tập doanh nghi ệp là 3 ngư ời. 
Điểm ch ấm thực tập doanh nghi ệp của mỗi thành viên h ội đồng đư ợc cho theo thang 
điểm 10 (làm tròn đ ến 0,5) ; điểm tổng kết là trung bình c ộng làm tròn đ ến 0,1 c ủa các 
thành viên h ội đồng (không tính h ệ số)."
790/QĐ-ĐHCNTT,khoan,Khoản 2,,1/66/2,32002.0,"Chấm khóa luận tốt nghiệp : 
Việc chấm kết quả khóa lu ận tốt nghi ệp được thực hiện bởi hội đồng do khoa/b ộ môn 
quản lý ngành đào t ạo đề nghị và Hi ệu trư ởng ký quy ết định thành l ập. Số thành viên 
của hội đồng ch ấm khóa lu ận tốt nghi ệp là 3 ngư ời, bao g ồm: ch ủ tịch, ủy viên thư 
ký và ủy viên. Cán b ộ hướng dẫn không được là thành viên h ội đồng. Chủ tịch và ủy 
viên thư ký h ội đồng không đư ợc kiêm nhi ệm vai trò ph ản biện. Thành viên c ủa hội 
đồng là gi ảng viên c ủa Trư ờng ho ặc có th ể mời những ngư ời có chuyên môn phù h ợp 
ở ngoài Trư ờng. 
Điểm chấm khóa luận cho theo thang điểm 10 (lẻ đến 0,5) của mỗi thành viên hội 
đồng, người hướng dẫn và người phản biện. Điểm tổng kết là trung bình cộng (làm 
tròn đến 0,1) , trong đó : 
o Điểm được cho bởi các thành viên hội đồng không phải là người phản biện có 
hệ số 1. 
o Điểm được cho bởi người hướng dẫn và người phản biện có hệ số 2 . 
Các quy đ ịnh chi ti ết khác v ề khóa lu ận tốt nghi ệp có quy đ ịnh riêng."
790/QĐ-ĐHCNTT,khoan,Khoản 3,,1/66/3,32003.0,"K ết quả chấm thực tập, khóa lu ận tốt nghi ệp phải được công b ố chậm nh ất trong vòng 01 
tuần sau ngày báo cáo thực tập/bảo vệ khóa lu ận tốt nghi ệp."
790/QĐ-ĐHCNTT,dieu,Điều 33,Điều kiện xét tốt nghiệp và công nhận tốt nghiệp,1/67,68.0,"1. Mỗi năm Trư ờng có 4 đợt xét t ốt nghi ệp và c ấp bằng tốt nghi ệp đại học, lịch xét t ốt 
nghiệp được ghi trong k ế hoạch năm h ọc. Để được Trư ờng xét cấp bằng tốt nghi ệp, sinh 
viên nộp hồ sơ đề nghị xét tốt nghi ệp khi đã đáp ứng đủ các đi ều kiện sau đây : 
- Cho đ ến thời điểm xét t ốt nghi ệp, sinh viên không đang trong thời gian bị truy c ứu 
trách nhi ệm hình s ự hoặc bị kỷ luật từ mức đình chỉ học tập trở lên. 
- Đã hoàn thành nghĩa v ụ học phí. 
- Đã hoàn thành các môn h ọc, tích lũy đ ủ số tín ch ỉ theo đúng chương trình đào t ạo. 
- Đã h oàn thành các môn h ọc Giáo d ục thể chất. 
- Có ch ứng ch ỉ Giáo d ục quốc phòng -An ninh . 
- Đạt chu ẩn ngoại ngữ xét tốt nghi ệp. 
- Đạt điểm rèn luy ện tích lũy t ối thiểu là 50 đi ểm. 
- Đã hoàn tr ả sách mư ợn cho Thư vi ện. 
2. Căn c ứ biên b ản và đ ề nghị của Hội đồng xét t ốt nghi ệp, Hi ệu trư ởng ký quy ết định 
công nh ận tốt nghi ệp cho nh ững sinh viên đ ủ điều kiện theo quy đ ịnh. 
Trang 26/27 
 3. Hội đồng xét t ốt nghi ệp do Hi ệu trư ởng ho ặc Phó Hi ệu trư ởng đư ợc Hiệu trư ởng ủy 
quyền làm Ch ủ tịch, Trư ởng phòng hoặc Phó Trưởng phòng Đào t ạo Đại học làm thư ký ; 
các thành viên khác là lãnh đ ạo các khoa quản lý ngành đào t ạo, lãnh đ ạo Phòng Công 
tác Sinh viên. 
4. Sinh viên đ ủ điều kiện tốt nghi ệp được Hiệu trư ởng ra quy ết định công nh ận tốt nghi ệp và 
được cấp bằng tốt nghi ệp trong vòng 03 tháng tính t ừ ngày có quy ết định công nh ận tốt 
nghiệp. 
"
790/QĐ-ĐHCNTT,khoan,Khoản 1,,1/67/1,33001.0,"Mỗi năm Trư ờng có 4 đợt xét t ốt nghi ệp và c ấp bằng tốt nghi ệp đại học, lịch xét t ốt 
nghiệp được ghi trong k ế hoạch năm h ọc. Để được Trư ờng xét cấp bằng tốt nghi ệp, sinh 
viên nộp hồ sơ đề nghị xét tốt nghi ệp khi đã đáp ứng đủ các đi ều kiện sau đây : 
- Cho đ ến thời điểm xét t ốt nghi ệp, sinh viên không đang trong thời gian bị truy c ứu 
trách nhi ệm hình s ự hoặc bị kỷ luật từ mức đình chỉ học tập trở lên. 
- Đã hoàn thành nghĩa v ụ học phí. 
- Đã hoàn thành các môn h ọc, tích lũy đ ủ số tín ch ỉ theo đúng chương trình đào t ạo. 
- Đã h oàn thành các môn h ọc Giáo d ục thể chất. 
- Có ch ứng ch ỉ Giáo d ục quốc phòng -An ninh . 
- Đạt chu ẩn ngoại ngữ xét tốt nghi ệp. 
- Đạt điểm rèn luy ện tích lũy t ối thiểu là 50 đi ểm. 
- Đã hoàn tr ả sách mư ợn cho Thư vi ện."
790/QĐ-ĐHCNTT,khoan,Khoản 2,,1/67/2,33002.0,"Căn c ứ biên b ản và đ ề nghị của Hội đồng xét t ốt nghi ệp, Hi ệu trư ởng ký quy ết định 
công nh ận tốt nghi ệp cho nh ững sinh viên đ ủ điều kiện theo quy đ ịnh. 
Trang 26/27"
790/QĐ-ĐHCNTT,khoan,Khoản 3,,1/67/3,33003.0,"Hội đồng xét t ốt nghi ệp do Hi ệu trư ởng ho ặc Phó Hi ệu trư ởng đư ợc Hiệu trư ởng ủy 
quyền làm Ch ủ tịch, Trư ởng phòng hoặc Phó Trưởng phòng Đào t ạo Đại học làm thư ký ; 
các thành viên khác là lãnh đ ạo các khoa quản lý ngành đào t ạo, lãnh đ ạo Phòng Công 
tác Sinh viên."
790/QĐ-ĐHCNTT,khoan,Khoản 4,,1/67/4,33004.0,"Sinh viên đ ủ điều kiện tốt nghi ệp được Hiệu trư ởng ra quy ết định công nh ận tốt nghi ệp và 
được cấp bằng tốt nghi ệp trong vòng 03 tháng tính t ừ ngày có quy ết định công nh ận tốt 
nghiệp."
790/QĐ-ĐHCNTT,dieu,Điều 34,Cấp bằng tốt nghiệp,1/68,69.0,"1. Bằng tốt nghi ệp được cấp theo ngành đào t ạo. Bằng ch ỉ được cấp cho sinh viên khi đã 
ghi đ ầy đủ, chính xác các n ội dung trên b ằng. 
2. Xếp loại tốt nghi ệp đư ợc xác đ ịnh dựa trên ĐTBCTL theo b ảng xếp loại quy đ ịnh tại 
Khoản 1, Đi ều 21 c ủa Quy ch ế này. Riêng đối với những sinh viên có k ết quả học tập 
toàn khóa đ ạt ""Xu ất sắc"", lo ại tốt nghi ệp sẽ giảm xuống 1 bậc nếu rơi vào các trư ờng 
hợp sau (nếu đồng th ời rơi vào nhi ều trư ờng hợp thì cũng ch ỉ giảm 1 b ậc): 
- Có thời gian học tập tại Trường vượt quá 02 học kỳ so với thời gian thiết kế 
chương trình đào tạo . 
- Trong thời gian học, đã bị kỷ luậ t mức cảnh cáo trở lên. 
- Có số tín chỉ học lại vượt quá 5% tổng số tín chỉ toàn khóa. 
- Điểm rèn luyện toàn khóa học < 75 điểm. 
3. Kết quả học tập của sinh viên ph ải được ghi vào b ảng đi ểm theo t ừng học phần. Trong 
bảng đi ểm ghi rõ chuyên ngành (n ếu có) và đi ểm rèn luy ện toàn khóa h ọc. 
4. Những sinh viên không đ ủ điều kiện cấp bằng tốt nghi ệp nhưng chưa h ết thời gian t ối đa 
được phép h ọc, đư ợc bảo lưu các h ọc phần có k ết quả đạt. Trong th ời gian t ối đa đư ợc 
phép h ọc như quy đ ịnh tại Kho ản 2, Đi ều 6 c ủa Quy ch ế này, sinh viên đư ợc đăng ký 
học lại những học phần chưa đ ạt hoặc chưa h ọc. 
5. Trường hợp sinh viên đư ợc cho thôi h ọc theo m ục b Kho ản 3 Đi ều 16 c ủa quy ch ế này 
sinh viên được hoàn thi ện các đi ều kiện còn thi ếu và đ ề nghị xét công nh ận tốt nghi ệp. 
6. Những sinh viên đã hết thời hạn tối đa đư ợc phép h ọc nhưng không đ ủ điều kiện cấp 
bằng tốt nghi ệp hoặc đã thôi h ọc được đề nghị Trường cấp giấy chứng nh ận kết quả học 
tập của các h ọc phần đã tích lũy trong quá trình h ọc tại Trường. 
 
 
 
 
 
 
 
 
Trang 27/27 
 CHƯƠNG 6. ĐIỀU KHOẢN THI HÀNH 
1. Quy ch ế có hi ệu lực kể từ học kỳ 1 năm h ọc 2022-2023. 
2. Trong quá trình th ực hiện, quy ch ế này c ó thể được sửa đổi, bổ sung phù h ợp 
với yêu c ầu thực tế, theo các quy đ ịnh của Nhà nước và quy đ ịnh của ĐHQG -HCM . 
 
 KT. HI ỆU TRƯ ỞNG 
 PHÓ HIỆU TRƯ ỞNG 
 
 
 
 
 Nguy ễn Lưu Thùy Ngân 
 "
790/QĐ-ĐHCNTT,khoan,Khoản 1,,1/68/1,34001.0,"Bằng tốt nghi ệp được cấp theo ngành đào t ạo. Bằng ch ỉ được cấp cho sinh viên khi đã 
ghi đ ầy đủ, chính xác các n ội dung trên b ằng."
790/QĐ-ĐHCNTT,khoan,Khoản 1,,1/68/1,34001.0,Quy ch ế có hi ệu lực kể từ học kỳ 1 năm h ọc 2022-2023.
790/QĐ-ĐHCNTT,khoan,Khoản 2,,1/68/2,34002.0,"Xếp loại tốt nghi ệp đư ợc xác đ ịnh dựa trên ĐTBCTL theo b ảng xếp loại quy đ ịnh tại 
Khoản 1, Đi ều 21 c ủa Quy ch ế này. Riêng đối với những sinh viên có k ết quả học tập 
toàn khóa đ ạt ""Xu ất sắc"", lo ại tốt nghi ệp sẽ giảm xuống 1 bậc nếu rơi vào các trư ờng 
hợp sau (nếu đồng th ời rơi vào nhi ều trư ờng hợp thì cũng ch ỉ giảm 1 b ậc): 
- Có thời gian học tập tại Trường vượt quá 02 học kỳ so với thời gian thiết kế 
chương trình đào tạo . 
- Trong thời gian học, đã bị kỷ luậ t mức cảnh cáo trở lên. 
- Có số tín chỉ học lại vượt quá 5% tổng số tín chỉ toàn khóa. 
- Điểm rèn luyện toàn khóa học < 75 điểm."
790/QĐ-ĐHCNTT,khoan,Khoản 2,,1/68/2,34002.0,"Trong quá trình th ực hiện, quy ch ế này c ó thể được sửa đổi, bổ sung phù h ợp 
với yêu c ầu thực tế, theo các quy đ ịnh của Nhà nước và quy đ ịnh của ĐHQG -HCM . 
 
 KT. HI ỆU TRƯ ỞNG 
 PHÓ HIỆU TRƯ ỞNG 
 
 
 
 
 Nguy ễn Lưu Thùy Ngân"
790/QĐ-ĐHCNTT,khoan,Khoản 3,,1/68/3,34003.0,"Kết quả học tập của sinh viên ph ải được ghi vào b ảng đi ểm theo t ừng học phần. Trong 
bảng đi ểm ghi rõ chuyên ngành (n ếu có) và đi ểm rèn luy ện toàn khóa h ọc."
790/QĐ-ĐHCNTT,khoan,Khoản 4,,1/68/4,34004.0,"Những sinh viên không đ ủ điều kiện cấp bằng tốt nghi ệp nhưng chưa h ết thời gian t ối đa 
được phép h ọc, đư ợc bảo lưu các h ọc phần có k ết quả đạt. Trong th ời gian t ối đa đư ợc 
phép h ọc như quy đ ịnh tại Kho ản 2, Đi ều 6 c ủa Quy ch ế này, sinh viên đư ợc đăng ký 
học lại những học phần chưa đ ạt hoặc chưa h ọc."
790/QĐ-ĐHCNTT,khoan,Khoản 5,,1/68/5,34005.0,"Trường hợp sinh viên đư ợc cho thôi h ọc theo m ục b Kho ản 3 Đi ều 16 c ủa quy ch ế này 
sinh viên được hoàn thi ện các đi ều kiện còn thi ếu và đ ề nghị xét công nh ận tốt nghi ệp."
790/QĐ-ĐHCNTT,khoan,Khoản 6,,1/68/6,34006.0,"Những sinh viên đã hết thời hạn tối đa đư ợc phép h ọc nhưng không đ ủ điều kiện cấp 
bằng tốt nghi ệp hoặc đã thôi h ọc được đề nghị Trường cấp giấy chứng nh ận kết quả học 
tập của các h ọc phần đã tích lũy trong quá trình h ọc tại Trường. 
 
 
 
 
 
 
 
 
Trang 27/27 
 CHƯƠNG 6. ĐIỀU KHOẢN THI HÀNH"
790/QĐ-ĐHCNTT,dieu,Điều 7,Chương trình đào tạo ................................ ................................ ................................ ............ 8,1/7,8.0,
790/QĐ-ĐHCNTT,dieu,Điều 7,Chương trình đào tạo ............................................................................................................ 8,1/7,1007.0,Chương trình đào tạo ............................................................................................................ 8
790/QĐ-ĐHCNTT,dieu,Điều 7,Chương trình đào tạo,1/7,1007.0,"1. Chương trình đào tạo của mỗi ngành đào tạo do Trường xây dựng phù hợp với các quy
định hiện hành của Bộ GD&ĐT và ĐHQG-HCM, được bổ sung cập nhật nội dung
chương trình giáo dục tiên tiến quốc tế theo định hướng đào tạo nguồn nhân lực chất
lượng cao, đáp ứng nhu cầu phát triển khoa học, công nghệ, kinh tế, xã hội đất nước và
hội nhập quốc tế. Chương trình đào tạo phải đảm bảo các điều kiện sau:
a) Đáp ứng được mục tiêu chương trình giáo dục đại học quy định tại Điều 2, Khoản 1
của quy chế này, mục tiêu cụ thể và chuẩn đầu ra của chương trình đào tạo; đảm bảo các yêu
cầu theo quy định của Luật giáo dục đại học; đáp ứng Khung trình độ năng lực quốc gia; đáp
ứng Bộ phẩm chất, năng lực sinh viên tốt nghiệp ĐHQG-HCM và các quy định hiện hành
khác về CTĐT; phù hợp với nhu cầu sử dụng nhân lực của ngành, địa phương và xã hội.
b) Thể hiện rõ trình độ đào tạo; điều kiện tuyển sinh và điều kiện tốt nghiệp; mục tiêu
đào tạo; chuẩn kiến thức, kỹ năng, mức tự chủ và trách nhiệm của người học khi tốt nghiệp;
khối lượng kiến thức lý thuyết, thực hành, thực tập; kế hoạch đào tạo theo thời gian thiết kế;
phương pháp và hình thức đào tạo; cách thức đánh giá kết quả học tập; các điều kiện thực
hiện chương trình đào tạo của CSĐT.
Trang 9/27
c) Được thiết kế tích hợp thông qua phương pháp tiếp cận hệ thống đối với việc giảng
dạy kỹ năng, phẩm chất cá nhân, nghề nghiệp kết hợp với kiến thức nền tảng và kiến thức
chuyên môn.
d) Xây dựng kế hoạch và thực hiện các điều kiện đảm bảo chất lượng giáo dục đối với
chương trình đào tạo đang triển khai.
đ) Định kỳ sau một khóa đào tạo, thực hiện rà soát chỉnh sửa, bổ sung chương trình
đào tạo phù hợp với quy định về chuẩn chương trình đào tạo và phù hợp với nhu cầu của thị
trường lao động.
e) Có khả năng liên thông giữa các bậc và các ngành đào tạo khác, điều kiện nhập học
và điều kiện tốt nghiệp.
Tổng số tín chỉ của các chương trình đào tạo tối thiểu là 120 và tối đa là 132 tín chỉ đối
với đào tạo chương trình cử nhân; tối thiểu 150 tín chỉ đối với chương trình đào tạo chuyên
sâu đặc thù trình độ đại học (không tính Giáo dục quốc phòng-An ninh và Giáo dục thể
chất). Chương trình đào tạo được Hiệu trưởng phê duyệt theo đề nghị của Trưởng
khoa/Trưởng bộ môn quản lý ngành đào tạo và Trưởng phòng Đào tạo Đại học (P. ĐTĐH).
2. Chương trình đào tạo bao gồm hai khối kiến thức:
a) Khối kiến thức giáo dục đại cương bao gồm các học phần thuộc các lĩnh vực: Lý luận
chính trị, Khoa học xã hội và nhân văn, Khoa học tự nhiên, Toán, Ngoại ngữ, Giáo
dục quốc phòng-An ninh, Giáo dục thể chất và Kỹ năng mềm, được thiết kế nhằm
trang bị cho sinh viên nền học vấn rộng để tiếp thu tốt kiến thức chuyên môn, tạo nền
tảng cho người học dễ dàng thích nghi với môi trường làm việc, tự cập nhật kiến thức
trước tình hình phát triển nhanh của khoa học và công nghệ. Khối kiến thức này được
tổ chức đào tạo chủ yếu trong 4 học kỳ đầu.
b) Khối kiến thức giáo dục chuyên nghiệp gồm các học phần cơ sở ngành và các học
phần chuyên ngành nhằm cung cấp cho người học những kiến thức và kỹ năng nghề
nghiệp cần thiết. Khối kiến thức giáo dục chuyên nghiệp được quy định cụ thể trong
từng chương trình đào tạo. Những môn học cơ sở ngành chung của nhiều ngành khác
nhau gọi là môn học cơ sở nhóm ngành.
3. Mỗi khối  kiến thức có 2 nhóm học phần như sau:
a) Nhóm học phần bắt buộc gồm những học phần chứa đựng những nội dung kiến thức
chính yếu của ngành đào tạo, bắt buộc sinh viên phải đăng ký học và tích lũy.
b) Nhóm học phần tự chọn gồm những học phần chứa đựng những nội dung kiến thức
cần thiết và sinh viên được tự chọn theo hướng chuyên môn, tạo sự mềm dẻo trong
chương trình đào tạo. Các học phần tự chọn có thể được xếp theo từng nhóm, sinh
viên phải tích lũy được một số học phần nhất định trong từng nhóm nhằm tích lũy đủ
số tín chỉ tối thiểu quy định cho nhóm học phần tự chọn tương ứng. Sinh viên chọn
lựa những học phần này theo hướng dẫn của cố vấn học tập.
4. Các học phần trong chương trình đào tạo được sắp xếp theo trình tự nhất định vào từng
học kỳ của khóa đào tạo. Đây là trình tự mà Trường khuyến cáo sinh viên nên tuân thủ
để thuận lợi nhất cho việc tiếp thu kiến thức.
Trang 10/27"
790/QĐ-ĐHCNTT,khoan,Khoản 1,,1/7/1,7001.0,Chương trình đào tạo ............................................................................................................ 8
790/QĐ-ĐHCNTT,khoan,Khoản 1,,1/7/1,7001.0,"Chương trình đào tạo của mỗi ngành đào tạo do Trường xây dựng phù hợp với các quy
định hiện hành của Bộ GD&ĐT và ĐHQG-HCM, được bổ sung cập nhật nội dung
chương trình giáo dục tiên tiến quốc tế theo định hướng đào tạo nguồn nhân lực chất
lượng cao, đáp ứng nhu cầu phát triển khoa học, công nghệ, kinh tế, xã hội đất nước và
hội nhập quốc tế. Chương trình đào tạo phải đảm bảo các điều kiện sau:
a) Đáp ứng được mục tiêu chương trình giáo dục đại học quy định tại Điều 2, Khoản 1
của quy chế này, mục tiêu cụ thể và chuẩn đầu ra của chương trình đào tạo; đảm bảo các yêu
cầu theo quy định của Luật giáo dục đại học; đáp ứng Khung trình độ năng lực quốc gia; đáp
ứng Bộ phẩm chất, năng lực sinh viên tốt nghiệp ĐHQG-HCM và các quy định hiện hành
khác về CTĐT; phù hợp với nhu cầu sử dụng nhân lực của ngành, địa phương và xã hội.
b) Thể hiện rõ trình độ đào tạo; điều kiện tuyển sinh và điều kiện tốt nghiệp; mục tiêu
đào tạo; chuẩn kiến thức, kỹ năng, mức tự chủ và trách nhiệm của người học khi tốt nghiệp;
khối lượng kiến thức lý thuyết, thực hành, thực tập; kế hoạch đào tạo theo thời gian thiết kế;
phương pháp và hình thức đào tạo; cách thức đánh giá kết quả học tập; các điều kiện thực
hiện chương trình đào tạo của CSĐT.
Trang 9/27
c) Được thiết kế tích hợp thông qua phương pháp tiếp cận hệ thống đối với việc giảng
dạy kỹ năng, phẩm chất cá nhân, nghề nghiệp kết hợp với kiến thức nền tảng và kiến thức
chuyên môn.
d) Xây dựng kế hoạch và thực hiện các điều kiện đảm bảo chất lượng giáo dục đối với
chương trình đào tạo đang triển khai.
đ) Định kỳ sau một khóa đào tạo, thực hiện rà soát chỉnh sửa, bổ sung chương trình
đào tạo phù hợp với quy định về chuẩn chương trình đào tạo và phù hợp với nhu cầu của thị
trường lao động.
e) Có khả năng liên thông giữa các bậc và các ngành đào tạo khác, điều kiện nhập học
và điều kiện tốt nghiệp.
Tổng số tín chỉ của các chương trình đào tạo tối thiểu là 120 và tối đa là 132 tín chỉ đối
với đào tạo chương trình cử nhân; tối thiểu 150 tín chỉ đối với chương trình đào tạo chuyên
sâu đặc thù trình độ đại học (không tính Giáo dục quốc phòng-An ninh và Giáo dục thể
chất). Chương trình đào tạo được Hiệu trưởng phê duyệt theo đề nghị của Trưởng
khoa/Trưởng bộ môn quản lý ngành đào tạo và Trưởng phòng Đào tạo Đại học (P. ĐTĐH)."
790/QĐ-ĐHCNTT,diem,Điểm a),,1/7/1/a,7001.01,"Đáp ứng được mục tiêu chương trình giáo dục đại học quy định tại Điều 2, Khoản 1
của quy chế này, mục tiêu cụ thể và chuẩn đầu ra của chương trình đào tạo; đảm bảo các yêu
cầu theo quy định của Luật giáo dục đại học; đáp ứng Khung trình độ năng lực quốc gia; đáp
ứng Bộ phẩm chất, năng lực sinh viên tốt nghiệp ĐHQG-HCM và các quy định hiện hành
khác về CTĐT; phù hợp với nhu cầu sử dụng nhân lực của ngành, địa phương và xã hội."
790/QĐ-ĐHCNTT,diem,Điểm b),,1/7/1/b,7001.02,"Thể hiện rõ trình độ đào tạo; điều kiện tuyển sinh và điều kiện tốt nghiệp; mục tiêu
đào tạo; chuẩn kiến thức, kỹ năng, mức tự chủ và trách nhiệm của người học khi tốt nghiệp;
khối lượng kiến thức lý thuyết, thực hành, thực tập; kế hoạch đào tạo theo thời gian thiết kế;
phương pháp và hình thức đào tạo; cách thức đánh giá kết quả học tập; các điều kiện thực
hiện chương trình đào tạo của CSĐT.
Trang 9/27"
790/QĐ-ĐHCNTT,diem,Điểm c),,1/7/1/c,7001.03,"Được thiết kế tích hợp thông qua phương pháp tiếp cận hệ thống đối với việc giảng
dạy kỹ năng, phẩm chất cá nhân, nghề nghiệp kết hợp với kiến thức nền tảng và kiến thức
chuyên môn."
790/QĐ-ĐHCNTT,diem,Điểm d),,1/7/1/d,7001.04,"Xây dựng kế hoạch và thực hiện các điều kiện đảm bảo chất lượng giáo dục đối với
chương trình đào tạo đang triển khai.
đ) Định kỳ sau một khóa đào tạo, thực hiện rà soát chỉnh sửa, bổ sung chương trình
đào tạo phù hợp với quy định về chuẩn chương trình đào tạo và phù hợp với nhu cầu của thị
trường lao động."
790/QĐ-ĐHCNTT,diem,Điểm e),,1/7/1/e,7001.05,"Có khả năng liên thông giữa các bậc và các ngành đào tạo khác, điều kiện nhập học
và điều kiện tốt nghiệp.
Tổng số tín chỉ của các chương trình đào tạo tối thiểu là 120 và tối đa là 132 tín chỉ đối
với đào tạo chương trình cử nhân; tối thiểu 150 tín chỉ đối với chương trình đào tạo chuyên
sâu đặc thù trình độ đại học (không tính Giáo dục quốc phòng-An ninh và Giáo dục thể
chất). Chương trình đào tạo được Hiệu trưởng phê duyệt theo đề nghị của Trưởng
khoa/Trưởng bộ môn quản lý ngành đào tạo và Trưởng phòng Đào tạo Đại học (P. ĐTĐH)."
790/QĐ-ĐHCNTT,khoan,Khoản 2,,1/7/2,7002.0,"Chương trình đào tạo bao gồm hai khối kiến thức:
a) Khối kiến thức giáo dục đại cương bao gồm các học phần thuộc các lĩnh vực: Lý luận
chính trị, Khoa học xã hội và nhân văn, Khoa học tự nhiên, Toán, Ngoại ngữ, Giáo
dục quốc phòng-An ninh, Giáo dục thể chất và Kỹ năng mềm, được thiết kế nhằm
trang bị cho sinh viên nền học vấn rộng để tiếp thu tốt kiến thức chuyên môn, tạo nền
tảng cho người học dễ dàng thích nghi với môi trường làm việc, tự cập nhật kiến thức
trước tình hình phát triển nhanh của khoa học và công nghệ. Khối kiến thức này được
tổ chức đào tạo chủ yếu trong 4 học kỳ đầu.
b) Khối kiến thức giáo dục chuyên nghiệp gồm các học phần cơ sở ngành và các học
phần chuyên ngành nhằm cung cấp cho người học những kiến thức và kỹ năng nghề
nghiệp cần thiết. Khối kiến thức giáo dục chuyên nghiệp được quy định cụ thể trong
từng chương trình đào tạo. Những môn học cơ sở ngành chung của nhiều ngành khác
nhau gọi là môn học cơ sở nhóm ngành."
790/QĐ-ĐHCNTT,diem,Điểm a),,1/7/2/a,7002.01,"Khối kiến thức giáo dục đại cương bao gồm các học phần thuộc các lĩnh vực: Lý luận
chính trị, Khoa học xã hội và nhân văn, Khoa học tự nhiên, Toán, Ngoại ngữ, Giáo
dục quốc phòng-An ninh, Giáo dục thể chất và Kỹ năng mềm, được thiết kế nhằm
trang bị cho sinh viên nền học vấn rộng để tiếp thu tốt kiến thức chuyên môn, tạo nền
tảng cho người học dễ dàng thích nghi với môi trường làm việc, tự cập nhật kiến thức
trước tình hình phát triển nhanh của khoa học và công nghệ. Khối kiến thức này được
tổ chức đào tạo chủ yếu trong 4 học kỳ đầu."
790/QĐ-ĐHCNTT,diem,Điểm b),,1/7/2/b,7002.02,"Khối kiến thức giáo dục chuyên nghiệp gồm các học phần cơ sở ngành và các học
phần chuyên ngành nhằm cung cấp cho người học những kiến thức và kỹ năng nghề
nghiệp cần thiết. Khối kiến thức giáo dục chuyên nghiệp được quy định cụ thể trong
từng chương trình đào tạo. Những môn học cơ sở ngành chung của nhiều ngành khác
nhau gọi là môn học cơ sở nhóm ngành."
790/QĐ-ĐHCNTT,khoan,Khoản 3,,1/7/3,7003.0,"Mỗi khối  kiến thức có 2 nhóm học phần như sau:
a) Nhóm học phần bắt buộc gồm những học phần chứa đựng những nội dung kiến thức
chính yếu của ngành đào tạo, bắt buộc sinh viên phải đăng ký học và tích lũy.
b) Nhóm học phần tự chọn gồm những học phần chứa đựng những nội dung kiến thức
cần thiết và sinh viên được tự chọn theo hướng chuyên môn, tạo sự mềm dẻo trong
chương trình đào tạo. Các học phần tự chọn có thể được xếp theo từng nhóm, sinh
viên phải tích lũy được một số học phần nhất định trong từng nhóm nhằm tích lũy đủ
số tín chỉ tối thiểu quy định cho nhóm học phần tự chọn tương ứng. Sinh viên chọn
lựa những học phần này theo hướng dẫn của cố vấn học tập."
790/QĐ-ĐHCNTT,diem,Điểm a),,1/7/3/a,7003.01,"Nhóm học phần bắt buộc gồm những học phần chứa đựng những nội dung kiến thức
chính yếu của ngành đào tạo, bắt buộc sinh viên phải đăng ký học và tích lũy."
790/QĐ-ĐHCNTT,diem,Điểm b),,1/7/3/b,7003.02,"Nhóm học phần tự chọn gồm những học phần chứa đựng những nội dung kiến thức
cần thiết và sinh viên được tự chọn theo hướng chuyên môn, tạo sự mềm dẻo trong
chương trình đào tạo. Các học phần tự chọn có thể được xếp theo từng nhóm, sinh
viên phải tích lũy được một số học phần nhất định trong từng nhóm nhằm tích lũy đủ
số tín chỉ tối thiểu quy định cho nhóm học phần tự chọn tương ứng. Sinh viên chọn
lựa những học phần này theo hướng dẫn của cố vấn học tập."
790/QĐ-ĐHCNTT,khoan,Khoản 4,,1/7/4,7004.0,"Các học phần trong chương trình đào tạo được sắp xếp theo trình tự nhất định vào từng
học kỳ của khóa đào tạo. Đây là trình tự mà Trường khuyến cáo sinh viên nên tuân thủ
để thuận lợi nhất cho việc tiếp thu kiến thức.
Trang 10/27"
790/QĐ-ĐHCNTT,dieu,Điều 8,Chương trình đào tạo gắn với một ngành ................................ ................................ ........... 10,1/8,9.0,
790/QĐ-ĐHCNTT,dieu,Điều 8,Chương trình đào tạo gắn với một ngành ........................................................................... 10,1/8,1008.0,Chương trình đào tạo gắn với một ngành ........................................................................... 10
790/QĐ-ĐHCNTT,dieu,Điều 8,Chương trình đào tạo gắn với một ngành,1/8,1008.0,"Chương trình đào tạo gắn với một ngành được phân loại như sau:
1. Chương trình chuẩn: được xây dựng theo quy định hiện hành; đáp ứng mục tiêu và
chuẩn đầu ra của bậc trình độ tương ứng; có sự tham khảo chương trình của các
trường đại học có uy tín trong nước hoặc trên thế giới; có sự tham gia của các nhà
khoa học chuyên môn, giảng viên, cán bộ quản lý, đại diện của các tổ chức xã hội -
nghề nghiệp, nhà tuyển dụng lao động và người đã tốt nghiệp.
2. Chương trình tài năng: được xây dựng dựa trên chương trình chuẩn nhằm tuyển chọn
và tạo điều kiện phát triển cho các sinh viên xuất sắc.
3. Chương trình tiên tiến: được thiết kế, xây dựng dựa trên cơ sở chương trình đang
được áp dụng ở trường đại học tiên tiến trên thế giới (gọi tắt là chương trình gốc)
được giảng dạy bằng ngôn ngữ của chương trình gốc.
4. Chương trình nâng cao: được xây dựng dựa trên chương trình chuẩn; đáp ứng mục
tiêu và chuẩn đầu ra cao hơn, đồng thời đáp ứng các tiêu chí và điều kiện đảm bảo
chất lượng của chương trình theo quy định hiện hành.
5. Chương trình liên thông và văn bằng 2: được xây dựng dựa trên chương trình chuẩn;
đáp ứng mục tiêu và chuẩn đầu ra của bậc trình độ tương ứng. Chương trình đào tạo
được xác định theo nguyên tắc: công nhận kết quả học tập đối với những môn học đã
tích lũy trước đó để xét miễn các nội dung tương đương trong chương trình đào tạo.
6. Chương trình liên kết giữa Trường với các cơ sở liên kết đào tạo trong và ngoài
nước: được xây dựng trên cơ sở quy định về chương trình đào tạo của ĐHQG-HCM
hoặc nội dung thoả thuận hợp tác ký kết giữa các bên."
790/QĐ-ĐHCNTT,khoan,Khoản 1,,1/8/1,8001.0,Chương trình đào tạo gắn với một ngành ........................................................................... 10
790/QĐ-ĐHCNTT,khoan,Khoản 1,,1/8/1,8001.0,"Chương trình chuẩn: được xây dựng theo quy định hiện hành; đáp ứng mục tiêu và
chuẩn đầu ra của bậc trình độ tương ứng; có sự tham khảo chương trình của các
trường đại học có uy tín trong nước hoặc trên thế giới; có sự tham gia của các nhà
khoa học chuyên môn, giảng viên, cán bộ quản lý, đại diện của các tổ chức xã hội -
nghề nghiệp, nhà tuyển dụng lao động và người đã tốt nghiệp."
790/QĐ-ĐHCNTT,khoan,Khoản 2,,1/8/2,8002.0,"Chương trình tài năng: được xây dựng dựa trên chương trình chuẩn nhằm tuyển chọn
và tạo điều kiện phát triển cho các sinh viên xuất sắc."
790/QĐ-ĐHCNTT,khoan,Khoản 3,,1/8/3,8003.0,"Chương trình tiên tiến: được thiết kế, xây dựng dựa trên cơ sở chương trình đang
được áp dụng ở trường đại học tiên tiến trên thế giới (gọi tắt là chương trình gốc)
được giảng dạy bằng ngôn ngữ của chương trình gốc."
790/QĐ-ĐHCNTT,khoan,Khoản 4,,1/8/4,8004.0,"Chương trình nâng cao: được xây dựng dựa trên chương trình chuẩn; đáp ứng mục
tiêu và chuẩn đầu ra cao hơn, đồng thời đáp ứng các tiêu chí và điều kiện đảm bảo
chất lượng của chương trình theo quy định hiện hành."
790/QĐ-ĐHCNTT,khoan,Khoản 5,,1/8/5,8005.0,"Chương trình liên thông và văn bằng 2: được xây dựng dựa trên chương trình chuẩn;
đáp ứng mục tiêu và chuẩn đầu ra của bậc trình độ tương ứng. Chương trình đào tạo
được xác định theo nguyên tắc: công nhận kết quả học tập đối với những môn học đã
tích lũy trước đó để xét miễn các nội dung tương đương trong chương trình đào tạo."
790/QĐ-ĐHCNTT,khoan,Khoản 6,,1/8/6,8006.0,"Chương trình liên kết giữa Trường với các cơ sở liên kết đào tạo trong và ngoài
nước: được xây dựng trên cơ sở quy định về chương trình đào tạo của ĐHQG-HCM
hoặc nội dung thoả thuận hợp tác ký kết giữa các bên."
790/QĐ-ĐHCNTT,dieu,Điều 9,Chương trình đào tạo gắn với hơn một ngành ................................ ................................ .... 10,1/9,10.0,"CHƯƠNG 2. TỔ CHỨC ĐÀO TẠO ................................ ................................ ................................ .. 11 
"
790/QĐ-ĐHCNTT,dieu,Điều 9,Chương trình đào tạo gắn với hơn một ngành .................................................................... 10,1/9,1009.0,Chương trình đào tạo gắn với hơn một ngành .................................................................... 10
790/QĐ-ĐHCNTT,dieu,Điều 9,Chương trình đào tạo gắn với hơn một ngành,1/9,1009.0,"Chương trình đào tạo gắn với hơn một ngành đào tạo bao gồm:
1. Chương trình song ngành gồm hai phần: chương trình đào tạo ngành thứ nhất có khối
lượng kiến thức tối thiểu theo quy định tại Điều 7, ngành thứ hai có khối lượng kiến thức
từ 30 tín chỉ trở lên (những nội dung giống nhau, tương đương giữa hai chương trình đào
tạo chỉ được tính khối lượng kiến thức một lần). Việc tổ chức và quản lý đào tạo được
thực hiện liên thông giữa các khoa, bộ môn trong Trường hoặc giữa các CSĐT trong
ĐHQG-HCM.
2. Chương trình ngành chính - ngành phụ: gồm nội dung chương trình đào tạo được thiết
kế cho ngành thứ nhất bổ sung thêm các môn học của chương trình đào tạo ngành thứ
hai hoặc các môn học bổ trợ kiến thức khác với khối lượng kiến thức từ 15 đến 29 tín
chỉ, chủ yếu thuộc khối kiến thức ngành. Các môn học bổ sung được thể hiện trong bảng
điểm cấp kèm theo bằng tốt nghiệp. Việc tổ chức và quản lý đào tạo được thực hiện liên
thông giữa các khoa, bộ môn trong Trường hoặc giữa các CSĐT trong ĐHQG-HCM.
3. Hiệu trưởng quyết định về nội dung chương trình và tổ chức đào tạo chương trình song
ngành, chương trình ngành chính - ngành phụ.
Trang 11/27"
790/QĐ-ĐHCNTT,khoan,Khoản 1,,1/9/1,9001.0,Chương trình đào tạo gắn với hơn một ngành .................................................................... 10
790/QĐ-ĐHCNTT,khoan,Khoản 1,,1/9/1,9001.0,"Chương trình song ngành gồm hai phần: chương trình đào tạo ngành thứ nhất có khối
lượng kiến thức tối thiểu theo quy định tại Điều 7, ngành thứ hai có khối lượng kiến thức
từ 30 tín chỉ trở lên (những nội dung giống nhau, tương đương giữa hai chương trình đào
tạo chỉ được tính khối lượng kiến thức một lần). Việc tổ chức và quản lý đào tạo được
thực hiện liên thông giữa các khoa, bộ môn trong Trường hoặc giữa các CSĐT trong
ĐHQG-HCM."
790/QĐ-ĐHCNTT,khoan,Khoản 1,,1/9/1,9001.0,CHƯƠNG 2. TỔ CHỨC ĐÀO TẠO ................................ ................................ ................................ .. 11
790/QĐ-ĐHCNTT,khoan,Khoản 2,,1/9/2,9002.0,"Chương trình ngành chính - ngành phụ: gồm nội dung chương trình đào tạo được thiết
kế cho ngành thứ nhất bổ sung thêm các môn học của chương trình đào tạo ngành thứ
hai hoặc các môn học bổ trợ kiến thức khác với khối lượng kiến thức từ 15 đến 29 tín
chỉ, chủ yếu thuộc khối kiến thức ngành. Các môn học bổ sung được thể hiện trong bảng
điểm cấp kèm theo bằng tốt nghiệp. Việc tổ chức và quản lý đào tạo được thực hiện liên
thông giữa các khoa, bộ môn trong Trường hoặc giữa các CSĐT trong ĐHQG-HCM."
790/QĐ-ĐHCNTT,khoan,Khoản 3,,1/9/3,9003.0,"Hiệu trưởng quyết định về nội dung chương trình và tổ chức đào tạo chương trình song
ngành, chương trình ngành chính - ngành phụ.
Trang 11/27"
790/QĐ-ĐHCNTT,chuong,Chương 2,,2,2.0,
790/QĐ-ĐHCNTT,chuong,Chương 2,TỔ CHỨC ĐÀO TẠO,2,2.0,TỔ CHỨC ĐÀO TẠO
790/QĐ-ĐHCNTT,dieu,Điều 10,Chế độ học tập của sinh viên ............................................................................................ 11,2/10,2010.0,Chế độ học tập của sinh viên ............................................................................................ 11
790/QĐ-ĐHCNTT,dieu,Điều 10,Chế độ học tập của sinh viên,2/10,2010.0,"1. Sinh viên chính quy
- Sinh viên chính quy là thí sinh trúng tuyển vào hệ chính quy và đã hoàn tất các thủ
tục nhập học theo quy định của Trường.
- Trường tổ chức đào tạo theo phương thức chính quy tập trung toàn thời gian cho sinh
viên hệ chính quy theo khung giờ hành chính. Đối với các học phần đào tạo ngoài
khung giờ hành chính phải được sự chấp thuận của Hiệu trưởng.
- Các hoạt động giảng dạy được thực hiện tại trường hoặc tại các cơ sở do Trường ký
hợp đồng liên kết, riêng những hoạt động Giáo dục Thể chất, Giáo dục Quốc phòng –
An ninh, thực hành, thực tập, trải nghiệm thực tế và giảng dạy trực tuyến có thể thực
hiện ngoài trường.
- Mỗi sinh viên hệ chính quy đều có một mã số riêng theo quy định của Trường.
- Sinh viên phải chấp hành quy chế hiện hành về công tác sinh viên của Trường và
được hưởng các chính sách dành cho sinh viên hệ chính quy.
2. Sinh viên dự thính
- Sinh viên của các cơ sở đào tạo khác thuộc ĐHQG-HCM và những cá nhân có đủ
điều kiện về nhân thân và trình độ, có nhu cầu học bổ túc kiến thức, có thể được
Trường xem xét cho trở thành sinh viên dự thính. Hiệu trưởng ra quyết định công
nhận sinh viên dự thính.
- Sinh viên dự thính thực hiện đầy đủ nghĩa vụ theo quy định của Trường được cấp
giấy chứng nhận kết quả học tập cho những học phần đã học.
- Sinh viên dự thính đóng học phí theo mức riêng, không được hưởng chính sách dành
cho sinh viên chính quy và không được cấp bằng tốt nghiệp đại học.
3. Sinh viên chính quy có khả năng bị xử lý học vụ hình thức buộc thôi học có nguyện vọng
được chuyển qua hình thức đào tạo không chính quy sẽ được xem xét chuyển đổi. Những
học phần sinh viên đã tích lũy được Trường xem xét công nhận, chuyển đổi tín chỉ.
4. Sinh viên và năm học: Sinh viên năm thứ k (tính từ thời điểm sinh viên bắt đầu học) của
một ngành và khóa học được xác định như sau: đạt số tín chỉ tích lũy n (theo đúng
chương trình đào tạo tương ứng tại thời điểm đang xét) thỏa điều kiện: (k-1) × 30 ≤ n < k
× 30."
790/QĐ-ĐHCNTT,khoan,Khoản 1,,2/10/1,10001.0,Chế độ học tập của sinh viên ............................................................................................ 11
790/QĐ-ĐHCNTT,khoan,Khoản 1,,2/10/1,10001.0,"Sinh viên chính quy
- Sinh viên chính quy là thí sinh trúng tuyển vào hệ chính quy và đã hoàn tất các thủ
tục nhập học theo quy định của Trường.
- Trường tổ chức đào tạo theo phương thức chính quy tập trung toàn thời gian cho sinh
viên hệ chính quy theo khung giờ hành chính. Đối với các học phần đào tạo ngoài
khung giờ hành chính phải được sự chấp thuận của Hiệu trưởng.
- Các hoạt động giảng dạy được thực hiện tại trường hoặc tại các cơ sở do Trường ký
hợp đồng liên kết, riêng những hoạt động Giáo dục Thể chất, Giáo dục Quốc phòng –
An ninh, thực hành, thực tập, trải nghiệm thực tế và giảng dạy trực tuyến có thể thực
hiện ngoài trường.
- Mỗi sinh viên hệ chính quy đều có một mã số riêng theo quy định của Trường.
- Sinh viên phải chấp hành quy chế hiện hành về công tác sinh viên của Trường và
được hưởng các chính sách dành cho sinh viên hệ chính quy."
790/QĐ-ĐHCNTT,khoan,Khoản 2,,2/10/2,10002.0,"Sinh viên dự thính
- Sinh viên của các cơ sở đào tạo khác thuộc ĐHQG-HCM và những cá nhân có đủ
điều kiện về nhân thân và trình độ, có nhu cầu học bổ túc kiến thức, có thể được
Trường xem xét cho trở thành sinh viên dự thính. Hiệu trưởng ra quyết định công
nhận sinh viên dự thính.
- Sinh viên dự thính thực hiện đầy đủ nghĩa vụ theo quy định của Trường được cấp
giấy chứng nhận kết quả học tập cho những học phần đã học.
- Sinh viên dự thính đóng học phí theo mức riêng, không được hưởng chính sách dành
cho sinh viên chính quy và không được cấp bằng tốt nghiệp đại học."
790/QĐ-ĐHCNTT,khoan,Khoản 3,,2/10/3,10003.0,"Sinh viên chính quy có khả năng bị xử lý học vụ hình thức buộc thôi học có nguyện vọng
được chuyển qua hình thức đào tạo không chính quy sẽ được xem xét chuyển đổi. Những
học phần sinh viên đã tích lũy được Trường xem xét công nhận, chuyển đổi tín chỉ."
790/QĐ-ĐHCNTT,khoan,Khoản 4,,2/10/4,10004.0,"Sinh viên và năm học: Sinh viên năm thứ k (tính từ thời điểm sinh viên bắt đầu học) của
một ngành và khóa học được xác định như sau: đạt số tín chỉ tích lũy n (theo đúng
chương trình đào tạo tương ứng tại thời điểm đang xét) thỏa điều kiện: (k-1) × 30 ≤ n < k
× 30."
790/QĐ-ĐHCNTT,dieu,Điều 11,Bảo lưu kết quả trúng tuyển ............................................................................................. 11,2/11,2011.0,Bảo lưu kết quả trúng tuyển ............................................................................................. 11
790/QĐ-ĐHCNTT,dieu,Điều 11,Bảo lưu kết quả trúng tuyển,2/11,2011.0,"Sau khi được xét trúng tuyển vào Trường, do một số hoàn cảnh đặc biệt như được điều
động vào các lực lượng vũ trang, thai sản, bệnh tật, tai nạn, hoàn cảnh khó khăn xảy ra đột
xuất, thí sinh trúng tuyển có thể xin bảo lưu kết quả. Thí sinh trúng tuyển phải nộp đơn xin
bảo lưu chậm nhất 15 ngày kể từ ngày gọi nhập học cho P. ĐTĐH của Trường và chỉ được
bảo lưu khi có quyết định chấp thuận của Hiệu trưởng.
Thời gian bảo lưu kết quả trúng tuyển không quá 01 năm. Đối với trường hợp được
điều động vào các lực lượng vũ trang thì thời gian bảo lưu kết quả trúng tuyển bằng với thời
Trang 12/27
gian được điều động. Muốn nhập học lại, thí sinh phải làm đơn xin nhập học và nộp P.
ĐTĐH của Trường trước khi bắt đầu học kỳ ít nhất 1 tháng để được giải quyết."
790/QĐ-ĐHCNTT,khoan,Khoản 1,,2/11/1,11001.0,Bảo lưu kết quả trúng tuyển ............................................................................................. 11
790/QĐ-ĐHCNTT,khoan,Khoản 1,,2/11/1,11001.0,"Sau khi được xét trúng tuyển vào Trường, do một số hoàn cảnh đặc biệt như được điều
động vào các lực lượng vũ trang, thai sản, bệnh tật, tai nạn, hoàn cảnh khó khăn xảy ra đột
xuất, thí sinh trúng tuyển có thể xin bảo lưu kết quả. Thí sinh trúng tuyển phải nộp đơn xin
bảo lưu chậm nhất 15 ngày kể từ ngày gọi nhập học cho P. ĐTĐH của Trường và chỉ được
bảo lưu khi có quyết định chấp thuận của Hiệu trưởng.
Thời gian bảo lưu kết quả trúng tuyển không quá 01 năm. Đối với trường hợp được
điều động vào các lực lượng vũ trang thì thời gian bảo lưu kết quả trúng tuyển bằng với thời
Trang 12/27
gian được điều động. Muốn nhập học lại, thí sinh phải làm đơn xin nhập học và nộp P.
ĐTĐH của Trường trước khi bắt đầu học kỳ ít nhất 1 tháng để được giải quyết."
790/QĐ-ĐHCNTT,dieu,Điều 12,Tổ chức lớp ....................................................................................................................... 12,2/12,2012.0,Tổ chức lớp ....................................................................................................................... 12
790/QĐ-ĐHCNTT,dieu,Điều 12,Tổ chức lớp,2/12,2012.0,"1.  Lớp học phần: Những sinh viên theo học cùng một học phần trong cùng một khoảng thời
gian và cùng một giảng viên tạo thành một lớp học phần. Mỗi lớp học phần được ký hiệu
bằng một mã số riêng do Trường quy định. Lớp học phần sẽ được mở nếu số lượng sinh
viên đăng ký:
- Tối thiểu là 50 sinh viên đối với các môn học đại cương và các môn học cơ sở nhóm
ngành.
- Các môn học chuyên ngành bắt buộc và chuyên đề tốt nghiệp tối thiểu là 20 sinh
viên.
- Các môn học ngoại ngữ nằm trong chương trình đào tạo cho sinh viên chính quy
được mở với số lượng tối thiểu là 20 sinh viên.
-
Các học phần như Thực tập doanh nghiệp, Khóa luận tốt nghiệp, môn học đồ án
được mở không hạn chế số lượng.
- Các môn học còn lại tối thiểu là 30 sinh viên. Trong trường hợp đặc biệt, theo đề
nghị của sinh viên, khoa/bộ môn quản lý ngành đào tạo thì P.ĐTĐH có thể mở lớp và
thực hiện theo quy định Trường.
2.  Lớp sinh viên: áp dụng theo quy chế Công tác sinh viên của Trường."
790/QĐ-ĐHCNTT,khoan,Khoản 1,,2/12/1,12001.0,Tổ chức lớp ....................................................................................................................... 12
790/QĐ-ĐHCNTT,khoan,Khoản 1,,2/12/1,12001.0,"Lớp học phần: Những sinh viên theo học cùng một học phần trong cùng một khoảng thời
gian và cùng một giảng viên tạo thành một lớp học phần. Mỗi lớp học phần được ký hiệu
bằng một mã số riêng do Trường quy định. Lớp học phần sẽ được mở nếu số lượng sinh
viên đăng ký:
- Tối thiểu là 50 sinh viên đối với các môn học đại cương và các môn học cơ sở nhóm
ngành.
- Các môn học chuyên ngành bắt buộc và chuyên đề tốt nghiệp tối thiểu là 20 sinh
viên.
- Các môn học ngoại ngữ nằm trong chương trình đào tạo cho sinh viên chính quy
được mở với số lượng tối thiểu là 20 sinh viên.
-
Các học phần như Thực tập doanh nghiệp, Khóa luận tốt nghiệp, môn học đồ án
được mở không hạn chế số lượng.
- Các môn học còn lại tối thiểu là 30 sinh viên. Trong trường hợp đặc biệt, theo đề
nghị của sinh viên, khoa/bộ môn quản lý ngành đào tạo thì P.ĐTĐH có thể mở lớp và
thực hiện theo quy định Trường."
790/QĐ-ĐHCNTT,khoan,Khoản 2,,2/12/2,12002.0,Lớp sinh viên: áp dụng theo quy chế Công tác sinh viên của Trường.
790/QĐ-ĐHCNTT,dieu,Điều 13,Thông báo kế hoạch đào tạo ............................................................................................. 12,2/13,2013.0,Thông báo kế hoạch đào tạo ............................................................................................. 12
790/QĐ-ĐHCNTT,dieu,Điều 13,Thông báo kế hoạch đào tạo,2/13,2013.0,"1.  Đầu khoá học, Trường có trách nhiệm thông báo cho sinh viên về:
- Chương trình đào tạo toàn khóa cho từng ngành học.
- Quy chế học tập và các quy định của Trường.
- Quyền lợi và nghĩa vụ của sinh viên.
2.  Đầu mỗi năm học, Trường có trách nhiệm thông báo cho sinh viên về:
- Kế hoạch giảng dạy, học tập của năm học.
- Các cập nhật hoặc thay đổi trong chương trình đào tạo, chương trình môn học, học
phí (nếu có).
3.  Đầu mỗi học kỳ, Trường có trách nhiệm thông báo cho sinh viên về:
- Thời khóa biểu giảng dạy, học tập của học kỳ.
- Danh mục các học phần và số lượng tín chỉ của mỗi học phần dự kiến giảng dạy
trong học kỳ, điều kiện để đăng ký học các học phần đó.
- Số lớp học dự kiến tổ chức cho mỗi học phần và thời khoá biểu cho các lớp học."
790/QĐ-ĐHCNTT,khoan,Khoản 1,,2/13/1,13001.0,Thông báo kế hoạch đào tạo ............................................................................................. 12
790/QĐ-ĐHCNTT,khoan,Khoản 1,,2/13/1,13001.0,"Đầu khoá học, Trường có trách nhiệm thông báo cho sinh viên về:
- Chương trình đào tạo toàn khóa cho từng ngành học.
- Quy chế học tập và các quy định của Trường.
- Quyền lợi và nghĩa vụ của sinh viên."
790/QĐ-ĐHCNTT,khoan,Khoản 2,,2/13/2,13002.0,"Đầu mỗi năm học, Trường có trách nhiệm thông báo cho sinh viên về:
- Kế hoạch giảng dạy, học tập của năm học.
- Các cập nhật hoặc thay đổi trong chương trình đào tạo, chương trình môn học, học
phí (nếu có)."
790/QĐ-ĐHCNTT,khoan,Khoản 3,,2/13/3,13003.0,"Đầu mỗi học kỳ, Trường có trách nhiệm thông báo cho sinh viên về:
- Thời khóa biểu giảng dạy, học tập của học kỳ.
- Danh mục các học phần và số lượng tín chỉ của mỗi học phần dự kiến giảng dạy
trong học kỳ, điều kiện để đăng ký học các học phần đó.
- Số lớp học dự kiến tổ chức cho mỗi học phần và thời khoá biểu cho các lớp học."
790/QĐ-ĐHCNTT,dieu,Điều 14,Đăng ký học tập ................................................................................................................ 12,2/14,2014.0,Đăng ký học tập ................................................................................................................ 12
790/QĐ-ĐHCNTT,dieu,Điều 14,Đăng ký học tập,2/14,2014.0,"Sinh viên được đăng ký học và thi các môn học trong chương trình đào tạo do bất kỳ
một CSĐT nào thuộc ĐHQG-HCM hoặc hệ thống các trường thành viên của ASEAN
University Network tổ chức giảng dạy. Việc chuyển đổi và công nhận tín chỉ được thực hiện
theo quy định tại Điều 27 của Quy chế này.
Trang 13/27
Nếu đăng ký học tại Trường thì đầu mỗi học kỳ, sinh viên phải tìm hiểu, nghiên cứu để
nắm được chương trình giáo dục, các học phần được mở trong học kỳ và đăng ký các học
phần qua hệ thống đăng ký hoặc bằng phiếu đăng ký theo quy định của Trường. Riêng sinh
viên khóa tuyển mới, học kỳ đầu tiên sẽ học theo thời khóa biểu được xếp sẵn dựa trên kế
hoạch giảng dạy mẫu theo chương trình đào tạo.
1.  Số tín chỉ tối thiểu, tối đa
Số tín chỉ tối thiểu, tối đa được tính bao gồm số các tín chỉ đăng ký tại Trường hoặc
CSĐT khác.
a) Trong học kỳ chính:
- Số tín chỉ đăng ký học n trong mỗi học kỳ chính (bao gồm học lại, cải thiện và học
mới) thỏa điều kiện 14 ≤ n ≤  24. Sinh viên có ĐTBC ≥ 8,0 đến thời điểm đăng ký,
được phép đăng ký tối đa 30 tín chỉ.
- Đối với những sinh viên còn phải học ít hơn 14 tín chỉ theo chương trình đào tạo của
ngành, khóa học tương ứng thì không áp dụng quy định số tín chỉ tối thiểu.
- Sinh viên không ĐKHP hoặc bị hủy ĐKHP thì xem như số tín chỉ học trong học kỳ
đó bằng 0.
b) Trong học kỳ hè:
- Tổng số tín chỉ đăng ký không được vượt quá 12 tín chỉ.
- Sinh viên chỉ được đăng ký học lại, cải thiện điểm, các môn học ngoại ngữ và học
phần Thực tập doanh nghiệp.
- Việc đăng ký các học phần mới (ngoại trừ Thực tập doanh nghiệp và các môn ngoại
ngữ) trong học kỳ hè (học vượt) chỉ dành cho các sinh viên có ĐTBC ≥ 7,0 đến thời
điểm đăng ký.
Trong trường hợp đặc biệt sinh viên muốn đăng ký vượt quá số tín chỉ tối đa hoặc ít hơn
số tín chỉ tối thiểu phải được sự đồng ý của Hiệu trưởng.
2.  Học lại: Sinh viên phải đăng ký học lại các học phần bắt buộc có điểm học phần dưới 5,0
ở các học kỳ trước. Đối với các học phần tự chọn, nếu điểm dưới 5,0 sinh viên được
phép đăng ký học lại học phần đó hoặc chọn học phần khác thay thế trong số các học
phần tự chọn quy định cho mỗi ngành đào tạo.
Khi nộp hồ sơ xét tốt nghiệp, sinh viên có thể làm đơn xin hủy học phần tự chọn đã học
(sinh viên không được hủy kết quả học tập trong lúc đang học).
3.  Học cải thiện điểm
Đối với học phần có kết quả đạt, sinh viên muốn phấn đấu đạt kết quả cao hơn (cải
thiện điểm) phải đăng ký học lại học phần đó theo quy định sau:
- Kết quả cao nhất trong các lần học được chọn để tính vào ĐTBC, ĐTBCTL. Điểm
của tất cả các lần học được lưu đầy đủ trong kết quả học tập của sinh viên.
- Tổng số tín chỉ đăng ký học cải thiện ở học kỳ nào thì được tính vào tổng số tín chỉ
đăng ký học ở học kỳ đó theo quy định tại Khoản 1 Điều 14 của Quy chế này.
4.  Việc đăng ký học phần cải thiện được thực hiện theo quy trình đăng ký học phần của
Trường.
Trang 14/27
5.  Đăng ký học các môn ngoại ngữ:
- Các lớp học ngoại ngữ nằm trong chương trình đào tạo cho sinh viên chính quy được
mở với thời khóa biểu riêng, linh động theo nhu cầu của sinh viên. Sinh viên được tự
do đăng ký học các lớp ngoại ngữ theo điều kiện môn tiên quyết và không trùng giờ
học với các môn học chính khóa mà sinh viên đang học trên hệ thống của Trường.
- Trong học kỳ hè sinh viên có thể đăng ký học mới, học lại hoặc học cải thiện các
môn ngoại ngữ.
- Học phí các môn ngoại ngữ trong chương trình đào tạo được tính theo quy định: học
lần đầu được tính trọn gói trong học phí học kỳ, học lần thứ hai trở đi được coi là học
lại/cải thiện.
- Thời điểm thi kết thúc môn học thuộc học kỳ nào thì Trường tính điểm cho sinh viên
vào học kỳ đó. Riêng các lớp có thời điểm thi kết thúc môn học thuộc học kỳ hè thì
được tính vào học kỳ 2 cùng năm học."
790/QĐ-ĐHCNTT,khoan,Khoản 1,,2/14/1,14001.0,Đăng ký học tập ................................................................................................................ 12
790/QĐ-ĐHCNTT,khoan,Khoản 1,,2/14/1,14001.0,"Số tín chỉ tối thiểu, tối đa
Số tín chỉ tối thiểu, tối đa được tính bao gồm số các tín chỉ đăng ký tại Trường hoặc
CSĐT khác.
a) Trong học kỳ chính:
- Số tín chỉ đăng ký học n trong mỗi học kỳ chính (bao gồm học lại, cải thiện và học
mới) thỏa điều kiện 14 ≤ n ≤  24. Sinh viên có ĐTBC ≥ 8,0 đến thời điểm đăng ký,
được phép đăng ký tối đa 30 tín chỉ.
- Đối với những sinh viên còn phải học ít hơn 14 tín chỉ theo chương trình đào tạo của
ngành, khóa học tương ứng thì không áp dụng quy định số tín chỉ tối thiểu.
- Sinh viên không ĐKHP hoặc bị hủy ĐKHP thì xem như số tín chỉ học trong học kỳ
đó bằng 0.
b) Trong học kỳ hè:
- Tổng số tín chỉ đăng ký không được vượt quá 12 tín chỉ.
- Sinh viên chỉ được đăng ký học lại, cải thiện điểm, các môn học ngoại ngữ và học
phần Thực tập doanh nghiệp.
- Việc đăng ký các học phần mới (ngoại trừ Thực tập doanh nghiệp và các môn ngoại
ngữ) trong học kỳ hè (học vượt) chỉ dành cho các sinh viên có ĐTBC ≥ 7,0 đến thời
điểm đăng ký.
Trong trường hợp đặc biệt sinh viên muốn đăng ký vượt quá số tín chỉ tối đa hoặc ít hơn
số tín chỉ tối thiểu phải được sự đồng ý của Hiệu trưởng."
790/QĐ-ĐHCNTT,diem,Điểm a),,2/14/1/a,14001.01,"Trong học kỳ chính:
- Số tín chỉ đăng ký học n trong mỗi học kỳ chính (bao gồm học lại, cải thiện và học
mới) thỏa điều kiện 14 ≤ n ≤  24. Sinh viên có ĐTBC ≥ 8,0 đến thời điểm đăng ký,
được phép đăng ký tối đa 30 tín chỉ.
- Đối với những sinh viên còn phải học ít hơn 14 tín chỉ theo chương trình đào tạo của
ngành, khóa học tương ứng thì không áp dụng quy định số tín chỉ tối thiểu.
- Sinh viên không ĐKHP hoặc bị hủy ĐKHP thì xem như số tín chỉ học trong học kỳ
đó bằng 0."
790/QĐ-ĐHCNTT,diem,Điểm b),,2/14/1/b,14001.02,"Trong học kỳ hè:
- Tổng số tín chỉ đăng ký không được vượt quá 12 tín chỉ.
- Sinh viên chỉ được đăng ký học lại, cải thiện điểm, các môn học ngoại ngữ và học
phần Thực tập doanh nghiệp.
- Việc đăng ký các học phần mới (ngoại trừ Thực tập doanh nghiệp và các môn ngoại
ngữ) trong học kỳ hè (học vượt) chỉ dành cho các sinh viên có ĐTBC ≥ 7,0 đến thời
điểm đăng ký.
Trong trường hợp đặc biệt sinh viên muốn đăng ký vượt quá số tín chỉ tối đa hoặc ít hơn
số tín chỉ tối thiểu phải được sự đồng ý của Hiệu trưởng."
790/QĐ-ĐHCNTT,khoan,Khoản 2,,2/14/2,14002.0,"Học lại: Sinh viên phải đăng ký học lại các học phần bắt buộc có điểm học phần dưới 5,0
ở các học kỳ trước. Đối với các học phần tự chọn, nếu điểm dưới 5,0 sinh viên được
phép đăng ký học lại học phần đó hoặc chọn học phần khác thay thế trong số các học
phần tự chọn quy định cho mỗi ngành đào tạo.
Khi nộp hồ sơ xét tốt nghiệp, sinh viên có thể làm đơn xin hủy học phần tự chọn đã học
(sinh viên không được hủy kết quả học tập trong lúc đang học)."
790/QĐ-ĐHCNTT,khoan,Khoản 3,,2/14/3,14003.0,"Học cải thiện điểm
Đối với học phần có kết quả đạt, sinh viên muốn phấn đấu đạt kết quả cao hơn (cải
thiện điểm) phải đăng ký học lại học phần đó theo quy định sau:
- Kết quả cao nhất trong các lần học được chọn để tính vào ĐTBC, ĐTBCTL. Điểm
của tất cả các lần học được lưu đầy đủ trong kết quả học tập của sinh viên.
- Tổng số tín chỉ đăng ký học cải thiện ở học kỳ nào thì được tính vào tổng số tín chỉ
đăng ký học ở học kỳ đó theo quy định tại Khoản 1 Điều 14 của Quy chế này."
790/QĐ-ĐHCNTT,khoan,Khoản 4,,2/14/4,14004.0,"Việc đăng ký học phần cải thiện được thực hiện theo quy trình đăng ký học phần của
Trường.
Trang 14/27"
790/QĐ-ĐHCNTT,khoan,Khoản 5,,2/14/5,14005.0,"Đăng ký học các môn ngoại ngữ:
- Các lớp học ngoại ngữ nằm trong chương trình đào tạo cho sinh viên chính quy được
mở với thời khóa biểu riêng, linh động theo nhu cầu của sinh viên. Sinh viên được tự
do đăng ký học các lớp ngoại ngữ theo điều kiện môn tiên quyết và không trùng giờ
học với các môn học chính khóa mà sinh viên đang học trên hệ thống của Trường.
- Trong học kỳ hè sinh viên có thể đăng ký học mới, học lại hoặc học cải thiện các
môn ngoại ngữ.
- Học phí các môn ngoại ngữ trong chương trình đào tạo được tính theo quy định: học
lần đầu được tính trọn gói trong học phí học kỳ, học lần thứ hai trở đi được coi là học
lại/cải thiện.
- Thời điểm thi kết thúc môn học thuộc học kỳ nào thì Trường tính điểm cho sinh viên
vào học kỳ đó. Riêng các lớp có thời điểm thi kết thúc môn học thuộc học kỳ hè thì
được tính vào học kỳ 2 cùng năm học."
790/QĐ-ĐHCNTT,dieu,Điều 15,Trách nhiệm của sinh viên và cố vấn học tập ................................................................... 14,2/15,2015.0,Trách nhiệm của sinh viên và cố vấn học tập ................................................................... 14
790/QĐ-ĐHCNTT,dieu,Điều 15,Trách nhiệm của sinh viên và cố vấn học tập,2/15,2015.0,"1.  Sinh viên có trách nhiệm theo dõi kết quả đăng ký học phần trên Cổng thông tin đào tạo
của Trường. Kết quả đăng ký học phần thể hiện: tên học phần, mã học phần, số tín chỉ
của mỗi học phần, lịch học của các học phần.
2.  Sinh viên có trách nhiệm thực hiện đầy đủ các yêu cầu của môn học như lên lớp, làm bài
tập, thực hành, thí nghiệm, tham gia thảo luận, dự kiểm tra thường kỳ và thi kết thúc học
phần.
3.  Mỗi lớp sinh viên có một Cố vấn học tập. Cố vấn học tập do Trưởng khoa/Trưởng bộ
môn quản lý ngành đào tạo đề nghị và Hiệu trưởng ra quyết định bổ nhiệm. Nhiệm vụ cụ
thể của Cố vấn học tập có quy định riêng."
790/QĐ-ĐHCNTT,khoan,Khoản 1,,2/15/1,15001.0,Trách nhiệm của sinh viên và cố vấn học tập ................................................................... 14
790/QĐ-ĐHCNTT,khoan,Khoản 1,,2/15/1,15001.0,"Sinh viên có trách nhiệm theo dõi kết quả đăng ký học phần trên Cổng thông tin đào tạo
của Trường. Kết quả đăng ký học phần thể hiện: tên học phần, mã học phần, số tín chỉ
của mỗi học phần, lịch học của các học phần."
790/QĐ-ĐHCNTT,khoan,Khoản 2,,2/15/2,15002.0,"Sinh viên có trách nhiệm thực hiện đầy đủ các yêu cầu của môn học như lên lớp, làm bài
tập, thực hành, thí nghiệm, tham gia thảo luận, dự kiểm tra thường kỳ và thi kết thúc học
phần."
790/QĐ-ĐHCNTT,khoan,Khoản 3,,2/15/3,15003.0,"Mỗi lớp sinh viên có một Cố vấn học tập. Cố vấn học tập do Trưởng khoa/Trưởng bộ
môn quản lý ngành đào tạo đề nghị và Hiệu trưởng ra quyết định bổ nhiệm. Nhiệm vụ cụ
thể của Cố vấn học tập có quy định riêng."
790/QĐ-ĐHCNTT,dieu,Điều 16,Xử lý học vụ ..................................................................................................................... 14,2/16,2016.0,Xử lý học vụ ..................................................................................................................... 14
790/QĐ-ĐHCNTT,dieu,Điều 16,Xử lý học vụ,2/16,2016.0,"Xử lý học vụ nhằm giúp cho sinh viên lưu ý, điều chỉnh kế hoạch học tập và thái độ
học tập để có thể tốt nghiệp đúng thời hạn quy định. Hằng năm, Trường tiến hành xử lý học
vụ theo 2 đợt: sau học kỳ 1 và sau học kỳ hè. Kết quả học tập của học kỳ hè được tính
chung vào kết quả học tập học kỳ 2 của năm học tương ứng để xem xét xử lý học vụ.
1. Cảnh báo học vụ
Sinh viên bị cảnh báo học vụ nếu vi phạm một trong những trường hợp sau đây:
- Không hoàn thành nghĩa vụ học phí đúng quy định.
- Có ĐTBHK dưới 3,0 hoặc điểm trung bình của liên tiếp 2 học kỳ gần nhất đều dưới
4,0.
Thời hạn cảnh báo học vụ kéo dài trong một học kỳ chính tiếp theo. Sinh viên sẽ
được tự động xóa hình thức xử lý khi kết thúc thời hạn.
2. Đình chỉ học tập
- Sinh viên bị đình chỉ học tập 1 học kỳ chính nếu vi phạm lần đầu trong việc đi thi hộ
hoặc nhờ người thi hộ.
Trang 15/27
- Đình chỉ học tập có thời hạn: áp dụng đối với những sinh viên đang trong thời gian bị
cảnh báo mà vẫn vi phạm kỷ luật hoặc vi phạm nghiêm trọng các hành vi sinh viên
không được làm; sinh viên vi phạm pháp luật bị xử phạt tù nhưng cho hưởng án treo.
3.  Thôi học
a. Sinh viên bị buộc thôi học nếu vi phạm một trong những trường hợp sau đây:
- ĐTBHK hai học kỳ liên tiếp gần nhất bằng 0.
- Đã hết thời hạn được cho phép bảo lưu nhưng không làm thủ tục nhập học lại.
- Đã hết thời gian tối đa hoàn thành khóa học quy định nhưng vẫn chưa hoàn thành
chương trình đào tạo (xem thêm Điều 6 của Quy chế này).
- Sau khi hết thời gian được cho thôi học theo mục b khoản này.
- Bị cảnh báo học vụ lần thứ hai liên tiếp và vẫn tái phạm Khoản 1 Điều 16.
- Bị đình chỉ học tập lần thứ hai.
- Vi phạm kỷ luật có tính chất và mức độ nghiêm trọng, gây ảnh hưởng xấu đến
Trường và xã hội; hoặc vi phạm pháp luật bị xử phạt tù giam.
Sinh viên có tên trong quyết định buộc thôi học bị xóa tên khỏi danh sách sinh viên
chính thức của Trường. Trong vòng một tháng sau khi có quyết định buộc thôi học, Trường
có trách nhiệm thông báo đến sinh viên theo địa chỉ email chính thức Trường đã cấp, đồng
thời thông báo đến gia đình sinh viên theo địa chỉ sinh viên khai báo với Trường.
Sinh viên thuộc diện buộc thôi học nếu có nguyện vọng chuyển từ hình thức đào tạo
chính quy sang hình thức đào tạo từ xa phải làm đơn để Hiệu trưởng xét cụ thể từng trường
hợp.
b. Sinh viên đã hết thời gian tối đa theo Điều 6 của Quy chế này, đã hoàn thành các học
phần trong chương trình đào tạo, chỉ còn thiếu chứng chỉ Giáo dục quốc phòng-an ninh hoặc
chứng chỉ/chứng nhận ngoại ngữ xét công nhận tốt nghiệp thì được Trường xem xét cho
thôi học; Trong thời hạn 03 năm tính từ khi thôi học, sinh viên phải hoàn thiện các điều kiện
còn thiếu để đề nghị xét công nhận tốt nghiệp.
Sinh viên chưa hết thời gian tối đa hoàn thành khóa học quy định tại Điều 6 của Quy
chế này, đã hoàn thành các học phần trong chương trình đào tạo có nguyện vọng xin thôi
học theo diện này thì nộp đơn xin thôi học cho P.ĐTĐH."
790/QĐ-ĐHCNTT,khoan,Khoản 1,,2/16/1,16001.0,Xử lý học vụ ..................................................................................................................... 14
790/QĐ-ĐHCNTT,khoan,Khoản 1,,2/16/1,16001.0,"Cảnh báo học vụ
Sinh viên bị cảnh báo học vụ nếu vi phạm một trong những trường hợp sau đây:
- Không hoàn thành nghĩa vụ học phí đúng quy định.
- Có ĐTBHK dưới 3,0 hoặc điểm trung bình của liên tiếp 2 học kỳ gần nhất đều dưới
4,0.
Thời hạn cảnh báo học vụ kéo dài trong một học kỳ chính tiếp theo. Sinh viên sẽ
được tự động xóa hình thức xử lý khi kết thúc thời hạn."
790/QĐ-ĐHCNTT,khoan,Khoản 2,,2/16/2,16002.0,"Đình chỉ học tập
- Sinh viên bị đình chỉ học tập 1 học kỳ chính nếu vi phạm lần đầu trong việc đi thi hộ
hoặc nhờ người thi hộ.
Trang 15/27
- Đình chỉ học tập có thời hạn: áp dụng đối với những sinh viên đang trong thời gian bị
cảnh báo mà vẫn vi phạm kỷ luật hoặc vi phạm nghiêm trọng các hành vi sinh viên
không được làm; sinh viên vi phạm pháp luật bị xử phạt tù nhưng cho hưởng án treo."
790/QĐ-ĐHCNTT,khoan,Khoản 3,,2/16/3,16003.0,"Thôi học
a. Sinh viên bị buộc thôi học nếu vi phạm một trong những trường hợp sau đây:
- ĐTBHK hai học kỳ liên tiếp gần nhất bằng 0.
- Đã hết thời hạn được cho phép bảo lưu nhưng không làm thủ tục nhập học lại.
- Đã hết thời gian tối đa hoàn thành khóa học quy định nhưng vẫn chưa hoàn thành
chương trình đào tạo (xem thêm Điều 6 của Quy chế này).
- Sau khi hết thời gian được cho thôi học theo mục b khoản này.
- Bị cảnh báo học vụ lần thứ hai liên tiếp và vẫn tái phạm Khoản 1 Điều 16.
- Bị đình chỉ học tập lần thứ hai.
- Vi phạm kỷ luật có tính chất và mức độ nghiêm trọng, gây ảnh hưởng xấu đến
Trường và xã hội; hoặc vi phạm pháp luật bị xử phạt tù giam.
Sinh viên có tên trong quyết định buộc thôi học bị xóa tên khỏi danh sách sinh viên
chính thức của Trường. Trong vòng một tháng sau khi có quyết định buộc thôi học, Trường
có trách nhiệm thông báo đến sinh viên theo địa chỉ email chính thức Trường đã cấp, đồng
thời thông báo đến gia đình sinh viên theo địa chỉ sinh viên khai báo với Trường.
Sinh viên thuộc diện buộc thôi học nếu có nguyện vọng chuyển từ hình thức đào tạo
chính quy sang hình thức đào tạo từ xa phải làm đơn để Hiệu trưởng xét cụ thể từng trường
hợp.
b. Sinh viên đã hết thời gian tối đa theo Điều 6 của Quy chế này, đã hoàn thành các học
phần trong chương trình đào tạo, chỉ còn thiếu chứng chỉ Giáo dục quốc phòng-an ninh hoặc
chứng chỉ/chứng nhận ngoại ngữ xét công nhận tốt nghiệp thì được Trường xem xét cho
thôi học; Trong thời hạn 03 năm tính từ khi thôi học, sinh viên phải hoàn thiện các điều kiện
còn thiếu để đề nghị xét công nhận tốt nghiệp.
Sinh viên chưa hết thời gian tối đa hoàn thành khóa học quy định tại Điều 6 của Quy
chế này, đã hoàn thành các học phần trong chương trình đào tạo có nguyện vọng xin thôi
học theo diện này thì nộp đơn xin thôi học cho P.ĐTĐH."
790/QĐ-ĐHCNTT,dieu,Điều 17,"Thôi học, tạm dừng học tập .............................................................................................. 15",2/17,2017.0,"Thôi học, tạm dừng học tập .............................................................................................. 15"
790/QĐ-ĐHCNTT,dieu,Điều 17,"Thôi học, tạm dừng học tập",2/17,2017.0,"1.   Trường hợp vì hoàn cảnh cá nhân, sinh viên có thể gửi đơn xin thôi học. Trường xem
xét ra quyết định cho phép thôi học và xóa tên khỏi danh sách sinh viên.
2.   Sinh viên được quyền xin tạm dừng học tập và được bảo lưu kết quả học tập trong các
trường hợp sau:
- Được cơ quan có thẩm quyền điều động, đại diện quốc gia tham dự các kỳ thi, giải
đấu quốc tế.
- Bị ốm, thai sản hoặc tai nạn phải điều trị thời gian dài, có chứng nhận của cơ sở
khám bệnh, chữa bệnh có thẩm quyền theo quy định của Bộ Y tế.
Trang 16/27
- Trường hợp vì lý do cá nhân, sinh viên phải học ít nhất một học kỳ ở Trường và
không rơi vào các trường hợp bị đình chỉ học tập, có xác nhận của gia đình và giấy tờ
liên quan hợp lệ.
3.   Thời gian tạm dừng học tập từ một đến tối đa hai học kỳ chính liên tiếp, được tính vào
thời gian tối đa hoàn thành khóa học quy định tại Điều 6 của quy chế này, ngoại trừ
trường hợp được điều động vào lực lượng vũ trang.
4.   Sinh viên tạm dừng học tập, khi muốn trở lại học tiếp tại Trường phải hoàn tất thủ tục
nhập học theo quy định của Trường.
5.  Sinh viên được xin thôi học vì lý do cá nhân, trừ trường hợp bị xem xét buộc thôi học
hoặc xem xét kỷ luật. Những sinh viên đã có quyết định thôi học muốn quay trở lại học
phải dự tuyển đầu vào như những thí sinh khác."
790/QĐ-ĐHCNTT,khoan,Khoản 1,,2/17/1,17001.0,"Thôi học, tạm dừng học tập .............................................................................................. 15"
790/QĐ-ĐHCNTT,khoan,Khoản 1,,2/17/1,17001.0,"Trường hợp vì hoàn cảnh cá nhân, sinh viên có thể gửi đơn xin thôi học. Trường xem
xét ra quyết định cho phép thôi học và xóa tên khỏi danh sách sinh viên."
790/QĐ-ĐHCNTT,khoan,Khoản 2,,2/17/2,17002.0,"Sinh viên được quyền xin tạm dừng học tập và được bảo lưu kết quả học tập trong các
trường hợp sau:
- Được cơ quan có thẩm quyền điều động, đại diện quốc gia tham dự các kỳ thi, giải
đấu quốc tế.
- Bị ốm, thai sản hoặc tai nạn phải điều trị thời gian dài, có chứng nhận của cơ sở
khám bệnh, chữa bệnh có thẩm quyền theo quy định của Bộ Y tế.
Trang 16/27
- Trường hợp vì lý do cá nhân, sinh viên phải học ít nhất một học kỳ ở Trường và
không rơi vào các trường hợp bị đình chỉ học tập, có xác nhận của gia đình và giấy tờ
liên quan hợp lệ."
790/QĐ-ĐHCNTT,khoan,Khoản 3,,2/17/3,17003.0,"Thời gian tạm dừng học tập từ một đến tối đa hai học kỳ chính liên tiếp, được tính vào
thời gian tối đa hoàn thành khóa học quy định tại Điều 6 của quy chế này, ngoại trừ
trường hợp được điều động vào lực lượng vũ trang."
790/QĐ-ĐHCNTT,khoan,Khoản 4,,2/17/4,17004.0,"Sinh viên tạm dừng học tập, khi muốn trở lại học tiếp tại Trường phải hoàn tất thủ tục
nhập học theo quy định của Trường."
790/QĐ-ĐHCNTT,khoan,Khoản 5,,2/17/5,17005.0,"Sinh viên được xin thôi học vì lý do cá nhân, trừ trường hợp bị xem xét buộc thôi học
hoặc xem xét kỷ luật. Những sinh viên đã có quyết định thôi học muốn quay trở lại học
phải dự tuyển đầu vào như những thí sinh khác."
790/QĐ-ĐHCNTT,dieu,Điều 18,Học cùng lúc hai chương trình đào tạo ............................................................................. 16,2/18,2018.0,"ĐẠI HỌC QUỐC GIA TP.HCM
TRƯỜNG ĐẠI HỌC
CÔNG NGHỆ THÔNG TIN
CỘNG HÒA XÃ HỘI CHỦ NGHĨA VIỆT NAM
Độc lập -  Tự do – Hạnh phúc
Trang 2/27"
790/QĐ-ĐHCNTT,dieu,Điều 18,Học cùng lúc hai chương trình đào tạo,2/18,2018.0,"1.   Học cùng lúc hai chương trình đào tạo được áp dụng đối với chương trình song ngành,
dành cho sinh viên có đủ điều kiện theo quy định tại Khoản 2 Điều 18 này và có nhu
cầu đăng ký học thêm một chương trình thứ hai để khi tốt nghiệp được cấp hai văn
bằng.
2.   Sinh viên trình độ đại học văn bằng 1 đang học tại Trường được đăng ký học thêm một
chương trình đào tạo thứ hai nếu thỏa mãn đồng thời các điều kiện sau đây:
a) Ngành đào tạo của chương trình đào tạo thứ hai phải khác ngành đào tạo của chương
trình đào tạo thứ nhất;
b) Không có sự khác biệt trong hình thức đào tạo giữa hai chương trình đào tạo.
c) Đã hoàn thành năm học đầu tiên của chương trình đào tạo thứ nhất, trước học kỳ cuối
của thời gian thiết kế chương trình đào tạo 01 học kỳ. Tại thời điểm đăng ký, sinh viên phải
đáp ứng một trong hai điều kiện sau:
- Học lực tính theo ĐTBCTL xếp loại khá trở lên và đáp ứng ngưỡng bảo đảm chất
lượng của chương trình thứ hai trong năm tuyển sinh (nếu có).
- Học lực tính theo ĐTBCTL xếp loại trung bình và đáp ứng điều kiện trúng tuyển
của chương trình thứ hai trong năm tuyển sinh.
3.  Trong quá trình sinh viên học cùng lúc hai chương trình, nếu ĐTBCTL của chương trình
thứ nhất đạt dưới xếp loại trung bình hoặc thuộc diện cảnh báo học vụ thì phải dừng
học chương trình thứ hai ở học kỳ tiếp theo; sinh viên bị loại khỏi danh sách đã đăng
ký học chương trình thứ hai.
4.   Thời gian tối đa được phép học đối với sinh viên học cùng lúc hai chương trình là thời
gian tối đa quy định cho chương trình thứ nhất, quy định tại Điều 6 của Quy chế này.
Khi học chương trình thứ hai, sinh viên được công nhận kết quả của những học phần
có nội dung và khối lượng kiến thức tương đương có trong chương trình thứ nhất.
5.   Sinh viên chỉ được xét tốt nghiệp chương trình thứ hai nếu đủ điều kiện tốt nghiệp ở
chương trình thứ nhất.
Trang 17/27
6. Sinh viên trình độ đại học đang học tại các CSĐT khác muốn đăng ký học thêm một
chương trình đào tạo thứ hai tại Trường ĐHCNTT thực hiện theo quy định riêng."
790/QĐ-ĐHCNTT,khoan,Khoản 1,,2/18/1,18001.0,"ĐẠI HỌC QUỐC GIA TP.HCM
TRƯỜNG ĐẠI HỌC
CÔNG NGHỆ THÔNG TIN
CỘNG HÒA XÃ HỘI CHỦ NGHĨA VIỆT NAM
Độc lập -  Tự do – Hạnh phúc
Trang 2/27"
790/QĐ-ĐHCNTT,khoan,Khoản 1,,2/18/1,18001.0,"Học cùng lúc hai chương trình đào tạo được áp dụng đối với chương trình song ngành,
dành cho sinh viên có đủ điều kiện theo quy định tại Khoản 2 Điều 18 này và có nhu
cầu đăng ký học thêm một chương trình thứ hai để khi tốt nghiệp được cấp hai văn
bằng."
790/QĐ-ĐHCNTT,khoan,Khoản 2,,2/18/2,18002.0,"Sinh viên trình độ đại học văn bằng 1 đang học tại Trường được đăng ký học thêm một
chương trình đào tạo thứ hai nếu thỏa mãn đồng thời các điều kiện sau đây:
a) Ngành đào tạo của chương trình đào tạo thứ hai phải khác ngành đào tạo của chương
trình đào tạo thứ nhất;
b) Không có sự khác biệt trong hình thức đào tạo giữa hai chương trình đào tạo.
c) Đã hoàn thành năm học đầu tiên của chương trình đào tạo thứ nhất, trước học kỳ cuối
của thời gian thiết kế chương trình đào tạo 01 học kỳ. Tại thời điểm đăng ký, sinh viên phải
đáp ứng một trong hai điều kiện sau:
- Học lực tính theo ĐTBCTL xếp loại khá trở lên và đáp ứng ngưỡng bảo đảm chất
lượng của chương trình thứ hai trong năm tuyển sinh (nếu có).
- Học lực tính theo ĐTBCTL xếp loại trung bình và đáp ứng điều kiện trúng tuyển
của chương trình thứ hai trong năm tuyển sinh."
790/QĐ-ĐHCNTT,diem,Điểm a),,2/18/2/a,18002.01,"Ngành đào tạo của chương trình đào tạo thứ hai phải khác ngành đào tạo của chương
trình đào tạo thứ nhất;"
790/QĐ-ĐHCNTT,diem,Điểm b),,2/18/2/b,18002.02,Không có sự khác biệt trong hình thức đào tạo giữa hai chương trình đào tạo.
790/QĐ-ĐHCNTT,diem,Điểm c),,2/18/2/c,18002.03,"Đã hoàn thành năm học đầu tiên của chương trình đào tạo thứ nhất, trước học kỳ cuối
của thời gian thiết kế chương trình đào tạo 01 học kỳ. Tại thời điểm đăng ký, sinh viên phải
đáp ứng một trong hai điều kiện sau:
- Học lực tính theo ĐTBCTL xếp loại khá trở lên và đáp ứng ngưỡng bảo đảm chất
lượng của chương trình thứ hai trong năm tuyển sinh (nếu có).
- Học lực tính theo ĐTBCTL xếp loại trung bình và đáp ứng điều kiện trúng tuyển
của chương trình thứ hai trong năm tuyển sinh."
790/QĐ-ĐHCNTT,khoan,Khoản 3,,2/18/3,18003.0,"Trong quá trình sinh viên học cùng lúc hai chương trình, nếu ĐTBCTL của chương trình
thứ nhất đạt dưới xếp loại trung bình hoặc thuộc diện cảnh báo học vụ thì phải dừng
học chương trình thứ hai ở học kỳ tiếp theo; sinh viên bị loại khỏi danh sách đã đăng
ký học chương trình thứ hai."
790/QĐ-ĐHCNTT,khoan,Khoản 4,,2/18/4,18004.0,"Thời gian tối đa được phép học đối với sinh viên học cùng lúc hai chương trình là thời
gian tối đa quy định cho chương trình thứ nhất, quy định tại Điều 6 của Quy chế này.
Khi học chương trình thứ hai, sinh viên được công nhận kết quả của những học phần
có nội dung và khối lượng kiến thức tương đương có trong chương trình thứ nhất."
790/QĐ-ĐHCNTT,khoan,Khoản 5,,2/18/5,18005.0,"Sinh viên chỉ được xét tốt nghiệp chương trình thứ hai nếu đủ điều kiện tốt nghiệp ở
chương trình thứ nhất.
Trang 17/27"
790/QĐ-ĐHCNTT,khoan,Khoản 6,,2/18/6,18006.0,"Sinh viên trình độ đại học đang học tại các CSĐT khác muốn đăng ký học thêm một
chương trình đào tạo thứ hai tại Trường ĐHCNTT thực hiện theo quy định riêng."
790/QĐ-ĐHCNTT,dieu,Điều 19,"Điều kiện để chuyển ngành, chuyển chương trình, chuyển trường .................................. 17",2/19,2019.0,"Điều kiện để chuyển ngành, chuyển chương trình, chuyển trường .................................. 17"
790/QĐ-ĐHCNTT,dieu,Điều 19,"Điều kiện để chuyển ngành, chuyển chương trình, chuyển trường",2/19,2019.0,"1.   Chuyển ngành/chương trình
Sinh viên được xem xét chuyển ngành/chương trình nếu có đủ các điều kiện sau:
- Sinh viên đạt điều kiện trúng tuyển của ngành/chương trình đào tạo trong cùng
khóa tuyển sinh.
- Không trong thời gian bị kỷ luật từ cảnh báo trở lên.
- Không thuộc năm nhất.
- Đạt số tín chỉ tích lũy tối thiểu quy định tại Khoản 4 Điều 10 và có ĐTBC từ 6,0
trở lên.
- Được sự chấp thuận của Trưởng khoa/Trưởng bộ môn quản lý ngành/chương
trình đào tạo (nơi chuyển đến) và Trưởng khoa/Trưởng bộ môn quản lý
ngành/chương trình đào tạo (nơi chuyển đi).
- Ngành/chương trình chuyển đến có đủ các điều kiện bảo đảm chất lượng, chưa
vượt quá năng lực đào tạo đối với ngành/chương trình đào tạo đó theo quy định
hiện hành của Bộ Giáo dục và Đào tạo.
Ngoài các quy định này, sinh viên chương trình nâng cao, chương trình tiên tiến và
chương trình tài năng thực hiện theo các quy định riêng (nếu có).
2.   Chuyển trường
Sinh viên được chuyển trường nếu có đủ các điều kiện sau:
- Không đang là sinh viên trình độ năm thứ nhất hoặc năm cuối khóa, không thuộc
diện bị xử lý học vụ từ cảnh báo trở lên (trường hợp bị kỷ luật vì kết quả học tập có
thể được Hiệu trưởng xem xét, quyết định cho chuyển) và còn đủ thời gian học tập
theo quy định tại Điều 6 của Quy chế này;
- Sinh viên đạt điều kiện trúng tuyển của chương trình, ngành đào tạo cùng khóa tuyển
sinh tại nơi chuyển đến;
- Nơi chuyển đến có đủ các điều kiện bảo đảm chất lượng, chưa vượt quá năng lực đào
tạo đối với chương trình, ngành đào tạo đó theo quy định hiện hành của Bộ Giáo dục
và Đào tạo;
- Được sự đồng ý của Hiệu trưởng trường xin chuyển đi và Hiệu trưởng trường tiếp
nhận.
Sinh viên xin chuyển trường phải có hồ sơ xin chuyển trường theo mẫu quy định.
Thời gian tối đa được phép học đối với sinh viên chuyển ngành/chương trình đào
tạo/trường là thời gian tối đa hoàn thành khóa học được quy định tại Điều 6 của Quy chế
này.
Trang 18/27"
790/QĐ-ĐHCNTT,khoan,Khoản 1,,2/19/1,19001.0,"Điều kiện để chuyển ngành, chuyển chương trình, chuyển trường .................................. 17"
790/QĐ-ĐHCNTT,khoan,Khoản 1,,2/19/1,19001.0,"Chuyển ngành/chương trình
Sinh viên được xem xét chuyển ngành/chương trình nếu có đủ các điều kiện sau:
- Sinh viên đạt điều kiện trúng tuyển của ngành/chương trình đào tạo trong cùng
khóa tuyển sinh.
- Không trong thời gian bị kỷ luật từ cảnh báo trở lên.
- Không thuộc năm nhất.
- Đạt số tín chỉ tích lũy tối thiểu quy định tại Khoản 4 Điều 10 và có ĐTBC từ 6,0
trở lên.
- Được sự chấp thuận của Trưởng khoa/Trưởng bộ môn quản lý ngành/chương
trình đào tạo (nơi chuyển đến) và Trưởng khoa/Trưởng bộ môn quản lý
ngành/chương trình đào tạo (nơi chuyển đi).
- Ngành/chương trình chuyển đến có đủ các điều kiện bảo đảm chất lượng, chưa
vượt quá năng lực đào tạo đối với ngành/chương trình đào tạo đó theo quy định
hiện hành của Bộ Giáo dục và Đào tạo.
Ngoài các quy định này, sinh viên chương trình nâng cao, chương trình tiên tiến và
chương trình tài năng thực hiện theo các quy định riêng (nếu có)."
790/QĐ-ĐHCNTT,khoan,Khoản 2,,2/19/2,19002.0,"Chuyển trường
Sinh viên được chuyển trường nếu có đủ các điều kiện sau:
- Không đang là sinh viên trình độ năm thứ nhất hoặc năm cuối khóa, không thuộc
diện bị xử lý học vụ từ cảnh báo trở lên (trường hợp bị kỷ luật vì kết quả học tập có
thể được Hiệu trưởng xem xét, quyết định cho chuyển) và còn đủ thời gian học tập
theo quy định tại Điều 6 của Quy chế này;
- Sinh viên đạt điều kiện trúng tuyển của chương trình, ngành đào tạo cùng khóa tuyển
sinh tại nơi chuyển đến;
- Nơi chuyển đến có đủ các điều kiện bảo đảm chất lượng, chưa vượt quá năng lực đào
tạo đối với chương trình, ngành đào tạo đó theo quy định hiện hành của Bộ Giáo dục
và Đào tạo;
- Được sự đồng ý của Hiệu trưởng trường xin chuyển đi và Hiệu trưởng trường tiếp
nhận.
Sinh viên xin chuyển trường phải có hồ sơ xin chuyển trường theo mẫu quy định.
Thời gian tối đa được phép học đối với sinh viên chuyển ngành/chương trình đào
tạo/trường là thời gian tối đa hoàn thành khóa học được quy định tại Điều 6 của Quy chế
này.
Trang 18/27"
790/QĐ-ĐHCNTT,chuong,Chương 3,,3,3.0,
790/QĐ-ĐHCNTT,chuong,Chương 3,KIỂM TRA VÀ THI HỌC PHẦN,3,3.0,KIỂM TRA VÀ THI HỌC PHẦN
790/QĐ-ĐHCNTT,dieu,Điều 20,Tổ chức đánh giá môn học ............................................................................................... 18,3/20,3020.0,Tổ chức đánh giá môn học ............................................................................................... 18
790/QĐ-ĐHCNTT,dieu,Điều 20,Tổ chức đánh giá môn học,3/20,3020.0,"1.
Điều kiện dự thi kết thúc học phần
Sinh viên được dự thi kết thúc học phần khi có mặt từ 80% trở lên số buổi học theo
thời khóa biểu của học phần đó, trừ những sinh viên được Hiệu trưởng cho phép học
chương trình song ngành.
Giảng viên có thể để nghị P.ĐTĐH không cho sinh viên dự thi kết thúc học phần theo
quy định riêng của môn học đã công bố cho sinh viên.
2. Tổ chức các đợt thi tập trung
Mỗi học kỳ chính Trường tổ chức một kỳ kiểm tra giữa kỳ và một kỳ thi kết thúc học
kỳ. Hai đợt thi được tổ chức tập trung theo kế hoạch giảng dạy và học tập của Trường.
Khoa, bộ môn, giảng viên không tổ chức thi ngoài các đợt đã thông báo. Hiệu trưởng quy
định thời gian học, ôn thi và thi cho từng học kỳ.
3. Tổ chức đánh giá môn học
Việc tổ chức đánh giá học phần được thực hiện theo đề cương chi tiết đã phê duyệt. Quy
định cụ thể việc tổ chức thi kết thúc học phần, ra đề thi, chấm thi, chấm phúc khảo và xử lý
điểm sau chấm phúc khảo; thông báo kết quả, công tác bảo quản, lưu trữ được áp dụng theo
Quy định tổ chức đánh giá các môn học hệ đại học chính quy của Trường ĐHCNTT."
790/QĐ-ĐHCNTT,khoan,Khoản 1,,3/20/1,20001.0,Tổ chức đánh giá môn học ............................................................................................... 18
790/QĐ-ĐHCNTT,khoan,Khoản 1,,3/20/1,20001.0,"Điều kiện dự thi kết thúc học phần
Sinh viên được dự thi kết thúc học phần khi có mặt từ 80% trở lên số buổi học theo
thời khóa biểu của học phần đó, trừ những sinh viên được Hiệu trưởng cho phép học
chương trình song ngành.
Giảng viên có thể để nghị P.ĐTĐH không cho sinh viên dự thi kết thúc học phần theo
quy định riêng của môn học đã công bố cho sinh viên."
790/QĐ-ĐHCNTT,khoan,Khoản 2,,3/20/2,20002.0,"Tổ chức các đợt thi tập trung
Mỗi học kỳ chính Trường tổ chức một kỳ kiểm tra giữa kỳ và một kỳ thi kết thúc học
kỳ. Hai đợt thi được tổ chức tập trung theo kế hoạch giảng dạy và học tập của Trường.
Khoa, bộ môn, giảng viên không tổ chức thi ngoài các đợt đã thông báo. Hiệu trưởng quy
định thời gian học, ôn thi và thi cho từng học kỳ."
790/QĐ-ĐHCNTT,khoan,Khoản 3,,3/20/3,20003.0,"Tổ chức đánh giá môn học
Việc tổ chức đánh giá học phần được thực hiện theo đề cương chi tiết đã phê duyệt. Quy
định cụ thể việc tổ chức thi kết thúc học phần, ra đề thi, chấm thi, chấm phúc khảo và xử lý
điểm sau chấm phúc khảo; thông báo kết quả, công tác bảo quản, lưu trữ được áp dụng theo
Quy định tổ chức đánh giá các môn học hệ đại học chính quy của Trường ĐHCNTT."
790/QĐ-ĐHCNTT,dieu,Điều 21,"Đánh giá kết quả học tập của học phần, học kỳ, năm học, toàn khóa .............................. 18",3/21,3021.0,"Đánh giá kết quả học tập của học phần, học kỳ, năm học, toàn khóa .............................. 18"
790/QĐ-ĐHCNTT,dieu,Điều 21,"Đánh giá kết quả học tập của học phần, học kỳ, năm học, toàn khóa",3/21,3021.0,"1.  Thang điểm đánh giá và xếp loại
Các loại điểm của học phần được đánh giá theo thang điểm 10. Các thang điểm khác
chỉ mang tính tham khảo, chuyển đổi khi cần thiết.
Bảng xếp loại và thang điểm tương ứng
Loại
Thang điểm 10
Thang điểm 100
Điểm 4 Điểm chữ
Xếp loại
Đạt
9,0 đến 10,0
Từ 90 đến 100
4,0
A+
Xuất sắc
8,0 đến cận 9,0
Từ 80 đến cận 90
3,5
A
Giỏi
7,0 đến cận 8,0
Từ 70 đến cận 80
3,0
B+
Khá
6,0 đến cận 7,0
Từ 60 đến cận 70
2,5
B
Trung bình
khá
5,0 đến cận 6,0
Từ 50 đến cận 60
2,0
C
Trung bình
Không
đạt
4,0 đến cận 5,0
Từ 40 đến cận 50
1,5
D+
Yếu
3,0 đến cận 4,0
Từ 30 đến cận 40
1,0
D
Kém
Trang 19/27
< 3,0
Dưới 30
0,0
F
2.  Điểm cuối cùng để đánh giá một học phần được gọi là điểm học phần. Điểm học phần
được đánh giá dựa trên kết quả học tập toàn diện của sinh viên trong suốt học kỳ đối với học
phần đó. Mỗi môn học có tối đa 4 điểm thành phần: Cuối kỳ (bắt buộc phải có), Giữa kỳ,
Thực hành (bắt buộc phải có đối với những môn học có tín chỉ thực hành) và Quá trình
(gồm các điểm được cho trong quá trình học như điểm bài tập, thuyết trình, chuyên cần, …).
Tỉ lệ các thành phần điểm và các hình thức đánh giá của mỗi thành phần điểm được ghi rõ
trong Đề cương môn học. Điểm thành phần được làm tròn đến 0,5. Cán bộ giảng dạy có
trách nhiệm thông báo rộng rãi đến sinh viên trong tuần đầu tiên của học kỳ về cách đánh
giá môn học. Điểm học phần là điểm trung bình tính theo hệ số của các điềm thành phần,
tính theo thang điểm 10 và được làm tròn đến 0,1.
3.  Đối với các học phần đã đăng ký học, sinh viên có trách nhiệm thực hiện đầy đủ và
nghiêm túc mọi yêu cầu của cán bộ giảng dạy về việc lên lớp, làm bài tập, thực hành, thí
nghiệm, tham gia thảo luận, dự kiểm tra giữa học phần và kết thúc học phần. Trong trường
hợp sinh viên có lý do chính đáng (ốm đau, tai nạn, việc gia đình đột xuất,…) không thể
tham dự thi giữa kỳ thì làm đơn trình bày cùng các minh chứng, P.ĐTĐH xem xét và nếu
hợp lệ sinh viên được phép dùng điểm cuối kỳ thay cho điểm giữa kỳ."
790/QĐ-ĐHCNTT,khoan,Khoản 1,,3/21/1,21001.0,"Đánh giá kết quả học tập của học phần, học kỳ, năm học, toàn khóa .............................. 18"
790/QĐ-ĐHCNTT,khoan,Khoản 1,,3/21/1,21001.0,"Thang điểm đánh giá và xếp loại
Các loại điểm của học phần được đánh giá theo thang điểm 10. Các thang điểm khác
chỉ mang tính tham khảo, chuyển đổi khi cần thiết.
Bảng xếp loại và thang điểm tương ứng
Loại
Thang điểm 10
Thang điểm 100
Điểm 4 Điểm chữ
Xếp loại
Đạt
9,0 đến 10,0
Từ 90 đến 100
4,0
A+
Xuất sắc
8,0 đến cận 9,0
Từ 80 đến cận 90
3,5
A
Giỏi
7,0 đến cận 8,0
Từ 70 đến cận 80
3,0
B+
Khá
6,0 đến cận 7,0
Từ 60 đến cận 70
2,5
B
Trung bình
khá
5,0 đến cận 6,0
Từ 50 đến cận 60
2,0
C
Trung bình
Không
đạt
4,0 đến cận 5,0
Từ 40 đến cận 50
1,5
D+
Yếu
3,0 đến cận 4,0
Từ 30 đến cận 40
1,0
D
Kém
Trang 19/27
< 3,0
Dưới 30
0,0
F"
790/QĐ-ĐHCNTT,khoan,Khoản 2,,3/21/2,21002.0,"Điểm cuối cùng để đánh giá một học phần được gọi là điểm học phần. Điểm học phần
được đánh giá dựa trên kết quả học tập toàn diện của sinh viên trong suốt học kỳ đối với học
phần đó. Mỗi môn học có tối đa 4 điểm thành phần: Cuối kỳ (bắt buộc phải có), Giữa kỳ,
Thực hành (bắt buộc phải có đối với những môn học có tín chỉ thực hành) và Quá trình
(gồm các điểm được cho trong quá trình học như điểm bài tập, thuyết trình, chuyên cần, …).
Tỉ lệ các thành phần điểm và các hình thức đánh giá của mỗi thành phần điểm được ghi rõ
trong Đề cương môn học. Điểm thành phần được làm tròn đến 0,5. Cán bộ giảng dạy có
trách nhiệm thông báo rộng rãi đến sinh viên trong tuần đầu tiên của học kỳ về cách đánh
giá môn học. Điểm học phần là điểm trung bình tính theo hệ số của các điềm thành phần,
tính theo thang điểm 10 và được làm tròn đến 0,1."
790/QĐ-ĐHCNTT,khoan,Khoản 3,,3/21/3,21003.0,"Đối với các học phần đã đăng ký học, sinh viên có trách nhiệm thực hiện đầy đủ và
nghiêm túc mọi yêu cầu của cán bộ giảng dạy về việc lên lớp, làm bài tập, thực hành, thí
nghiệm, tham gia thảo luận, dự kiểm tra giữa học phần và kết thúc học phần. Trong trường
hợp sinh viên có lý do chính đáng (ốm đau, tai nạn, việc gia đình đột xuất,…) không thể
tham dự thi giữa kỳ thì làm đơn trình bày cùng các minh chứng, P.ĐTĐH xem xét và nếu
hợp lệ sinh viên được phép dùng điểm cuối kỳ thay cho điểm giữa kỳ."
790/QĐ-ĐHCNTT,dieu,Điều 22,Không hoàn tất học phần .................................................................................................. 19,3/22,3022.0,Không hoàn tất học phần .................................................................................................. 19
790/QĐ-ĐHCNTT,dieu,Điều 22,Không hoàn tất học phần,3/22,3022.0,"Trường hợp vì những lý do chính đáng không thể dự thi, kiểm tra (ốm đau, tai nạn,
việc gia đình đột xuất,…), sinh viên được xem xét giải quyết cho nhận điểm chưa hoàn tất
học phần (hoãn thi), ký hiệu bằng chữ I.
1.  Trước khi kết thúc học kỳ, sinh viên nộp đơn trình bày rõ lý do không thể hoàn tất học
phần cùng các giấy tờ minh chứng cần thiết cho cán bộ giảng dạy học phần đó và
P.ĐTĐH. Trường hợp đột xuất và có lý do chính đáng, sinh viên phải nộp trong vòng 3
ngày kể từ ngày thi kết thúc học phần để được xem xét.
2. Cán bộ giảng dạy phụ trách học phần, khoa/bộ môn quản lý chương trình đào tạo và
P.ĐTĐH xem xét và quyết định sinh viên có được nhận điểm I hay không. Nếu không
được chấp thuận, sinh viên tự ý bỏ thi sẽ nhận điểm không (0) cho học phần đó.
3.  Nếu được nhận điểm I, trong thời gian tối đa là 2 học kỳ chính tiếp theo, sinh viên phải
làm đơn đăng ký thi lại học phần đó. Sau khi thi, điểm I được điều chỉnh thành điểm mà
sinh viên đạt được. Ngược lại, nếu sinh viên không đăng ký thi lại sau hai học kỳ chính
tiếp theo thì điểm I được điều chỉnh thành điểm không (0).
4. Trường hợp sinh viên vì lý do chính đáng không thể dự thi giữa kỳ thì cán bộ giảng dạy
xem xét quyết định phương án xử lý và gửi bảng điểm bổ sung (nếu có) cho P.ĐTĐH.
5.   Số tín chỉ nhận điểm I trong học kỳ của sinh viên không tính để xét học bổng khuyến
khích học tập trong học kỳ đó."
790/QĐ-ĐHCNTT,khoan,Khoản 1,,3/22/1,22001.0,Không hoàn tất học phần .................................................................................................. 19
790/QĐ-ĐHCNTT,khoan,Khoản 1,,3/22/1,22001.0,"Trước khi kết thúc học kỳ, sinh viên nộp đơn trình bày rõ lý do không thể hoàn tất học
phần cùng các giấy tờ minh chứng cần thiết cho cán bộ giảng dạy học phần đó và
P.ĐTĐH. Trường hợp đột xuất và có lý do chính đáng, sinh viên phải nộp trong vòng 3
ngày kể từ ngày thi kết thúc học phần để được xem xét."
790/QĐ-ĐHCNTT,khoan,Khoản 2,,3/22/2,22002.0,"Cán bộ giảng dạy phụ trách học phần, khoa/bộ môn quản lý chương trình đào tạo và
P.ĐTĐH xem xét và quyết định sinh viên có được nhận điểm I hay không. Nếu không
được chấp thuận, sinh viên tự ý bỏ thi sẽ nhận điểm không (0) cho học phần đó."
790/QĐ-ĐHCNTT,khoan,Khoản 3,,3/22/3,22003.0,"Nếu được nhận điểm I, trong thời gian tối đa là 2 học kỳ chính tiếp theo, sinh viên phải
làm đơn đăng ký thi lại học phần đó. Sau khi thi, điểm I được điều chỉnh thành điểm mà
sinh viên đạt được. Ngược lại, nếu sinh viên không đăng ký thi lại sau hai học kỳ chính
tiếp theo thì điểm I được điều chỉnh thành điểm không (0)."
790/QĐ-ĐHCNTT,khoan,Khoản 4,,3/22/4,22004.0,"Trường hợp sinh viên vì lý do chính đáng không thể dự thi giữa kỳ thì cán bộ giảng dạy
xem xét quyết định phương án xử lý và gửi bảng điểm bổ sung (nếu có) cho P.ĐTĐH."
790/QĐ-ĐHCNTT,khoan,Khoản 5,,3/22/5,22005.0,"Số tín chỉ nhận điểm I trong học kỳ của sinh viên không tính để xét học bổng khuyến
khích học tập trong học kỳ đó."
790/QĐ-ĐHCNTT,dieu,Điều 23,Điểm Miễn ........................................................................................................................ 19,3/23,3023.0,Điểm Miễn ........................................................................................................................ 19
790/QĐ-ĐHCNTT,dieu,Điều 23,Điểm Miễn,3/23,3023.0,"1.  Điểm BL
- Sinh viên đã thi đạt yêu cầu một học phần thuộc trình độ đại học ở một CSĐT khác
trong thời gian không quá 5 năm nếu muốn xin miễn học phần đó thì cần phải làm
Trang 20/27
đơn kèm theo xác nhận (số tiết học, số tín chỉ và điểm) gửi về P. ĐTĐH của Trường
trong vòng 1 tháng sau khi bắt đầu học kỳ. Trường có thể yêu cầu sinh viên cung cấp
đề cương chi tiết của học phần có xác nhận của nơi sinh viên đã học. Nếu được chấp
thuận thì học phần đó được cho điểm mà sinh viên đã đạt và kèm theo chữ bảo lưu
(BL).
2.  Điểm M
- Trong trường hợp sinh viên đã đạt được kết quả cho một học phần thuộc trình độ đại
học ở một CSĐT khác mà điểm không xác định cụ thể, sinh viên phải làm đơn kèm
xác nhận về P. ĐTĐH để xem xét. P. ĐTĐH ghi điểm học phần bằng ký hiệu (M) để
phân biệt với loại điểm mà sinh viên tích lũy được bằng cách thi.
- Trong trường hợp sinh viên tham gia các kỳ thi quốc gia, quốc tế do Trường cử đi:
o Đối với các học phần phù hợp chuyên môn của kỳ thi: Ngay sau kỳ thi, đơn vị
lựa chọn sinh viên tham gia kỳ thi gửi đề nghị cho khoa/bộ môn chịu trách
nhiệm quản lý các môn học xét duyệt các học phần mà sinh viên được nhận điểm
M hoặc điểm cụ thể.
o Đối với các học phần không phù hợp chuyên môn của kỳ thi:
▪ Nếu trùng thời gian thi cuối kỳ: sinh viên được nhận điểm I.
▪ Nếu trùng thời gian kiểm tra giữa kỳ: sinh viên được dùng điểm cuối kỳ
thay thế điểm giữa kỳ.
3.   Nếu không muốn nhận điểm M hoặc muốn nhận điểm cao hơn điểm được cho theo
Khoản 2 Điều 24 này, sinh viên phải đăng ký học và dự thi học phần đó."
790/QĐ-ĐHCNTT,khoan,Khoản 1,,3/23/1,23001.0,Điểm Miễn ........................................................................................................................ 19
790/QĐ-ĐHCNTT,khoan,Khoản 1,,3/23/1,23001.0,"Điểm BL
- Sinh viên đã thi đạt yêu cầu một học phần thuộc trình độ đại học ở một CSĐT khác
trong thời gian không quá 5 năm nếu muốn xin miễn học phần đó thì cần phải làm
Trang 20/27
đơn kèm theo xác nhận (số tiết học, số tín chỉ và điểm) gửi về P. ĐTĐH của Trường
trong vòng 1 tháng sau khi bắt đầu học kỳ. Trường có thể yêu cầu sinh viên cung cấp
đề cương chi tiết của học phần có xác nhận của nơi sinh viên đã học. Nếu được chấp
thuận thì học phần đó được cho điểm mà sinh viên đã đạt và kèm theo chữ bảo lưu
(BL)."
790/QĐ-ĐHCNTT,khoan,Khoản 2,,3/23/2,23002.0,"Điểm M
- Trong trường hợp sinh viên đã đạt được kết quả cho một học phần thuộc trình độ đại
học ở một CSĐT khác mà điểm không xác định cụ thể, sinh viên phải làm đơn kèm
xác nhận về P. ĐTĐH để xem xét. P. ĐTĐH ghi điểm học phần bằng ký hiệu (M) để
phân biệt với loại điểm mà sinh viên tích lũy được bằng cách thi.
- Trong trường hợp sinh viên tham gia các kỳ thi quốc gia, quốc tế do Trường cử đi:
o Đối với các học phần phù hợp chuyên môn của kỳ thi: Ngay sau kỳ thi, đơn vị
lựa chọn sinh viên tham gia kỳ thi gửi đề nghị cho khoa/bộ môn chịu trách
nhiệm quản lý các môn học xét duyệt các học phần mà sinh viên được nhận điểm
M hoặc điểm cụ thể.
o Đối với các học phần không phù hợp chuyên môn của kỳ thi:
▪ Nếu trùng thời gian thi cuối kỳ: sinh viên được nhận điểm I.
▪ Nếu trùng thời gian kiểm tra giữa kỳ: sinh viên được dùng điểm cuối kỳ
thay thế điểm giữa kỳ."
790/QĐ-ĐHCNTT,khoan,Khoản 3,,3/23/3,23003.0,"Nếu không muốn nhận điểm M hoặc muốn nhận điểm cao hơn điểm được cho theo
Khoản 2 Điều 24 này, sinh viên phải đăng ký học và dự thi học phần đó."
790/QĐ-ĐHCNTT,dieu,Điều 24,Cách quản lý điểm ............................................................................................................ 20,3/24,3024.0,Cách quản lý điểm ............................................................................................................ 20
790/QĐ-ĐHCNTT,dieu,Điều 24,Cách quản lý điểm,3/24,3024.0,"1.  Điểm trung bình học kỳ (ĐTBHK) là điểm trung bình của các học phần mà sinh viên đã
đăng ký học trong học kỳ đó với trọng số là số tín chỉ của mỗi học phần (bao gồm cả
những học phần không đạt). ĐTBHK được dùng để xét học bổng, khen thưởng, xử lý
học vụ sau mỗi học kỳ.
2.  Điểm trung bình chung (ĐTBC) là điểm trung bình của các học phần mà sinh viên đã
đăng ký học từ lúc bắt đầu khóa học đến thời điểm được tính với trọng số là số tín chỉ
của mỗi học phần (được tính theo điểm học phần cao nhất trong các lần học, bao gồm cả
những học phần không đạt). ĐTBC được dùng để xét số tín chỉ được phép đăng ký trong
học kỳ, học vượt, xét chuyển ngành/chương trình, xét điều kiện làm khóa luận tốt
nghiệp.
3. Điểm trung bình chung tích lũy (ĐTBCTL) là điểm trung bình của các học phần mà sinh
viên đã đăng ký học từ lúc bắt đầu khóa học đến thời điểm được tính với trọng số là số
tín chỉ đã được tích lũy (đạt từ 5,0 điểm trở lên) của mỗi học phần (được tính theo điểm
học phần cao nhất trong các lần học). ĐTBCTL được tính khi sinh viên đủ điều kiện tốt
nghiệp, được dùng để phân loại kết quả học tập và xếp hạng tốt nghiệp.
4.   Cách tính ĐTBHK, ĐTBC, ĐTBCTL được quy định tại Điều 26 của Quy chế này.
5.   Kết quả học tập của học kỳ hè (nếu có) được tính chung vào học kỳ liền kề trước đó.
Trang 21/27
6.   Học phần có kết quả từ 5,0 điểm trở lên được bảo lưu khi sinh viên học thêm một ngành
học mới trong Trường. Điểm bảo lưu được tính vào ĐTBC, ĐTBCTL.
7.   Không tính kết quả thi các học phần Giáo dục quốc phòng-An ninh và Giáo dục thể chất
vào ĐTBHK, ĐTBC hoặc ĐTBCTL. Việc đánh giá kết quả và điều kiện cấp chứng chỉ
đối với học phần này theo quy định riêng của Bộ GD&ĐT.
8.   Điểm I, điểm M, điểm BL không được tính trong ĐTBHK, ĐTBC và ĐTBCTL."
790/QĐ-ĐHCNTT,khoan,Khoản 1,,3/24/1,24001.0,Cách quản lý điểm ............................................................................................................ 20
790/QĐ-ĐHCNTT,khoan,Khoản 1,,3/24/1,24001.0,"Điểm trung bình học kỳ (ĐTBHK) là điểm trung bình của các học phần mà sinh viên đã
đăng ký học trong học kỳ đó với trọng số là số tín chỉ của mỗi học phần (bao gồm cả
những học phần không đạt). ĐTBHK được dùng để xét học bổng, khen thưởng, xử lý
học vụ sau mỗi học kỳ."
790/QĐ-ĐHCNTT,khoan,Khoản 2,,3/24/2,24002.0,"Điểm trung bình chung (ĐTBC) là điểm trung bình của các học phần mà sinh viên đã
đăng ký học từ lúc bắt đầu khóa học đến thời điểm được tính với trọng số là số tín chỉ
của mỗi học phần (được tính theo điểm học phần cao nhất trong các lần học, bao gồm cả
những học phần không đạt). ĐTBC được dùng để xét số tín chỉ được phép đăng ký trong
học kỳ, học vượt, xét chuyển ngành/chương trình, xét điều kiện làm khóa luận tốt
nghiệp."
790/QĐ-ĐHCNTT,khoan,Khoản 3,,3/24/3,24003.0,"Điểm trung bình chung tích lũy (ĐTBCTL) là điểm trung bình của các học phần mà sinh
viên đã đăng ký học từ lúc bắt đầu khóa học đến thời điểm được tính với trọng số là số
tín chỉ đã được tích lũy (đạt từ 5,0 điểm trở lên) của mỗi học phần (được tính theo điểm
học phần cao nhất trong các lần học). ĐTBCTL được tính khi sinh viên đủ điều kiện tốt
nghiệp, được dùng để phân loại kết quả học tập và xếp hạng tốt nghiệp."
790/QĐ-ĐHCNTT,khoan,Khoản 4,,3/24/4,24004.0,"Cách tính ĐTBHK, ĐTBC, ĐTBCTL được quy định tại Điều 26 của Quy chế này."
790/QĐ-ĐHCNTT,khoan,Khoản 5,,3/24/5,24005.0,"Kết quả học tập của học kỳ hè (nếu có) được tính chung vào học kỳ liền kề trước đó.
Trang 21/27"
790/QĐ-ĐHCNTT,khoan,Khoản 6,,3/24/6,24006.0,"Học phần có kết quả từ 5,0 điểm trở lên được bảo lưu khi sinh viên học thêm một ngành
học mới trong Trường. Điểm bảo lưu được tính vào ĐTBC, ĐTBCTL."
790/QĐ-ĐHCNTT,khoan,Khoản 7,,3/24/7,24007.0,"Không tính kết quả thi các học phần Giáo dục quốc phòng-An ninh và Giáo dục thể chất
vào ĐTBHK, ĐTBC hoặc ĐTBCTL. Việc đánh giá kết quả và điều kiện cấp chứng chỉ
đối với học phần này theo quy định riêng của Bộ GD&ĐT."
790/QĐ-ĐHCNTT,khoan,Khoản 8,,3/24/8,24008.0,"Điểm I, điểm M, điểm BL không được tính trong ĐTBHK, ĐTBC và ĐTBCTL."
790/QĐ-ĐHCNTT,dieu,Điều 25,Cách tính điểm trung bình ................................................................................................ 21,3/25,3025.0,Cách tính điểm trung bình ................................................................................................ 21
790/QĐ-ĐHCNTT,dieu,Điều 25,Cách tính điểm trung bình,3/25,3025.0,"1.   ĐTBHK, ĐTBC và ĐTBCTL được tính theo công thức:
1
1
n
i
i
i
n
i
i
a
n
A
n
=
=

= 

Trong đó:
+  A là ĐTBHK, ĐTBC hoặc ĐTBCTL
+  ai là điểm của môn học thứ i
+  ni là số tín chỉ học tập của môn học thứ i
+  n là tổng số môn học được tính.
2.   ĐTBHK, ĐTBC và ĐTBCTL được làm tròn đến 0,01."
790/QĐ-ĐHCNTT,khoan,Khoản 1,,3/25/1,25001.0,Cách tính điểm trung bình ................................................................................................ 21
790/QĐ-ĐHCNTT,khoan,Khoản 1,,3/25/1,25001.0,"ĐTBHK, ĐTBC và ĐTBCTL được tính theo công thức:
1
1
n
i
i
i
n
i
i
a
n
A
n
=
=

= 

Trong đó:
+  A là ĐTBHK, ĐTBC hoặc ĐTBCTL
+  ai là điểm của môn học thứ i
+  ni là số tín chỉ học tập của môn học thứ i
+  n là tổng số môn học được tính."
790/QĐ-ĐHCNTT,khoan,Khoản 2,,3/25/2,25002.0,"ĐTBHK, ĐTBC và ĐTBCTL được làm tròn đến 0,01."
790/QĐ-ĐHCNTT,dieu,Điều 26,Công nhận và chuyển đổi tín chỉ ...................................................................................... 21,3/26,3026.0,Công nhận và chuyển đổi tín chỉ ...................................................................................... 21
790/QĐ-ĐHCNTT,dieu,Điều 26,Công nhận và chuyển đổi tín chỉ,3/26,3026.0,"1.  Trường có trách nhiệm cấp giấy chứng nhận kết quả môn học của sinh viên khi hoàn tất
quá trình học tập theo quy định.
2. Việc công nhận và chuyển đổi tín chỉ đối với đào tạo từ xa, văn bằng 2 và liên thông được
thực hiện theo nguyên tắc sau:
a) Sinh viên được công nhận và chuyển đổi tín chỉ đối với những môn học đã tích lũy có
từ 80% trở lên nội dung tương đương với nội dung môn học trong chương trình đào
tạo;
b) Căn cứ chương trình môn học và kết quả trên bảng điểm học tập của sinh viên, Hiệu
trưởng quyết định việc công nhận kết quả học tập, khối lượng kiến thức và các môn
học cần phải bổ sung.
3.  Việc công nhận và chuyển đổi tín chỉ của Trường đảm bảo các nguyên tắc sau:
a) Kết quả đối sánh chuẩn đầu ra, chương trình đào tạo và nội dung môn học là cơ sở cốt
lõi cho việc công nhận và chuyển đổi tín chỉ;
b) Thông qua ý kiến của đơn vị phụ trách chuyên môn các học phần có liên quan về việc
công nhận và chuyển đổi tín chỉ.
4.  Công nhận và chuyển đổi tín chỉ theo các quy định và ký kết khác giữa ĐHQG-HCM và
các đơn vị đối tác.
5.  Tổng số tín chỉ chương trình đào tạo chính quy của các cơ sở đào tạo ngoài trường được
công nhận và chuyển đổi không vượt quá 50% tổng số tín chỉ chương trình đào tạo của
trường.
Trang 22/27
6.  Khi sinh viên được chuyển từ chương trình chính quy của Trường sang chương trình đào
tạo từ xa của Trường thì được công nhận chuyển đổi tối đa số tín chỉ theo nguyên tắc tại
Khoản 3 của điều này."
790/QĐ-ĐHCNTT,khoan,Khoản 1,,3/26/1,26001.0,Công nhận và chuyển đổi tín chỉ ...................................................................................... 21
790/QĐ-ĐHCNTT,khoan,Khoản 1,,3/26/1,26001.0,"Trường có trách nhiệm cấp giấy chứng nhận kết quả môn học của sinh viên khi hoàn tất
quá trình học tập theo quy định."
790/QĐ-ĐHCNTT,khoan,Khoản 2,,3/26/2,26002.0,"Việc công nhận và chuyển đổi tín chỉ đối với đào tạo từ xa, văn bằng 2 và liên thông được
thực hiện theo nguyên tắc sau:
a) Sinh viên được công nhận và chuyển đổi tín chỉ đối với những môn học đã tích lũy có
từ 80% trở lên nội dung tương đương với nội dung môn học trong chương trình đào
tạo;
b) Căn cứ chương trình môn học và kết quả trên bảng điểm học tập của sinh viên, Hiệu
trưởng quyết định việc công nhận kết quả học tập, khối lượng kiến thức và các môn
học cần phải bổ sung."
790/QĐ-ĐHCNTT,diem,Điểm a),,3/26/2/a,26002.01,"Sinh viên được công nhận và chuyển đổi tín chỉ đối với những môn học đã tích lũy có
từ 80% trở lên nội dung tương đương với nội dung môn học trong chương trình đào
tạo;"
790/QĐ-ĐHCNTT,diem,Điểm b),,3/26/2/b,26002.02,"Căn cứ chương trình môn học và kết quả trên bảng điểm học tập của sinh viên, Hiệu
trưởng quyết định việc công nhận kết quả học tập, khối lượng kiến thức và các môn
học cần phải bổ sung."
790/QĐ-ĐHCNTT,khoan,Khoản 3,,3/26/3,26003.0,"Việc công nhận và chuyển đổi tín chỉ của Trường đảm bảo các nguyên tắc sau:
a) Kết quả đối sánh chuẩn đầu ra, chương trình đào tạo và nội dung môn học là cơ sở cốt
lõi cho việc công nhận và chuyển đổi tín chỉ;
b) Thông qua ý kiến của đơn vị phụ trách chuyên môn các học phần có liên quan về việc
công nhận và chuyển đổi tín chỉ."
790/QĐ-ĐHCNTT,diem,Điểm a),,3/26/3/a,26003.01,"Kết quả đối sánh chuẩn đầu ra, chương trình đào tạo và nội dung môn học là cơ sở cốt
lõi cho việc công nhận và chuyển đổi tín chỉ;"
790/QĐ-ĐHCNTT,diem,Điểm b),,3/26/3/b,26003.02,"Thông qua ý kiến của đơn vị phụ trách chuyên môn các học phần có liên quan về việc
công nhận và chuyển đổi tín chỉ."
790/QĐ-ĐHCNTT,khoan,Khoản 4,,3/26/4,26004.0,"Công nhận và chuyển đổi tín chỉ theo các quy định và ký kết khác giữa ĐHQG-HCM và
các đơn vị đối tác."
790/QĐ-ĐHCNTT,khoan,Khoản 5,,3/26/5,26005.0,"Tổng số tín chỉ chương trình đào tạo chính quy của các cơ sở đào tạo ngoài trường được
công nhận và chuyển đổi không vượt quá 50% tổng số tín chỉ chương trình đào tạo của
trường.
Trang 22/27"
790/QĐ-ĐHCNTT,khoan,Khoản 6,,3/26/6,26006.0,"Khi sinh viên được chuyển từ chương trình chính quy của Trường sang chương trình đào
tạo từ xa của Trường thì được công nhận chuyển đổi tối đa số tín chỉ theo nguyên tắc tại
Khoản 3 của điều này."
790/QĐ-ĐHCNTT,dieu,Điều 27,Cấp bảng điểm .................................................................................................................. 22,3/27,3027.0,Cấp bảng điểm .................................................................................................................. 22
790/QĐ-ĐHCNTT,dieu,Điều 27,Cấp bảng điểm,3/27,3027.0,"1. Trong quá trình học tập, sinh viên có thể đề nghị Trường cấp bảng điểm. Sinh viên thực
hiện theo hướng dẫn của P.ĐTĐH.
2.  Sau khi tốt nghiệp, sinh viên được cấp một bảng điểm kèm theo bằng tốt nghiệp.
Trang 23/27"
790/QĐ-ĐHCNTT,khoan,Khoản 1,,3/27/1,27001.0,Cấp bảng điểm .................................................................................................................. 22
790/QĐ-ĐHCNTT,khoan,Khoản 1,,3/27/1,27001.0,"Trong quá trình học tập, sinh viên có thể đề nghị Trường cấp bảng điểm. Sinh viên thực
hiện theo hướng dẫn của P.ĐTĐH."
790/QĐ-ĐHCNTT,khoan,Khoản 2,,3/27/2,27002.0,"Sau khi tốt nghiệp, sinh viên được cấp một bảng điểm kèm theo bằng tốt nghiệp.
Trang 23/27"
790/QĐ-ĐHCNTT,chuong,Chương 4,,4,4.0,
790/QĐ-ĐHCNTT,chuong,Chương 4,ỨNG DỤNG CÔNG NGHỆ THÔNG TIN TRONG,4,4.0,ỨNG DỤNG CÔNG NGHỆ THÔNG TIN TRONG
790/QĐ-ĐHCNTT,dieu,Điều 28,Ứng dụng công nghệ thông tin trong tổ chức đào tạo ...................................................... 23,4/28,4028.0,Ứng dụng công nghệ thông tin trong tổ chức đào tạo ...................................................... 23
790/QĐ-ĐHCNTT,dieu,Điều 28,Ứng dụng công nghệ thông tin trong tổ chức đào tạo,4/28,4028.0,"1.  Ứng dụng công nghệ thông tin trong tổ chức đào tạo qua mạng là việc sử dụng các trang
thiết bị điện tử, phần mềm, học liệu điện tử và mạng viễn thông (chủ yếu là mạng
Internet) cho các hoạt động giảng dạy và học tập nhằm đổi mới phương pháp dạy - học,
nâng cao hiệu quả công tác đào tạo.
2.  Môn học đào tạo qua mạng có thể được tổ chức đào tạo theo phương thức qua mạng
hoàn toàn (bao gồm cả phương thức trực tuyến) hoặc phương thức kết hợp đào tạo qua
mạng (chỉ triển khai một phần nội dung môn học qua mạng). Đơn vị quản lý chuyên môn
đối với môn học đào tạo qua mạng có trách nhiệm đảm bảo chất lượng giảng dạy và
đánh giá môn học không thấp hơn chất lượng lớp học theo phương thức trực tiếp.
3.  Đối với đào tạo theo hình thức chính quy, tối đa 30% tổng khối lượng của chương trình
đào tạo được thực hiện bằng phương thức qua mạng. Trong trường hợp thiên tai, dịch
bệnh phức tạp và các trường hợp bất khả kháng khác, Trường thực hiện theo hướng dẫn
của Bộ Giáo dục và Đào tạo và của ĐHQG-HCM.
4. Tổ chức giảng dạy và học theo phương thức trực tuyến thực hiện theo quy định giảng dạy
trực tuyến của Trường."
790/QĐ-ĐHCNTT,khoan,Khoản 1,,4/28/1,28001.0,Ứng dụng công nghệ thông tin trong tổ chức đào tạo ...................................................... 23
790/QĐ-ĐHCNTT,khoan,Khoản 1,,4/28/1,28001.0,"Ứng dụng công nghệ thông tin trong tổ chức đào tạo qua mạng là việc sử dụng các trang
thiết bị điện tử, phần mềm, học liệu điện tử và mạng viễn thông (chủ yếu là mạng
Internet) cho các hoạt động giảng dạy và học tập nhằm đổi mới phương pháp dạy - học,
nâng cao hiệu quả công tác đào tạo."
790/QĐ-ĐHCNTT,khoan,Khoản 2,,4/28/2,28002.0,"Môn học đào tạo qua mạng có thể được tổ chức đào tạo theo phương thức qua mạng
hoàn toàn (bao gồm cả phương thức trực tuyến) hoặc phương thức kết hợp đào tạo qua
mạng (chỉ triển khai một phần nội dung môn học qua mạng). Đơn vị quản lý chuyên môn
đối với môn học đào tạo qua mạng có trách nhiệm đảm bảo chất lượng giảng dạy và
đánh giá môn học không thấp hơn chất lượng lớp học theo phương thức trực tiếp."
790/QĐ-ĐHCNTT,khoan,Khoản 3,,4/28/3,28003.0,"Đối với đào tạo theo hình thức chính quy, tối đa 30% tổng khối lượng của chương trình
đào tạo được thực hiện bằng phương thức qua mạng. Trong trường hợp thiên tai, dịch
bệnh phức tạp và các trường hợp bất khả kháng khác, Trường thực hiện theo hướng dẫn
của Bộ Giáo dục và Đào tạo và của ĐHQG-HCM."
790/QĐ-ĐHCNTT,khoan,Khoản 4,,4/28/4,28004.0,"Tổ chức giảng dạy và học theo phương thức trực tuyến thực hiện theo quy định giảng dạy
trực tuyến của Trường."
790/QĐ-ĐHCNTT,dieu,Điều 29,Ứng dụng công nghệ thông tin trong quản lý cơ sở dữ liệu đào tạo ................................ 23,4/29,4029.0,Ứng dụng công nghệ thông tin trong quản lý cơ sở dữ liệu đào tạo ................................ 23
790/QĐ-ĐHCNTT,dieu,Điều 29,Ứng dụng công nghệ thông tin trong quản lý cơ sở dữ liệu đào tạo,4/29,4029.0,"1.  Ứng dụng công nghệ thông tin trong quản lý là việc sử dụng công nghệ thông tin vào
hoạt động quản lý nhằm nâng cao chất lượng, hiệu quả của hoạt động này. Các hoạt động
ứng dụng công nghệ thông tin trong quản lý bao gồm: quản lý công văn, giấy tờ và các
thông báo, quản lý giảng viên, phân công giảng dạy, lập thời khóa biểu cho toàn bộ các
lớp môn học, quản lý phòng học, quản lý cơ sở vật chất phục vụ giảng dạy, quản lý hồ sơ
sinh viên, giám sát đánh giá có tính định lượng sự vận hành của Trường.
2.  Việc quản lý hồ sơ sinh viên được thực hiện theo quy định về hồ sơ học sinh, sinh viên
và các quy định hiện hành của Bộ GD&ĐT về ứng dụng công nghệ thông tin trong quản
lý hồ sơ học sinh, sinh viên."
790/QĐ-ĐHCNTT,khoan,Khoản 1,,4/29/1,29001.0,Ứng dụng công nghệ thông tin trong quản lý cơ sở dữ liệu đào tạo ................................ 23
790/QĐ-ĐHCNTT,khoan,Khoản 1,,4/29/1,29001.0,"Ứng dụng công nghệ thông tin trong quản lý là việc sử dụng công nghệ thông tin vào
hoạt động quản lý nhằm nâng cao chất lượng, hiệu quả của hoạt động này. Các hoạt động
ứng dụng công nghệ thông tin trong quản lý bao gồm: quản lý công văn, giấy tờ và các
thông báo, quản lý giảng viên, phân công giảng dạy, lập thời khóa biểu cho toàn bộ các
lớp môn học, quản lý phòng học, quản lý cơ sở vật chất phục vụ giảng dạy, quản lý hồ sơ
sinh viên, giám sát đánh giá có tính định lượng sự vận hành của Trường."
790/QĐ-ĐHCNTT,khoan,Khoản 2,,4/29/2,29002.0,"Việc quản lý hồ sơ sinh viên được thực hiện theo quy định về hồ sơ học sinh, sinh viên
và các quy định hiện hành của Bộ GD&ĐT về ứng dụng công nghệ thông tin trong quản
lý hồ sơ học sinh, sinh viên."
790/QĐ-ĐHCNTT,dieu,Điều 30,Công bố thông tin ............................................................................................................. 23,4/30,4030.0,Công bố thông tin ............................................................................................................. 23
790/QĐ-ĐHCNTT,dieu,Điều 30,Công bố thông tin,4/30,4030.0,"1.  Trường xây dựng trang thông tin điện tử để công bố công khai chuẩn đầu ra, nội dung
chương trình đào tạo, điều kiện đảm bảo chất lượng đào tạo tương ứng với quy mô theo
chỉ tiêu hàng năm, quy định học vụ và cho phép người sử dụng tra cứu thông tin cơ bản
của sinh viên tốt nghiệp theo số hiệu tương ứng trên văn bằng chứng chỉ do Trường cấp.
2.  Hộp thư điện tử (email) được Trường cung cấp cho từng sinh viên vào thời điểm nhập
học là kênh giao tiếp chính thức giữa Trường với sinh viên.
Trang 24/27"
790/QĐ-ĐHCNTT,khoan,Khoản 1,,4/30/1,30001.0,Công bố thông tin ............................................................................................................. 23
790/QĐ-ĐHCNTT,khoan,Khoản 1,,4/30/1,30001.0,"Trường xây dựng trang thông tin điện tử để công bố công khai chuẩn đầu ra, nội dung
chương trình đào tạo, điều kiện đảm bảo chất lượng đào tạo tương ứng với quy mô theo
chỉ tiêu hàng năm, quy định học vụ và cho phép người sử dụng tra cứu thông tin cơ bản
của sinh viên tốt nghiệp theo số hiệu tương ứng trên văn bằng chứng chỉ do Trường cấp."
790/QĐ-ĐHCNTT,khoan,Khoản 2,,4/30/2,30002.0,"Hộp thư điện tử (email) được Trường cung cấp cho từng sinh viên vào thời điểm nhập
học là kênh giao tiếp chính thức giữa Trường với sinh viên.
Trang 24/27"
790/QĐ-ĐHCNTT,chuong,Chương 5,,5,5.0,
790/QĐ-ĐHCNTT,chuong,Chương 5,"THỰC TẬP, KHÓA LUẬN TỐT NGHIỆP VÀ CÔNG",5,5.0,"THỰC TẬP, KHÓA LUẬN TỐT NGHIỆP VÀ CÔNG"
790/QĐ-ĐHCNTT,dieu,Điều 31,"Thực tập, khóa luận tốt nghiệp và chuyên đề tốt nghiệp .................................................. 24",5/31,5031.0,"Thực tập, khóa luận tốt nghiệp và chuyên đề tốt nghiệp .................................................. 24"
790/QĐ-ĐHCNTT,dieu,Điều 31,"Thực tập, khóa luận tốt nghiệp và chuyên đề tốt nghiệp",5/31,5031.0,"1.  Thực tập
- Học phần Thực tập doanh nghiệp là học phần đặc biệt trong một số chương trình đào
tạo của Trường. Theo đó, sinh viên đến thực tập tại doanh nghiệp dưới sự hướng dẫn
của một giảng viên do khoa/bộ môn quản lý ngành đào tạo phân công.
- Khoa/bộ môn quản lý ngành đào tạo tổ chức báo cáo kết quả thực tập doanh nghiệp
cuối mỗi học kỳ có mở học phần Thực tập doanh nghiệp.
- Sinh viên đăng ký học phần Thực tập doanh nghiệp trong học kỳ nào thì báo cáo kết
quả thực tập vào cuối học kỳ đó theo kế hoạch của khoa/bộ môn quản lý ngành đào
tạo. Nếu sinh viên không báo cáo vào đúng đợt báo cáo của học kỳ đã đăng ký thì
xem như không đạt học phần này và nhận điểm không (0). Sinh viên phải đăng ký
học lại vào các học kỳ tiếp theo.
2.  Để hoàn tất chương trình giáo dục bậc đại học, sinh viên phải thực hiện khóa luận tốt
nghiệp hoặc học các môn chuyên đề tốt nghiệp. Quy định về các môn chuyên đề tốt
nghiệp được ghi rõ trong chương trình đào tạo.
3.  Làm khóa luận tốt nghiệp
- Vào đầu mỗi học kỳ chính, sinh viên đủ điều kiện quy định có thể đăng ký làm khóa
luận tốt nghiệp theo quy trình đăng ký học phần.
- Sinh viên chương trình tiên tiến và chương trình tài năng bắt buộc phải làm khóa luận
tốt nghiệp.
- Sinh viên chương trình chuẩn được làm khóa luận tốt nghiệp khi thỏa các yêu cầu
sau:
▪ Không được phép nợ quá 8 tín chỉ theo chương trình đào tạo.
▪ Có ĐTBC tính đến thời điểm xét làm khóa luận tốt nghiệp tối thiểu 6,5 hoặc
cao hơn theo yêu cầu cụ thể của khoa/bộ môn quản lý ngành đào tạo.
▪ Trường hợp đặc biệt do Hiệu trưởng quyết định.
-
Sinh viên đủ điều kiện làm khóa luận được khoa/bộ môn quản lý ngành đào tạo giao
đề tài khóa luận tốt nghiệp. Căn cứ đề nghị của Trưởng khoa/Trưởng bộ môn quản lý
ngành đào tạo và Trưởng P.ĐTĐH, Hiệu trưởng ra quyết định giao nhiệm vụ hướng
dẫn khóa luận tốt nghiệp.
- Sinh viên thực hiện khóa luận tốt nghiệp trong thời gian là một học kỳ chính.
- Sinh viên chỉ được bảo vệ khóa luận khi đã hoàn thành khóa luận và được sự đồng ý
bằng văn bản của cán bộ hướng dẫn.
- Hằng năm có 2 đợt bảo vệ khóa luận tốt nghiệp được xác định cụ thể trên kế hoạch
đào tạo của Trường. Nếu hết thời gian thực hiện khóa luận theo quy định mà sinh
viên không ra bảo vệ hoặc không được cán bộ hướng dẫn đồng ý cho ra bảo vệ vào
đúng đợt chính thức xem như không đạt học phần này, điểm được ghi là không (0).
Trang 25/27"
790/QĐ-ĐHCNTT,khoan,Khoản 1,,5/31/1,31001.0,"Thực tập, khóa luận tốt nghiệp và chuyên đề tốt nghiệp .................................................. 24"
790/QĐ-ĐHCNTT,khoan,Khoản 1,,5/31/1,31001.0,"Thực tập
- Học phần Thực tập doanh nghiệp là học phần đặc biệt trong một số chương trình đào
tạo của Trường. Theo đó, sinh viên đến thực tập tại doanh nghiệp dưới sự hướng dẫn
của một giảng viên do khoa/bộ môn quản lý ngành đào tạo phân công.
- Khoa/bộ môn quản lý ngành đào tạo tổ chức báo cáo kết quả thực tập doanh nghiệp
cuối mỗi học kỳ có mở học phần Thực tập doanh nghiệp.
- Sinh viên đăng ký học phần Thực tập doanh nghiệp trong học kỳ nào thì báo cáo kết
quả thực tập vào cuối học kỳ đó theo kế hoạch của khoa/bộ môn quản lý ngành đào
tạo. Nếu sinh viên không báo cáo vào đúng đợt báo cáo của học kỳ đã đăng ký thì
xem như không đạt học phần này và nhận điểm không (0). Sinh viên phải đăng ký
học lại vào các học kỳ tiếp theo."
790/QĐ-ĐHCNTT,khoan,Khoản 2,,5/31/2,31002.0,"Để hoàn tất chương trình giáo dục bậc đại học, sinh viên phải thực hiện khóa luận tốt
nghiệp hoặc học các môn chuyên đề tốt nghiệp. Quy định về các môn chuyên đề tốt
nghiệp được ghi rõ trong chương trình đào tạo."
790/QĐ-ĐHCNTT,khoan,Khoản 3,,5/31/3,31003.0,"Làm khóa luận tốt nghiệp
- Vào đầu mỗi học kỳ chính, sinh viên đủ điều kiện quy định có thể đăng ký làm khóa
luận tốt nghiệp theo quy trình đăng ký học phần.
- Sinh viên chương trình tiên tiến và chương trình tài năng bắt buộc phải làm khóa luận
tốt nghiệp.
- Sinh viên chương trình chuẩn được làm khóa luận tốt nghiệp khi thỏa các yêu cầu
sau:
▪ Không được phép nợ quá 8 tín chỉ theo chương trình đào tạo.
▪ Có ĐTBC tính đến thời điểm xét làm khóa luận tốt nghiệp tối thiểu 6,5 hoặc
cao hơn theo yêu cầu cụ thể của khoa/bộ môn quản lý ngành đào tạo.
▪ Trường hợp đặc biệt do Hiệu trưởng quyết định.
-
Sinh viên đủ điều kiện làm khóa luận được khoa/bộ môn quản lý ngành đào tạo giao
đề tài khóa luận tốt nghiệp. Căn cứ đề nghị của Trưởng khoa/Trưởng bộ môn quản lý
ngành đào tạo và Trưởng P.ĐTĐH, Hiệu trưởng ra quyết định giao nhiệm vụ hướng
dẫn khóa luận tốt nghiệp.
- Sinh viên thực hiện khóa luận tốt nghiệp trong thời gian là một học kỳ chính.
- Sinh viên chỉ được bảo vệ khóa luận khi đã hoàn thành khóa luận và được sự đồng ý
bằng văn bản của cán bộ hướng dẫn.
- Hằng năm có 2 đợt bảo vệ khóa luận tốt nghiệp được xác định cụ thể trên kế hoạch
đào tạo của Trường. Nếu hết thời gian thực hiện khóa luận theo quy định mà sinh
viên không ra bảo vệ hoặc không được cán bộ hướng dẫn đồng ý cho ra bảo vệ vào
đúng đợt chính thức xem như không đạt học phần này, điểm được ghi là không (0).
Trang 25/27"
790/QĐ-ĐHCNTT,dieu,Điều 32,"Chấm thực tập, khóa luận tốt nghiệp ................................................................................ 25",5/32,5032.0,"Chấm thực tập, khóa luận tốt nghiệp ................................................................................ 25"
790/QĐ-ĐHCNTT,dieu,Điều 32,"Chấm thực tập, khóa luận tốt nghiệp",5/32,5032.0,"1. Chấm thực tập doanh nghiệp :
Trưởng khoa tổ chức hội đồng chấm kết quả thực tập doanh nghiệp. Số thành viên của
hội đồng chấm thực tập doanh nghiệp là 3 người.
Điểm chấm thực tập doanh nghiệp của mỗi thành viên hội đồng được cho theo thang
điểm 10 (làm tròn đến 0,5); điểm tổng kết là trung bình cộng làm tròn đến 0,1 của các
thành viên hội đồng (không tính hệ số).
2. Chấm khóa luận tốt nghiệp:
Việc chấm kết quả khóa luận tốt nghiệp được thực hiện bởi hội đồng do khoa/bộ môn
quản lý ngành đào tạo đề nghị và Hiệu trưởng ký quyết định thành lập. Số thành viên
của hội đồng chấm khóa luận tốt nghiệp là 3 người, bao gồm: chủ tịch, ủy viên thư
ký và ủy viên. Cán bộ hướng dẫn không được là thành viên hội đồng. Chủ tịch và ủy
viên thư ký hội đồng không được kiêm nhiệm vai trò phản biện. Thành viên của hội
đồng là giảng viên của Trường hoặc có thể mời những người có chuyên môn phù hợp
ở ngoài Trường.
Điểm chấm khóa luận cho theo thang điểm 10 (lẻ đến 0,5) của mỗi thành viên hội
đồng, người hướng dẫn và người phản biện. Điểm tổng kết là trung bình cộng (làm
tròn đến 0,1), trong đó :
o Điểm được cho bởi các thành viên hội đồng không phải là người phản biện có
hệ số 1.
o Điểm được cho bởi người hướng dẫn và người phản biện có hệ số 2.
Các quy định chi tiết khác về khóa luận tốt nghiệp có quy định riêng.
3.  Kết quả chấm thực tập, khóa luận tốt nghiệp phải được công bố chậm nhất trong vòng 01
tuần sau ngày báo cáo thực tập/bảo vệ khóa luận tốt nghiệp."
790/QĐ-ĐHCNTT,khoan,Khoản 1,,5/32/1,32001.0,"Chấm thực tập, khóa luận tốt nghiệp ................................................................................ 25"
790/QĐ-ĐHCNTT,khoan,Khoản 1,,5/32/1,32001.0,"Chấm thực tập doanh nghiệp :
Trưởng khoa tổ chức hội đồng chấm kết quả thực tập doanh nghiệp. Số thành viên của
hội đồng chấm thực tập doanh nghiệp là 3 người.
Điểm chấm thực tập doanh nghiệp của mỗi thành viên hội đồng được cho theo thang
điểm 10 (làm tròn đến 0,5); điểm tổng kết là trung bình cộng làm tròn đến 0,1 của các
thành viên hội đồng (không tính hệ số)."
790/QĐ-ĐHCNTT,khoan,Khoản 2,,5/32/2,32002.0,"Chấm khóa luận tốt nghiệp:
Việc chấm kết quả khóa luận tốt nghiệp được thực hiện bởi hội đồng do khoa/bộ môn
quản lý ngành đào tạo đề nghị và Hiệu trưởng ký quyết định thành lập. Số thành viên
của hội đồng chấm khóa luận tốt nghiệp là 3 người, bao gồm: chủ tịch, ủy viên thư
ký và ủy viên. Cán bộ hướng dẫn không được là thành viên hội đồng. Chủ tịch và ủy
viên thư ký hội đồng không được kiêm nhiệm vai trò phản biện. Thành viên của hội
đồng là giảng viên của Trường hoặc có thể mời những người có chuyên môn phù hợp
ở ngoài Trường.
Điểm chấm khóa luận cho theo thang điểm 10 (lẻ đến 0,5) của mỗi thành viên hội
đồng, người hướng dẫn và người phản biện. Điểm tổng kết là trung bình cộng (làm
tròn đến 0,1), trong đó :
o Điểm được cho bởi các thành viên hội đồng không phải là người phản biện có
hệ số 1.
o Điểm được cho bởi người hướng dẫn và người phản biện có hệ số 2.
Các quy định chi tiết khác về khóa luận tốt nghiệp có quy định riêng."
790/QĐ-ĐHCNTT,khoan,Khoản 3,,5/32/3,32003.0,"Kết quả chấm thực tập, khóa luận tốt nghiệp phải được công bố chậm nhất trong vòng 01
tuần sau ngày báo cáo thực tập/bảo vệ khóa luận tốt nghiệp."
790/QĐ-ĐHCNTT,dieu,Điều 33,Điều kiện xét tốt nghiệp và công nhận tốt nghiệp ............................................................ 25,5/33,5033.0,Điều kiện xét tốt nghiệp và công nhận tốt nghiệp ............................................................ 25
790/QĐ-ĐHCNTT,dieu,Điều 33,Điều kiện xét tốt nghiệp và công nhận tốt nghiệp,5/33,5033.0,"1.  Mỗi năm Trường có 4 đợt xét tốt nghiệp và cấp bằng tốt nghiệp đại học, lịch xét tốt
nghiệp được ghi trong kế hoạch năm học. Để được Trường xét cấp bằng tốt nghiệp, sinh
viên nộp hồ sơ đề nghị xét tốt nghiệp khi đã đáp ứng đủ các điều kiện sau đây:
- Cho đến thời điểm xét tốt nghiệp, sinh viên không đang trong thời gian bị truy cứu
trách nhiệm hình sự hoặc bị kỷ luật từ mức đình chỉ học tập trở lên.
- Đã hoàn thành nghĩa vụ học phí.
- Đã hoàn thành các môn học, tích lũy đủ số tín chỉ theo đúng chương trình đào tạo.
- Đã hoàn thành các môn học Giáo dục thể chất.
- Có chứng chỉ Giáo dục quốc phòng-An ninh.
- Đạt chuẩn ngoại ngữ xét tốt nghiệp.
- Đạt điểm rèn luyện tích lũy tối thiểu là 50 điểm.
- Đã hoàn trả sách mượn cho Thư viện.
2.   Căn cứ biên bản và đề nghị của Hội đồng xét tốt nghiệp, Hiệu trưởng ký quyết định
công nhận tốt nghiệp cho những sinh viên đủ điều kiện theo quy định.
Trang 26/27
3. Hội đồng xét tốt nghiệp do Hiệu trưởng hoặc Phó Hiệu trưởng được Hiệu trưởng ủy
quyền làm Chủ tịch, Trưởng phòng hoặc Phó Trưởng phòng Đào tạo Đại học làm thư ký;
các thành viên khác là lãnh đạo các khoa quản lý ngành đào tạo, lãnh đạo Phòng Công
tác Sinh viên.
4. Sinh viên đủ điều kiện tốt nghiệp được Hiệu trưởng ra quyết định công nhận tốt nghiệp và
được cấp bằng tốt nghiệp trong vòng 03 tháng tính từ ngày có quyết định công nhận tốt
nghiệp."
790/QĐ-ĐHCNTT,khoan,Khoản 1,,5/33/1,33001.0,Điều kiện xét tốt nghiệp và công nhận tốt nghiệp ............................................................ 25
790/QĐ-ĐHCNTT,khoan,Khoản 1,,5/33/1,33001.0,"Mỗi năm Trường có 4 đợt xét tốt nghiệp và cấp bằng tốt nghiệp đại học, lịch xét tốt
nghiệp được ghi trong kế hoạch năm học. Để được Trường xét cấp bằng tốt nghiệp, sinh
viên nộp hồ sơ đề nghị xét tốt nghiệp khi đã đáp ứng đủ các điều kiện sau đây:
- Cho đến thời điểm xét tốt nghiệp, sinh viên không đang trong thời gian bị truy cứu
trách nhiệm hình sự hoặc bị kỷ luật từ mức đình chỉ học tập trở lên.
- Đã hoàn thành nghĩa vụ học phí.
- Đã hoàn thành các môn học, tích lũy đủ số tín chỉ theo đúng chương trình đào tạo.
- Đã hoàn thành các môn học Giáo dục thể chất.
- Có chứng chỉ Giáo dục quốc phòng-An ninh.
- Đạt chuẩn ngoại ngữ xét tốt nghiệp.
- Đạt điểm rèn luyện tích lũy tối thiểu là 50 điểm.
- Đã hoàn trả sách mượn cho Thư viện."
790/QĐ-ĐHCNTT,khoan,Khoản 2,,5/33/2,33002.0,"Căn cứ biên bản và đề nghị của Hội đồng xét tốt nghiệp, Hiệu trưởng ký quyết định
công nhận tốt nghiệp cho những sinh viên đủ điều kiện theo quy định.
Trang 26/27"
790/QĐ-ĐHCNTT,khoan,Khoản 3,,5/33/3,33003.0,"Hội đồng xét tốt nghiệp do Hiệu trưởng hoặc Phó Hiệu trưởng được Hiệu trưởng ủy
quyền làm Chủ tịch, Trưởng phòng hoặc Phó Trưởng phòng Đào tạo Đại học làm thư ký;
các thành viên khác là lãnh đạo các khoa quản lý ngành đào tạo, lãnh đạo Phòng Công
tác Sinh viên."
790/QĐ-ĐHCNTT,khoan,Khoản 4,,5/33/4,33004.0,"Sinh viên đủ điều kiện tốt nghiệp được Hiệu trưởng ra quyết định công nhận tốt nghiệp và
được cấp bằng tốt nghiệp trong vòng 03 tháng tính từ ngày có quyết định công nhận tốt
nghiệp."
790/QĐ-ĐHCNTT,dieu,Điều 34,Cấp bằng tốt nghiệp .......................................................................................................... 26,5/34,5034.0,Cấp bằng tốt nghiệp .......................................................................................................... 26
790/QĐ-ĐHCNTT,dieu,Điều 34,Cấp bằng tốt nghiệp,5/34,5034.0,"1.   Bằng tốt nghiệp được cấp theo ngành đào tạo. Bằng chỉ được cấp cho sinh viên khi đã
ghi đầy đủ, chính xác các nội dung trên bằng.
2.   Xếp loại tốt nghiệp được xác định dựa trên ĐTBCTL theo bảng xếp loại quy định tại
Khoản 1, Điều 21 của Quy chế này. Riêng đối với những sinh viên có kết quả học tập
toàn khóa đạt ""Xuất sắc"", loại tốt nghiệp sẽ giảm xuống 1 bậc nếu rơi vào các trường
hợp sau (nếu đồng thời rơi vào nhiều trường hợp thì cũng chỉ giảm 1 bậc):
- Có thời gian học tập tại Trường vượt quá 02 học kỳ so với thời gian thiết kế
chương trình đào tạo.
- Trong thời gian học, đã bị kỷ luật mức cảnh cáo trở lên.
- Có số tín chỉ học lại vượt quá 5% tổng số tín chỉ toàn khóa.
- Điểm rèn luyện toàn khóa học < 75 điểm.
3.  Kết quả học tập của sinh viên phải được ghi vào bảng điểm theo từng học phần. Trong
bảng điểm ghi rõ chuyên ngành (nếu có) và điểm rèn luyện toàn khóa học.
4.   Những sinh viên không đủ điều kiện cấp bằng tốt nghiệp nhưng chưa hết thời gian tối đa
được phép học, được bảo lưu các học phần có kết quả đạt. Trong thời gian tối đa được
phép học như quy định tại Khoản 2, Điều 6 của Quy chế này, sinh viên được đăng ký
học lại những học phần chưa đạt hoặc chưa học.
5. Trường hợp sinh viên được cho thôi học theo mục b Khoản 3 Điều 16 của quy chế này
sinh viên được hoàn thiện các điều kiện còn thiếu và đề nghị xét công nhận tốt nghiệp.
6.   Những sinh viên đã hết thời hạn tối đa được phép học nhưng không đủ điều kiện cấp
bằng tốt nghiệp hoặc đã thôi học được đề nghị Trường cấp giấy chứng nhận kết quả học
tập của các học phần đã tích lũy trong quá trình học tại Trường.
Trang 27/27"
790/QĐ-ĐHCNTT,khoan,Khoản 1,,5/34/1,34001.0,Cấp bằng tốt nghiệp .......................................................................................................... 26
790/QĐ-ĐHCNTT,khoan,Khoản 1,,5/34/1,34001.0,"Bằng tốt nghiệp được cấp theo ngành đào tạo. Bằng chỉ được cấp cho sinh viên khi đã
ghi đầy đủ, chính xác các nội dung trên bằng."
790/QĐ-ĐHCNTT,khoan,Khoản 2,,5/34/2,34002.0,"Xếp loại tốt nghiệp được xác định dựa trên ĐTBCTL theo bảng xếp loại quy định tại
Khoản 1, Điều 21 của Quy chế này. Riêng đối với những sinh viên có kết quả học tập
toàn khóa đạt ""Xuất sắc"", loại tốt nghiệp sẽ giảm xuống 1 bậc nếu rơi vào các trường
hợp sau (nếu đồng thời rơi vào nhiều trường hợp thì cũng chỉ giảm 1 bậc):
- Có thời gian học tập tại Trường vượt quá 02 học kỳ so với thời gian thiết kế
chương trình đào tạo.
- Trong thời gian học, đã bị kỷ luật mức cảnh cáo trở lên.
- Có số tín chỉ học lại vượt quá 5% tổng số tín chỉ toàn khóa.
- Điểm rèn luyện toàn khóa học < 75 điểm."
790/QĐ-ĐHCNTT,khoan,Khoản 3,,5/34/3,34003.0,"Kết quả học tập của sinh viên phải được ghi vào bảng điểm theo từng học phần. Trong
bảng điểm ghi rõ chuyên ngành (nếu có) và điểm rèn luyện toàn khóa học."
790/QĐ-ĐHCNTT,khoan,Khoản 4,,5/34/4,34004.0,"Những sinh viên không đủ điều kiện cấp bằng tốt nghiệp nhưng chưa hết thời gian tối đa
được phép học, được bảo lưu các học phần có kết quả đạt. Trong thời gian tối đa được
phép học như quy định tại Khoản 2, Điều 6 của Quy chế này, sinh viên được đăng ký
học lại những học phần chưa đạt hoặc chưa học."
790/QĐ-ĐHCNTT,khoan,Khoản 5,,5/34/5,34005.0,"Trường hợp sinh viên được cho thôi học theo mục b Khoản 3 Điều 16 của quy chế này
sinh viên được hoàn thiện các điều kiện còn thiếu và đề nghị xét công nhận tốt nghiệp."
790/QĐ-ĐHCNTT,khoan,Khoản 6,,5/34/6,34006.0,"Những sinh viên đã hết thời hạn tối đa được phép học nhưng không đủ điều kiện cấp
bằng tốt nghiệp hoặc đã thôi học được đề nghị Trường cấp giấy chứng nhận kết quả học
tập của các học phần đã tích lũy trong quá trình học tại Trường.
Trang 27/27"
790/QĐ-ĐHCNTT,chuong,Chương 6,,6,6.0,
790/QĐ-ĐHCNTT,chuong,Chương 6,ĐIỀU KHOẢN THI HÀNH,6,6.0,ĐIỀU KHOẢN THI HÀNH
